<?xml version="1.0" encoding="UTF-8"?>
<osm version="0.6" generator="Overpass API 0.7.62.1 084b4234">
<note>The data included in this document is from www.openstreetmap.org. The data is made available under ODbL.</note>
<meta osm_base="2024-10-14T00:15:00Z"/>

  <bounds minlat="35.9490776" minlon="-86.5369159" maxlat="35.9580900" maxlon="-86.5258314"/>

  <node id="203430849" lat="35.9375608" lon="-86.5238990" version="3" timestamp="2011-04-05T18:16:51Z" changeset="7777563" uid="42429" user="42429">
    <tag k="power" v="tower"/>
  </node>
  <node id="203430886" lat="35.9169538" lon="-86.5037158" version="3" timestamp="2011-04-06T05:24:16Z" changeset="7781214" uid="42429" user="42429">
    <tag k="power" v="tower"/>
  </node>
  <node id="203449542" lat="35.9580067" lon="-86.5283343" version="3" timestamp="2013-06-07T16:05:52Z" changeset="16458944" uid="1200598" user="cartodrummer"/>
  <node id="203449553" lat="35.9574736" lon="-86.5282367" version="3" timestamp="2013-06-07T16:05:52Z" changeset="16458944" uid="1200598" user="cartodrummer"/>
  <node id="203478650" lat="35.9619753" lon="-86.5268382" version="3" timestamp="2013-06-07T16:05:51Z" changeset="16458944" uid="1200598" user="cartodrummer"/>
  <node id="203478656" lat="35.9617384" lon="-86.5271797" version="3" timestamp="2013-06-07T16:05:52Z" changeset="16458944" uid="1200598" user="cartodrummer"/>
  <node id="203478659" lat="35.9614554" lon="-86.5274074" version="3" timestamp="2013-06-07T16:05:52Z" changeset="16458944" uid="1200598" user="cartodrummer"/>
  <node id="203478661" lat="35.9611527" lon="-86.5274724" version="3" timestamp="2013-06-07T16:05:52Z" changeset="16458944" uid="1200598" user="cartodrummer"/>
  <node id="203478662" lat="35.9600075" lon="-86.5273993" version="3" timestamp="2013-06-07T16:05:51Z" changeset="16458944" uid="1200598" user="cartodrummer"/>
  <node id="203478666" lat="35.9588097" lon="-86.5273017" version="3" timestamp="2013-06-07T16:05:52Z" changeset="16458944" uid="1200598" user="cartodrummer"/>
  <node id="203478669" lat="35.9580396" lon="-86.5272610" version="3" timestamp="2013-06-07T16:05:51Z" changeset="16458944" uid="1200598" user="cartodrummer"/>
  <node id="203488972" lat="35.9451606" lon="-86.5304324" version="3" timestamp="2013-09-30T16:25:36Z" changeset="18113611" uid="510836" user="Rub21"/>
  <node id="203491250" lat="35.9550548" lon="-86.5220329" version="3" timestamp="2013-09-30T16:02:15Z" changeset="18113252" uid="510836" user="Rub21"/>
  <node id="203491258" lat="35.9552408" lon="-86.5224456" version="3" timestamp="2013-09-30T16:02:15Z" changeset="18113252" uid="510836" user="Rub21"/>
  <node id="203505474" lat="35.9383474" lon="-86.5288239" version="5" timestamp="2023-08-20T01:56:50Z" changeset="140115418" uid="10944197" user="Joseph R P">
    <tag k="highway" v="traffic_signals"/>
    <tag k="traffic_signals" v="signal"/>
  </node>
  <node id="203505478" lat="35.9390449" lon="-86.5291919" version="3" timestamp="2009-11-18T17:46:57Z" changeset="3152684" uid="147510" user="woodpeck_fixbot"/>
  <node id="203505484" lat="35.9402845" lon="-86.5293454" version="5" timestamp="2015-04-18T22:33:07Z" changeset="30317927" uid="371121" user="AndrewSnow"/>
  <node id="203505505" lat="35.9408151" lon="-86.5291822" version="6" timestamp="2021-09-27T01:56:02Z" changeset="111744949" uid="12842151" user="DLance"/>
  <node id="203505511" lat="35.9414108" lon="-86.5289496" version="4" timestamp="2015-04-18T22:33:07Z" changeset="30317927" uid="371121" user="AndrewSnow"/>
  <node id="203505526" lat="35.9450131" lon="-86.5274219" version="4" timestamp="2015-04-18T22:33:07Z" changeset="30317927" uid="371121" user="AndrewSnow"/>
  <node id="203505537" lat="35.9474350" lon="-86.5270036" version="4" timestamp="2015-04-18T22:33:07Z" changeset="30317927" uid="371121" user="AndrewSnow"/>
  <node id="203505544" lat="35.9484291" lon="-86.5267891" version="4" timestamp="2019-01-21T09:29:03Z" changeset="66497892" uid="8476269" user="sskalyan"/>
  <node id="203505547" lat="35.9508083" lon="-86.5251650" version="3" timestamp="2013-09-30T16:33:33Z" changeset="18113744" uid="510836" user="Rub21"/>
  <node id="203505549" lat="35.9510553" lon="-86.5249900" version="3" timestamp="2013-09-30T16:33:33Z" changeset="18113744" uid="510836" user="Rub21"/>
  <node id="203505551" lat="35.9512550" lon="-86.5248504" version="3" timestamp="2013-09-30T16:02:15Z" changeset="18113252" uid="510836" user="Rub21"/>
  <node id="203505553" lat="35.9532208" lon="-86.5233865" version="3" timestamp="2013-09-30T16:02:15Z" changeset="18113252" uid="510836" user="Rub21"/>
  <node id="203505558" lat="35.9561642" lon="-86.5212257" version="3" timestamp="2013-06-07T16:05:48Z" changeset="16458944" uid="1200598" user="cartodrummer"/>
  <node id="203505560" lat="35.9568248" lon="-86.5209634" version="3" timestamp="2013-06-07T16:05:48Z" changeset="16458944" uid="1200598" user="cartodrummer"/>
  <node id="203505563" lat="35.9573722" lon="-86.5208526" version="3" timestamp="2013-06-07T16:05:48Z" changeset="16458944" uid="1200598" user="cartodrummer"/>
  <node id="203511952" lat="35.9576579" lon="-86.5233826" version="3" timestamp="2013-06-07T16:05:51Z" changeset="16458944" uid="1200598" user="cartodrummer"/>
  <node id="203511958" lat="35.9577830" lon="-86.5257975" version="3" timestamp="2013-06-07T16:05:51Z" changeset="16458944" uid="1200598" user="cartodrummer"/>
  <node id="203520514" lat="35.9607907" lon="-86.5284563" version="3" timestamp="2013-06-07T16:05:52Z" changeset="16458944" uid="1200598" user="cartodrummer"/>
  <node id="203520558" lat="35.9617187" lon="-86.5285132" version="3" timestamp="2013-06-07T16:05:52Z" changeset="16458944" uid="1200598" user="cartodrummer"/>
  <node id="203520562" lat="35.9619951" lon="-86.5284807" version="3" timestamp="2013-06-07T16:05:52Z" changeset="16458944" uid="1200598" user="cartodrummer"/>
  <node id="203520564" lat="35.9622320" lon="-86.5283587" version="3" timestamp="2013-06-07T16:05:52Z" changeset="16458944" uid="1200598" user="cartodrummer"/>
  <node id="203520570" lat="35.9624558" lon="-86.5281554" version="3" timestamp="2013-06-07T16:05:52Z" changeset="16458944" uid="1200598" user="cartodrummer"/>
  <node id="203520572" lat="35.9627980" lon="-86.5276595" version="3" timestamp="2013-06-07T16:05:52Z" changeset="16458944" uid="1200598" user="cartodrummer"/>
  <node id="203539207" lat="35.9497160" lon="-86.5266169" version="4" timestamp="2019-01-21T09:29:03Z" changeset="66497892" uid="8476269" user="sskalyan"/>
  <node id="203539210" lat="35.9514084" lon="-86.5262326" version="3" timestamp="2013-09-30T16:25:36Z" changeset="18113611" uid="510836" user="Rub21"/>
  <node id="203542882" lat="35.9513630" lon="-86.5257116" version="3" timestamp="2013-09-30T16:05:13Z" changeset="18113285" uid="510836" user="Rub21"/>
  <node id="203544276" lat="35.9448560" lon="-86.5304042" version="3" timestamp="2011-04-11T21:55:29Z" changeset="7837951" uid="6424" user="Lambertus"/>
  <node id="203544278" lat="35.9465315" lon="-86.5305596" version="3" timestamp="2013-09-30T16:25:36Z" changeset="18113611" uid="510836" user="Rub21"/>
  <node id="203597331" lat="35.9514907" lon="-86.5268370" version="3" timestamp="2013-09-30T16:25:36Z" changeset="18113611" uid="510836" user="Rub21"/>
  <node id="203599686" lat="35.9485308" lon="-86.5269804" version="5" timestamp="2021-03-15T02:13:07Z" changeset="101013671" uid="12497850" user="unikingr"/>
  <node id="203599698" lat="35.9484900" lon="-86.5268640" version="3" timestamp="2021-03-15T02:13:07Z" changeset="101013671" uid="12497850" user="unikingr"/>
  <node id="356893226" lat="35.9514527" lon="-86.5305491" version="2" timestamp="2024-05-15T11:51:16Z" changeset="151356735" uid="3199858" user="Mateusz Konieczny - bot account">
    <tag k="amenity" v="grave_yard"/>
    <tag k="ele" v="165"/>
    <tag k="gnis:feature_id" v="1645714"/>
    <tag k="name" v="James Cemetery"/>
  </node>
  <node id="503511133" lat="35.9395796" lon="-86.5293454" version="2" timestamp="2015-04-18T22:33:09Z" changeset="30317927" uid="371121" user="AndrewSnow"/>
  <node id="1233809502" lat="35.9669161" lon="-86.5285939" version="1" timestamp="2011-04-05T17:07:06Z" changeset="7776823" uid="42429" user="42429">
    <tag k="power" v="tower"/>
  </node>
  <node id="1233897755" lat="35.9587402" lon="-86.5290053" version="1" timestamp="2011-04-05T18:16:51Z" changeset="7777563" uid="42429" user="42429">
    <tag k="power" v="tower"/>
  </node>
  <node id="1233897756" lat="35.9527301" lon="-86.5287461" version="1" timestamp="2011-04-05T18:16:51Z" changeset="7777563" uid="42429" user="42429">
    <tag k="power" v="tower"/>
  </node>
  <node id="1233897759" lat="35.9412074" lon="-86.5264150" version="1" timestamp="2011-04-05T18:16:51Z" changeset="7777563" uid="42429" user="42429">
    <tag k="power" v="tower"/>
  </node>
  <node id="1233897762" lat="35.9340153" lon="-86.5207522" version="2" timestamp="2011-04-06T05:24:16Z" changeset="7781214" uid="42429" user="42429">
    <tag k="power" v="tower"/>
  </node>
  <node id="1233897764" lat="35.9466202" lon="-86.5284825" version="1" timestamp="2011-04-05T18:16:51Z" changeset="7777563" uid="42429" user="42429">
    <tag k="power" v="tower"/>
  </node>
  <node id="1233897766" lat="35.9642806" lon="-86.5288381" version="1" timestamp="2011-04-05T18:16:51Z" changeset="7777563" uid="42429" user="42429">
    <tag k="power" v="tower"/>
  </node>
  <node id="1233897773" lat="35.9614540" lon="-86.5291224" version="1" timestamp="2011-04-05T18:16:51Z" changeset="7777563" uid="42429" user="42429">
    <tag k="power" v="tower"/>
  </node>
  <node id="1233897775" lat="35.9388266" lon="-86.5247724" version="1" timestamp="2011-04-05T18:16:51Z" changeset="7777563" uid="42429" user="42429">
    <tag k="power" v="tower"/>
  </node>
  <node id="1233897776" lat="35.9426592" lon="-86.5274168" version="1" timestamp="2011-04-05T18:16:51Z" changeset="7777563" uid="42429" user="42429">
    <tag k="power" v="tower"/>
  </node>
  <node id="1233897777" lat="35.9495301" lon="-86.5286080" version="1" timestamp="2011-04-05T18:16:51Z" changeset="7777563" uid="42429" user="42429">
    <tag k="power" v="tower"/>
  </node>
  <node id="1233897778" lat="35.9362848" lon="-86.5230186" version="1" timestamp="2011-04-05T18:16:51Z" changeset="7777563" uid="42429" user="42429">
    <tag k="power" v="tower"/>
  </node>
  <node id="1233897783" lat="35.9440427" lon="-86.5283714" version="1" timestamp="2011-04-05T18:16:51Z" changeset="7777563" uid="42429" user="42429">
    <tag k="power" v="tower"/>
  </node>
  <node id="1233897786" lat="35.9553910" lon="-86.5288608" version="1" timestamp="2011-04-05T18:16:51Z" changeset="7777563" uid="42429" user="42429">
    <tag k="power" v="tower"/>
  </node>
  <node id="1234167619" lat="35.8401248" lon="-86.4108494" version="1" timestamp="2011-04-05T21:34:05Z" changeset="7779710" uid="42429" user="42429">
    <tag k="power" v="tower"/>
  </node>
  <node id="1234167627" lat="35.8912447" lon="-86.4643923" version="1" timestamp="2011-04-05T21:34:06Z" changeset="7779710" uid="42429" user="42429">
    <tag k="power" v="tower"/>
  </node>
  <node id="1234167631" lat="35.8409133" lon="-86.4144875" version="1" timestamp="2011-04-05T21:34:06Z" changeset="7779710" uid="42429" user="42429">
    <tag k="power" v="tower"/>
  </node>
  <node id="1234167632" lat="35.8876549" lon="-86.4601544" version="1" timestamp="2011-04-05T21:34:06Z" changeset="7779710" uid="42429" user="42429">
    <tag k="power" v="tower"/>
  </node>
  <node id="1234167638" lat="35.8386116" lon="-86.4038598" version="2" timestamp="2024-01-26T00:59:26Z" changeset="146693323" uid="20911715" user="brbrazil">
    <tag k="power" v="tower"/>
  </node>
  <node id="1234167641" lat="35.8805922" lon="-86.4534650" version="1" timestamp="2011-04-05T21:34:06Z" changeset="7779710" uid="42429" user="42429">
    <tag k="power" v="tower"/>
  </node>
  <node id="1234167642" lat="35.8567521" lon="-86.4308425" version="2" timestamp="2023-05-07T01:36:54Z" changeset="135795576" uid="12842151" user="DLance">
    <tag k="power" v="tower"/>
  </node>
  <node id="1234167643" lat="35.8931047" lon="-86.4672247" version="1" timestamp="2011-04-05T21:34:06Z" changeset="7779710" uid="42429" user="42429">
    <tag k="power" v="tower"/>
  </node>
  <node id="1234167644" lat="35.8415818" lon="-86.4175716" version="1" timestamp="2011-04-05T21:34:06Z" changeset="7779710" uid="42429" user="42429">
    <tag k="power" v="tower"/>
  </node>
  <node id="1234167645" lat="35.8954079" lon="-86.4707491" version="2" timestamp="2023-10-02T16:40:21Z" changeset="142047968" uid="12785610" user="zluuzki">
    <tag k="power" v="switch"/>
  </node>
  <node id="1234167649" lat="35.8753980" lon="-86.4485619" version="1" timestamp="2011-04-05T21:34:07Z" changeset="7779710" uid="42429" user="42429">
    <tag k="power" v="tower"/>
  </node>
  <node id="1234167650" lat="35.8955644" lon="-86.4710173" version="2" timestamp="2023-10-02T16:40:21Z" changeset="142047968" uid="12785610" user="zluuzki">
    <tag k="power" v="switch"/>
  </node>
  <node id="1234167651" lat="35.8898496" lon="-86.4622251" version="1" timestamp="2011-04-05T21:34:07Z" changeset="7779710" uid="42429" user="42429">
    <tag k="power" v="tower"/>
  </node>
  <node id="1234167652" lat="35.8523482" lon="-86.4268414" version="1" timestamp="2011-04-05T21:34:07Z" changeset="7779710" uid="42429" user="42429">
    <tag k="power" v="tower"/>
  </node>
  <node id="1234167653" lat="35.8503263" lon="-86.4250926" version="1" timestamp="2011-04-05T21:34:07Z" changeset="7779710" uid="42429" user="42429">
    <tag k="power" v="tower"/>
  </node>
  <node id="1234167654" lat="35.8949386" lon="-86.4700356" version="1" timestamp="2011-04-05T21:34:07Z" changeset="7779710" uid="42429" user="42429">
    <tag k="power" v="tower"/>
  </node>
  <node id="1234167659" lat="35.8590656" lon="-86.4330426" version="1" timestamp="2011-04-05T21:34:07Z" changeset="7779710" uid="42429" user="42429">
    <tag k="power" v="tower"/>
  </node>
  <node id="1234167663" lat="35.8479783" lon="-86.4230863" version="1" timestamp="2011-04-05T21:34:07Z" changeset="7779710" uid="42429" user="42429">
    <tag k="power" v="tower"/>
  </node>
  <node id="1234167664" lat="35.8780799" lon="-86.4510939" version="1" timestamp="2011-04-05T21:34:07Z" changeset="7779710" uid="42429" user="42429">
    <tag k="power" v="tower"/>
  </node>
  <node id="1234167666" lat="35.8393444" lon="-86.4072484" version="1" timestamp="2011-04-05T21:34:07Z" changeset="7779710" uid="42429" user="42429">
    <tag k="power" v="tower"/>
  </node>
  <node id="1234167673" lat="35.8545135" lon="-86.4286867" version="1" timestamp="2011-04-05T21:34:08Z" changeset="7779710" uid="42429" user="42429">
    <tag k="power" v="tower"/>
  </node>
  <node id="1234167674" lat="35.8437386" lon="-86.4194224" version="1" timestamp="2011-04-05T21:34:08Z" changeset="7779710" uid="42429" user="42429">
    <tag k="power" v="tower"/>
  </node>
  <node id="1234167675" lat="35.8829219" lon="-86.4556858" version="1" timestamp="2011-04-05T21:34:08Z" changeset="7779710" uid="42429" user="42429">
    <tag k="power" v="tower"/>
  </node>
  <node id="1234167676" lat="35.8613654" lon="-86.4351991" version="1" timestamp="2011-04-05T21:34:08Z" changeset="7779710" uid="42429" user="42429">
    <tag k="power" v="tower"/>
  </node>
  <node id="1234167677" lat="35.8637870" lon="-86.4375058" version="1" timestamp="2011-04-05T21:34:08Z" changeset="7779710" uid="42429" user="42429">
    <tag k="power" v="tower"/>
  </node>
  <node id="1234167678" lat="35.8660128" lon="-86.4396140" version="1" timestamp="2011-04-05T21:34:08Z" changeset="7779710" uid="42429" user="42429">
    <tag k="power" v="tower"/>
  </node>
  <node id="1234167679" lat="35.8987888" lon="-86.4758668" version="1" timestamp="2011-04-05T21:34:08Z" changeset="7779710" uid="42429" user="42429">
    <tag k="power" v="tower"/>
  </node>
  <node id="1234167680" lat="35.8728725" lon="-86.4461479" version="2" timestamp="2023-01-05T20:40:31Z" changeset="130923423" uid="6793986" user="underclockd">
    <tag k="power" v="tower"/>
  </node>
  <node id="1234167682" lat="35.9008063" lon="-86.4789596" version="2" timestamp="2011-04-06T05:24:16Z" changeset="7781214" uid="42429" user="42429">
    <tag k="power" v="tower"/>
  </node>
  <node id="1234167683" lat="35.8969897" lon="-86.4731524" version="1" timestamp="2011-04-05T21:34:08Z" changeset="7779710" uid="42429" user="42429">
    <tag k="power" v="tower"/>
  </node>
  <node id="1234167684" lat="35.8456215" lon="-86.4210585" version="1" timestamp="2011-04-05T21:34:08Z" changeset="7779710" uid="42429" user="42429">
    <tag k="power" v="tower"/>
  </node>
  <node id="1234346064" lat="35.9150135" lon="-86.5007408" version="1" timestamp="2011-04-06T05:24:16Z" changeset="7781214" uid="42429" user="42429">
    <tag k="power" v="tower"/>
  </node>
  <node id="1234346065" lat="35.9313562" lon="-86.5181655" version="1" timestamp="2011-04-06T05:24:16Z" changeset="7781214" uid="42429" user="42429">
    <tag k="power" v="tower"/>
  </node>
  <node id="1234346066" lat="35.9193269" lon="-86.5060965" version="1" timestamp="2011-04-06T05:24:16Z" changeset="7781214" uid="42429" user="42429">
    <tag k="power" v="tower"/>
  </node>
  <node id="1234346067" lat="35.9056007" lon="-86.4863095" version="1" timestamp="2011-04-06T05:24:16Z" changeset="7781214" uid="42429" user="42429">
    <tag k="power" v="tower"/>
  </node>
  <node id="1234346068" lat="35.9074790" lon="-86.4891892" version="1" timestamp="2011-04-06T05:24:16Z" changeset="7781214" uid="42429" user="42429">
    <tag k="power" v="tower"/>
  </node>
  <node id="1234346069" lat="35.9130572" lon="-86.4977413" version="1" timestamp="2011-04-06T05:24:16Z" changeset="7781214" uid="42429" user="42429">
    <tag k="power" v="tower"/>
  </node>
  <node id="1234346070" lat="35.9216391" lon="-86.5084162" version="1" timestamp="2011-04-06T05:24:16Z" changeset="7781214" uid="42429" user="42429">
    <tag k="power" v="tower"/>
  </node>
  <node id="1234346071" lat="35.9039800" lon="-86.4838249" version="1" timestamp="2011-04-06T05:24:16Z" changeset="7781214" uid="42429" user="42429">
    <tag k="power" v="tower"/>
  </node>
  <node id="1234346072" lat="35.9290551" lon="-86.5158566" version="1" timestamp="2011-04-06T05:24:16Z" changeset="7781214" uid="42429" user="42429">
    <tag k="power" v="tower"/>
  </node>
  <node id="1234346073" lat="35.9024118" lon="-86.4814208" version="1" timestamp="2011-04-06T05:24:16Z" changeset="7781214" uid="42429" user="42429">
    <tag k="power" v="tower"/>
  </node>
  <node id="1234346074" lat="35.9112005" lon="-86.4948947" version="1" timestamp="2011-04-06T05:24:16Z" changeset="7781214" uid="42429" user="42429">
    <tag k="power" v="tower"/>
  </node>
  <node id="1234346075" lat="35.9265269" lon="-86.5133201" version="1" timestamp="2011-04-06T05:24:16Z" changeset="7781214" uid="42429" user="42429">
    <tag k="power" v="tower"/>
  </node>
  <node id="1234346076" lat="35.9093482" lon="-86.4920548" version="1" timestamp="2011-04-06T05:24:16Z" changeset="7781214" uid="42429" user="42429">
    <tag k="power" v="tower"/>
  </node>
  <node id="1234346077" lat="35.9238863" lon="-86.5106707" version="1" timestamp="2011-04-06T05:24:16Z" changeset="7781214" uid="42429" user="42429">
    <tag k="power" v="tower"/>
  </node>
  <node id="2000909456" lat="35.8395506" lon="-86.4022449" version="3" timestamp="2024-01-26T00:59:26Z" changeset="146693323" uid="20911715" user="brbrazil">
    <tag k="power" v="tower"/>
  </node>
  <node id="2000909498" lat="35.8403250" lon="-86.4027331" version="2" timestamp="2023-10-03T06:22:25Z" changeset="142081953" uid="12785610" user="zluuzki">
    <tag k="power" v="portal"/>
  </node>
  <node id="2335509621" lat="35.9564992" lon="-86.5210392" version="1" timestamp="2013-06-07T16:05:38Z" changeset="16458944" uid="1200598" user="cartodrummer"/>
  <node id="2335509647" lat="35.9583687" lon="-86.5272448" version="1" timestamp="2013-06-07T16:05:38Z" changeset="16458944" uid="1200598" user="cartodrummer"/>
  <node id="2477818899" lat="35.9545872" lon="-86.5283676" version="1" timestamp="2013-09-30T16:02:13Z" changeset="18113252" uid="510836" user="Rub21"/>
  <node id="2477818900" lat="35.9546275" lon="-86.5277254" version="1" timestamp="2013-09-30T16:02:13Z" changeset="18113252" uid="510836" user="Rub21"/>
  <node id="2477818901" lat="35.9552205" lon="-86.5260611" version="2" timestamp="2013-09-30T16:05:13Z" changeset="18113285" uid="510836" user="Rub21"/>
  <node id="2477818902" lat="35.9550961" lon="-86.5296610" version="1" timestamp="2013-09-30T16:02:13Z" changeset="18113252" uid="510836" user="Rub21"/>
  <node id="2477818903" lat="35.9552132" lon="-86.5257807" version="2" timestamp="2013-09-30T16:05:13Z" changeset="18113285" uid="510836" user="Rub21"/>
  <node id="2477818904" lat="35.9552938" lon="-86.5227189" version="1" timestamp="2013-09-30T16:02:13Z" changeset="18113252" uid="510836" user="Rub21"/>
  <node id="2477818905" lat="35.9554512" lon="-86.5306379" version="2" timestamp="2013-09-30T16:18:26Z" changeset="18113496" uid="510836" user="Rub21"/>
  <node id="2477818906" lat="35.9555024" lon="-86.5308504" version="2" timestamp="2013-09-30T16:18:26Z" changeset="18113496" uid="510836" user="Rub21"/>
  <node id="2477818907" lat="35.9557148" lon="-86.5317640" version="1" timestamp="2013-09-30T16:02:14Z" changeset="18113252" uid="510836" user="Rub21"/>
  <node id="2477818908" lat="35.9560852" lon="-86.5327657" version="2" timestamp="2015-04-18T23:24:41Z" changeset="30318612" uid="371121" user="AndrewSnow"/>
  <node id="2477822125" lat="35.9531513" lon="-86.5254423" version="2" timestamp="2015-04-18T22:33:08Z" changeset="30317927" uid="371121" user="AndrewSnow"/>
  <node id="2477822129" lat="35.9531679" lon="-86.5252743" version="2" timestamp="2015-04-18T22:33:08Z" changeset="30317927" uid="371121" user="AndrewSnow"/>
  <node id="2477822131" lat="35.9532064" lon="-86.5258650" version="2" timestamp="2015-04-18T22:33:08Z" changeset="30317927" uid="371121" user="AndrewSnow"/>
  <node id="2477822133" lat="35.9532321" lon="-86.5250618" version="1" timestamp="2013-09-30T16:05:10Z" changeset="18113285" uid="510836" user="Rub21"/>
  <node id="2477822136" lat="35.9538778" lon="-86.5245554" version="2" timestamp="2015-04-18T22:33:08Z" changeset="30317927" uid="371121" user="AndrewSnow"/>
  <node id="2477822142" lat="35.9541870" lon="-86.5262523" version="2" timestamp="2014-01-05T20:00:06Z" changeset="19831154" uid="1208453" user="chewey">
    <tag k="highway" v="turning_circle"/>
  </node>
  <node id="2477822145" lat="35.9541889" lon="-86.5266141" version="1" timestamp="2013-09-30T16:05:10Z" changeset="18113285" uid="510836" user="Rub21"/>
  <node id="2477822148" lat="35.9542310" lon="-86.5267384" version="1" timestamp="2013-09-30T16:05:11Z" changeset="18113285" uid="510836" user="Rub21"/>
  <node id="2477822151" lat="35.9542694" lon="-86.5268221" version="1" timestamp="2013-09-30T16:05:11Z" changeset="18113285" uid="510836" user="Rub21"/>
  <node id="2477822154" lat="35.9543133" lon="-86.5268696" version="1" timestamp="2013-09-30T16:05:11Z" changeset="18113285" uid="510836" user="Rub21"/>
  <node id="2477822156" lat="35.9543915" lon="-86.5280829" version="2" timestamp="2014-01-05T20:00:06Z" changeset="19831154" uid="1208453" user="chewey">
    <tag k="highway" v="turning_circle"/>
  </node>
  <node id="2477822159" lat="35.9544030" lon="-86.5269329" version="1" timestamp="2013-09-30T16:05:11Z" changeset="18113285" uid="510836" user="Rub21"/>
  <node id="2477822168" lat="35.9545728" lon="-86.5280887" version="1" timestamp="2013-09-30T16:05:11Z" changeset="18113285" uid="510836" user="Rub21"/>
  <node id="2477822173" lat="35.9547294" lon="-86.5239222" version="1" timestamp="2013-09-30T16:05:11Z" changeset="18113285" uid="510836" user="Rub21"/>
  <node id="2477822179" lat="35.9548404" lon="-86.5271279" version="1" timestamp="2013-09-30T16:05:11Z" changeset="18113285" uid="510836" user="Rub21"/>
  <node id="2477822185" lat="35.9552447" lon="-86.5300460" version="1" timestamp="2013-09-30T16:05:11Z" changeset="18113285" uid="510836" user="Rub21"/>
  <node id="2477822188" lat="35.9552596" lon="-86.5237610" version="1" timestamp="2013-09-30T16:05:11Z" changeset="18113285" uid="510836" user="Rub21"/>
  <node id="2477822191" lat="35.9552832" lon="-86.5281282" version="2" timestamp="2014-01-05T20:00:06Z" changeset="19831154" uid="1208453" user="chewey">
    <tag k="highway" v="turning_circle"/>
  </node>
  <node id="2477822194" lat="35.9559059" lon="-86.5296378" version="1" timestamp="2013-09-30T16:05:11Z" changeset="18113285" uid="510836" user="Rub21"/>
  <node id="2477822197" lat="35.9560813" lon="-86.5295295" version="1" timestamp="2013-09-30T16:05:11Z" changeset="18113285" uid="510836" user="Rub21"/>
  <node id="2477822200" lat="35.9560996" lon="-86.5300203" version="1" timestamp="2013-09-30T16:05:11Z" changeset="18113285" uid="510836" user="Rub21"/>
  <node id="2477822205" lat="35.9561953" lon="-86.5301578" version="1" timestamp="2013-09-30T16:05:11Z" changeset="18113285" uid="510836" user="Rub21"/>
  <node id="2477822207" lat="35.9562859" lon="-86.5302601" version="1" timestamp="2013-09-30T16:05:11Z" changeset="18113285" uid="510836" user="Rub21"/>
  <node id="2477822210" lat="35.9563156" lon="-86.5293034" version="1" timestamp="2013-09-30T16:05:11Z" changeset="18113285" uid="510836" user="Rub21"/>
  <node id="2477822213" lat="35.9563610" lon="-86.5303145" version="1" timestamp="2013-09-30T16:05:11Z" changeset="18113285" uid="510836" user="Rub21"/>
  <node id="2477822216" lat="35.9564542" lon="-86.5303529" version="1" timestamp="2013-09-30T16:05:11Z" changeset="18113285" uid="510836" user="Rub21"/>
  <node id="2477822219" lat="35.9565243" lon="-86.5289552" version="1" timestamp="2013-09-30T16:05:11Z" changeset="18113285" uid="510836" user="Rub21"/>
  <node id="2477822221" lat="35.9565247" lon="-86.5333434" version="1" timestamp="2013-09-30T16:05:11Z" changeset="18113285" uid="510836" user="Rub21"/>
  <node id="2477822224" lat="35.9565966" lon="-86.5303688" version="1" timestamp="2013-09-30T16:05:11Z" changeset="18113285" uid="510836" user="Rub21"/>
  <node id="2477822227" lat="35.9566474" lon="-86.5335605" version="1" timestamp="2013-09-30T16:05:11Z" changeset="18113285" uid="510836" user="Rub21"/>
  <node id="2477822231" lat="35.9566949" lon="-86.5344107" version="1" timestamp="2013-09-30T16:05:11Z" changeset="18113285" uid="510836" user="Rub21"/>
  <node id="2477822234" lat="35.9566949" lon="-86.5348811" version="1" timestamp="2013-09-30T16:05:11Z" changeset="18113285" uid="510836" user="Rub21"/>
  <node id="2477822236" lat="35.9567170" lon="-86.5337648" version="2" timestamp="2015-04-18T23:24:41Z" changeset="30318612" uid="371121" user="AndrewSnow"/>
  <node id="2477822239" lat="35.9567304" lon="-86.5339288" version="2" timestamp="2014-01-05T20:00:06Z" changeset="19831154" uid="1208453" user="chewey"/>
  <node id="2477822242" lat="35.9567363" lon="-86.5303656" version="1" timestamp="2013-09-30T16:05:11Z" changeset="18113285" uid="510836" user="Rub21"/>
  <node id="2477822245" lat="35.9567810" lon="-86.5354645" version="1" timestamp="2013-09-30T16:05:11Z" changeset="18113285" uid="510836" user="Rub21"/>
  <node id="2477822249" lat="35.9568194" lon="-86.5357991" version="1" timestamp="2013-09-30T16:05:11Z" changeset="18113285" uid="510836" user="Rub21"/>
  <node id="2477822252" lat="35.9568409" lon="-86.5284305" version="1" timestamp="2013-09-30T16:05:11Z" changeset="18113285" uid="510836" user="Rub21"/>
  <node id="2477822254" lat="35.9569160" lon="-86.5283559" version="1" timestamp="2013-09-30T16:05:11Z" changeset="18113285" uid="510836" user="Rub21"/>
  <node id="2477822257" lat="35.9569235" lon="-86.5374006" version="1" timestamp="2013-09-30T16:05:11Z" changeset="18113285" uid="510836" user="Rub21"/>
  <node id="2477822260" lat="35.9568666" lon="-86.5303068" version="2" timestamp="2014-01-05T20:00:06Z" changeset="19831154" uid="1208453" user="chewey">
    <tag k="highway" v="turning_circle"/>
  </node>
  <node id="2477822263" lat="35.9569391" lon="-86.5377076" version="1" timestamp="2013-09-30T16:05:11Z" changeset="18113285" uid="510836" user="Rub21"/>
  <node id="2477822266" lat="35.9569624" lon="-86.5371831" version="1" timestamp="2013-09-30T16:05:11Z" changeset="18113285" uid="510836" user="Rub21"/>
  <node id="2477822268" lat="35.9569753" lon="-86.5368026" version="1" timestamp="2013-09-30T16:05:11Z" changeset="18113285" uid="510836" user="Rub21"/>
  <node id="2477822271" lat="35.9570148" lon="-86.5282723" version="1" timestamp="2013-09-30T16:05:11Z" changeset="18113285" uid="510836" user="Rub21"/>
  <node id="2477822274" lat="35.9570297" lon="-86.5379282" version="1" timestamp="2013-09-30T16:05:11Z" changeset="18113285" uid="510836" user="Rub21"/>
  <node id="2477822277" lat="35.9571613" lon="-86.5282270" version="1" timestamp="2013-09-30T16:05:11Z" changeset="18113285" uid="510836" user="Rub21"/>
  <node id="2477822280" lat="35.9572031" lon="-86.5382672" version="1" timestamp="2013-09-30T16:05:11Z" changeset="18113285" uid="510836" user="Rub21"/>
  <node id="2477822281" lat="35.9573248" lon="-86.5386094" version="1" timestamp="2013-09-30T16:05:11Z" changeset="18113285" uid="510836" user="Rub21"/>
  <node id="2477822283" lat="35.9578045" lon="-86.5398803" version="2" timestamp="2014-01-05T20:00:06Z" changeset="19831154" uid="1208453" user="chewey"/>
  <node id="2477822285" lat="35.9583206" lon="-86.5408086" version="2" timestamp="2015-04-18T23:24:41Z" changeset="30318612" uid="371121" user="AndrewSnow"/>
  <node id="2477822287" lat="35.9584018" lon="-86.5409295" version="2" timestamp="2015-04-18T23:24:41Z" changeset="30318612" uid="371121" user="AndrewSnow"/>
  <node id="2477822289" lat="35.9585154" lon="-86.5410301" version="1" timestamp="2013-09-30T16:05:12Z" changeset="18113285" uid="510836" user="Rub21"/>
  <node id="2477822291" lat="35.9589382" lon="-86.5413829" version="1" timestamp="2013-09-30T16:05:12Z" changeset="18113285" uid="510836" user="Rub21"/>
  <node id="2477822293" lat="35.9592347" lon="-86.5416068" version="1" timestamp="2013-09-30T16:05:12Z" changeset="18113285" uid="510836" user="Rub21"/>
  <node id="2477822294" lat="35.9593647" lon="-86.5417786" version="1" timestamp="2013-09-30T16:05:12Z" changeset="18113285" uid="510836" user="Rub21"/>
  <node id="2477824543" lat="35.9576044" lon="-86.5315600" version="2" timestamp="2014-01-05T20:00:06Z" changeset="19831154" uid="1208453" user="chewey">
    <tag k="highway" v="turning_circle"/>
  </node>
  <node id="2477824544" lat="35.9577164" lon="-86.5315810" version="1" timestamp="2013-09-30T16:08:14Z" changeset="18113330" uid="510836" user="Rub21"/>
  <node id="2477824545" lat="35.9579361" lon="-86.5316194" version="1" timestamp="2013-09-30T16:08:14Z" changeset="18113330" uid="510836" user="Rub21"/>
  <node id="2477824546" lat="35.9579611" lon="-86.5288452" version="1" timestamp="2013-09-30T16:08:14Z" changeset="18113330" uid="510836" user="Rub21"/>
  <node id="2477824547" lat="35.9579630" lon="-86.5295039" version="1" timestamp="2013-09-30T16:08:14Z" changeset="18113330" uid="510836" user="Rub21"/>
  <node id="2477824548" lat="35.9580377" lon="-86.5301394" version="1" timestamp="2013-09-30T16:08:14Z" changeset="18113330" uid="510836" user="Rub21"/>
  <node id="2477824549" lat="35.9581649" lon="-86.5315923" version="1" timestamp="2013-09-30T16:08:14Z" changeset="18113330" uid="510836" user="Rub21"/>
  <node id="2477824551" lat="35.9581516" lon="-86.5325368" version="2" timestamp="2015-04-18T23:24:41Z" changeset="30318612" uid="371121" user="AndrewSnow"/>
  <node id="2477824553" lat="35.9581588" lon="-86.5322988" version="2" timestamp="2015-04-18T23:24:41Z" changeset="30318612" uid="371121" user="AndrewSnow"/>
  <node id="2477824555" lat="35.9581645" lon="-86.5327190" version="2" timestamp="2015-04-18T23:24:41Z" changeset="30318612" uid="371121" user="AndrewSnow"/>
  <node id="2477824557" lat="35.9581739" lon="-86.5321328" version="2" timestamp="2015-04-18T23:24:41Z" changeset="30318612" uid="371121" user="AndrewSnow"/>
  <node id="2477824558" lat="35.9582461" lon="-86.5311577" version="2" timestamp="2015-04-18T23:24:41Z" changeset="30318612" uid="371121" user="AndrewSnow"/>
  <node id="2477824559" lat="35.9582503" lon="-86.5330248" version="1" timestamp="2013-09-30T16:08:14Z" changeset="18113330" uid="510836" user="Rub21"/>
  <node id="2477824560" lat="35.9582628" lon="-86.5316693" version="1" timestamp="2013-09-30T16:08:14Z" changeset="18113330" uid="510836" user="Rub21"/>
  <node id="2477824561" lat="35.9582749" lon="-86.5315698" version="1" timestamp="2013-09-30T16:08:14Z" changeset="18113330" uid="510836" user="Rub21"/>
  <node id="2477824562" lat="35.9583587" lon="-86.5332635" version="2" timestamp="2015-04-18T23:24:41Z" changeset="30318612" uid="371121" user="AndrewSnow"/>
  <node id="2477824563" lat="35.9585026" lon="-86.5315256" version="1" timestamp="2013-09-30T16:08:14Z" changeset="18113330" uid="510836" user="Rub21"/>
  <node id="2477824564" lat="35.9587486" lon="-86.5315016" version="1" timestamp="2013-09-30T16:08:14Z" changeset="18113330" uid="510836" user="Rub21"/>
  <node id="2477824565" lat="35.9588017" lon="-86.5339170" version="1" timestamp="2013-09-30T16:08:14Z" changeset="18113330" uid="510836" user="Rub21"/>
  <node id="2477824566" lat="35.9588624" lon="-86.5315016" version="1" timestamp="2013-09-30T16:08:15Z" changeset="18113330" uid="510836" user="Rub21"/>
  <node id="2477824567" lat="35.9590113" lon="-86.5315669" version="1" timestamp="2013-09-30T16:08:15Z" changeset="18113330" uid="510836" user="Rub21"/>
  <node id="2477824570" lat="35.9592119" lon="-86.5318406" version="1" timestamp="2013-09-30T16:08:15Z" changeset="18113330" uid="510836" user="Rub21"/>
  <node id="2477824572" lat="35.9592323" lon="-86.5298516" version="1" timestamp="2013-09-30T16:08:15Z" changeset="18113330" uid="510836" user="Rub21"/>
  <node id="2477824573" lat="35.9592585" lon="-86.5319669" version="1" timestamp="2013-09-30T16:08:15Z" changeset="18113330" uid="510836" user="Rub21"/>
  <node id="2477824574" lat="35.9593064" lon="-86.5322020" version="2" timestamp="2014-01-05T20:00:06Z" changeset="19831154" uid="1208453" user="chewey">
    <tag k="highway" v="turning_circle"/>
  </node>
  <node id="2477824576" lat="35.9593373" lon="-86.5297889" version="2" timestamp="2014-01-05T20:00:06Z" changeset="19831154" uid="1208453" user="chewey">
    <tag k="highway" v="turning_circle"/>
  </node>
  <node id="2477826384" lat="35.9559448" lon="-86.5213801" version="2" timestamp="2022-11-22T21:46:06Z" changeset="129256002" uid="12842151" user="DLance"/>
  <node id="2477826401" lat="35.9563457" lon="-86.5211228" version="2" timestamp="2022-11-25T14:08:50Z" changeset="129370897" uid="12842151" user="DLance"/>
  <node id="2477826407" lat="35.9576836" lon="-86.5238788" version="1" timestamp="2013-09-30T16:10:35Z" changeset="18113356" uid="510836" user="Rub21"/>
  <node id="2477826408" lat="35.9577323" lon="-86.5248247" version="2" timestamp="2022-11-24T18:28:31Z" changeset="129339611" uid="12842151" user="DLance"/>
  <node id="2477831486" lat="35.9543111" lon="-86.5339649" version="2" timestamp="2013-09-30T16:22:30Z" changeset="18113564" uid="510836" user="Rub21"/>
  <node id="2477831488" lat="35.9550006" lon="-86.5343518" version="1" timestamp="2013-09-30T16:18:24Z" changeset="18113496" uid="510836" user="Rub21"/>
  <node id="2477831490" lat="35.9551860" lon="-86.5345038" version="1" timestamp="2013-09-30T16:18:24Z" changeset="18113496" uid="510836" user="Rub21"/>
  <node id="2477831492" lat="35.9552827" lon="-86.5342724" version="1" timestamp="2013-09-30T16:18:24Z" changeset="18113496" uid="510836" user="Rub21"/>
  <node id="2477831494" lat="35.9553267" lon="-86.5341481" version="1" timestamp="2013-09-30T16:18:24Z" changeset="18113496" uid="510836" user="Rub21"/>
  <node id="2477831496" lat="35.9553229" lon="-86.5317793" version="3" timestamp="2015-04-18T22:33:08Z" changeset="30317927" uid="371121" user="AndrewSnow">
    <tag k="highway" v="turning_circle"/>
  </node>
  <node id="2477831497" lat="35.9553743" lon="-86.5338541" version="1" timestamp="2013-09-30T16:18:24Z" changeset="18113496" uid="510836" user="Rub21"/>
  <node id="2477831499" lat="35.9553923" lon="-86.5346729" version="1" timestamp="2013-09-30T16:18:24Z" changeset="18113496" uid="510836" user="Rub21"/>
  <node id="2477831501" lat="35.9554493" lon="-86.5332684" version="1" timestamp="2013-09-30T16:18:24Z" changeset="18113496" uid="510836" user="Rub21"/>
  <node id="2477831503" lat="35.9555335" lon="-86.5330739" version="1" timestamp="2013-09-30T16:18:24Z" changeset="18113496" uid="510836" user="Rub21"/>
  <node id="2477831505" lat="35.9556214" lon="-86.5329699" version="1" timestamp="2013-09-30T16:18:24Z" changeset="18113496" uid="510836" user="Rub21"/>
  <node id="2477831507" lat="35.9556588" lon="-86.5389847" version="2" timestamp="2014-01-05T20:00:06Z" changeset="19831154" uid="1208453" user="chewey">
    <tag k="highway" v="turning_circle"/>
  </node>
  <node id="2477831508" lat="35.9556770" lon="-86.5316325" version="2" timestamp="2015-04-18T22:33:08Z" changeset="30317927" uid="371121" user="AndrewSnow"/>
  <node id="2477831515" lat="35.9557147" lon="-86.5328908" version="1" timestamp="2013-09-30T16:18:25Z" changeset="18113496" uid="510836" user="Rub21"/>
  <node id="2477831517" lat="35.9557389" lon="-86.5388986" version="2" timestamp="2015-04-18T23:24:41Z" changeset="30318612" uid="371121" user="AndrewSnow"/>
  <node id="2477831518" lat="35.9557878" lon="-86.5315948" version="2" timestamp="2015-04-18T22:33:08Z" changeset="30317927" uid="371121" user="AndrewSnow"/>
  <node id="2477831520" lat="35.9557968" lon="-86.5350822" version="1" timestamp="2013-09-30T16:18:25Z" changeset="18113496" uid="510836" user="Rub21"/>
  <node id="2477831522" lat="35.9558713" lon="-86.5387561" version="1" timestamp="2013-09-30T16:18:25Z" changeset="18113496" uid="510836" user="Rub21"/>
  <node id="2477831523" lat="35.9560202" lon="-86.5353332" version="1" timestamp="2013-09-30T16:18:25Z" changeset="18113496" uid="510836" user="Rub21"/>
  <node id="2477831525" lat="35.9560233" lon="-86.5315771" version="1" timestamp="2013-09-30T16:18:25Z" changeset="18113496" uid="510836" user="Rub21"/>
  <node id="2477831527" lat="35.9560351" lon="-86.5326685" version="1" timestamp="2013-09-30T16:18:25Z" changeset="18113496" uid="510836" user="Rub21"/>
  <node id="2477831529" lat="35.9560939" lon="-86.5373267" version="1" timestamp="2013-09-30T16:18:25Z" changeset="18113496" uid="510836" user="Rub21"/>
  <node id="2477831531" lat="35.9560991" lon="-86.5371332" version="1" timestamp="2013-09-30T16:18:25Z" changeset="18113496" uid="510836" user="Rub21"/>
  <node id="2477831532" lat="35.9561409" lon="-86.5380798" version="2" timestamp="2015-04-18T23:24:41Z" changeset="30318612" uid="371121" user="AndrewSnow"/>
  <node id="2477831533" lat="35.9561410" lon="-86.5354214" version="1" timestamp="2013-09-30T16:18:25Z" changeset="18113496" uid="510836" user="Rub21"/>
  <node id="2477831534" lat="35.9561604" lon="-86.5379636" version="2" timestamp="2015-04-18T23:24:41Z" changeset="30318612" uid="371121" user="AndrewSnow"/>
  <node id="2477831536" lat="35.9561548" lon="-86.5368694" version="1" timestamp="2013-09-30T16:18:25Z" changeset="18113496" uid="510836" user="Rub21"/>
  <node id="2477831537" lat="35.9561655" lon="-86.5378360" version="2" timestamp="2015-04-18T23:24:41Z" changeset="30318612" uid="371121" user="AndrewSnow"/>
  <node id="2477831539" lat="35.9562298" lon="-86.5366663" version="1" timestamp="2013-09-30T16:18:25Z" changeset="18113496" uid="510836" user="Rub21"/>
  <node id="2477831540" lat="35.9562581" lon="-86.5354644" version="1" timestamp="2013-09-30T16:18:25Z" changeset="18113496" uid="510836" user="Rub21"/>
  <node id="2477831541" lat="35.9563265" lon="-86.5330946" version="1" timestamp="2013-09-30T16:18:25Z" changeset="18113496" uid="510836" user="Rub21"/>
  <node id="2477831542" lat="35.9563541" lon="-86.5365304" version="1" timestamp="2013-09-30T16:18:25Z" changeset="18113496" uid="510836" user="Rub21"/>
  <node id="2477831543" lat="35.9564045" lon="-86.5354712" version="1" timestamp="2013-09-30T16:18:25Z" changeset="18113496" uid="510836" user="Rub21"/>
  <node id="2477831544" lat="35.9564680" lon="-86.5364664" version="1" timestamp="2013-09-30T16:18:25Z" changeset="18113496" uid="510836" user="Rub21"/>
  <node id="2477831545" lat="35.9565583" lon="-86.5354553" version="1" timestamp="2013-09-30T16:18:25Z" changeset="18113496" uid="510836" user="Rub21"/>
  <node id="2477831546" lat="35.9565791" lon="-86.5327666" version="2" timestamp="2014-01-05T20:00:06Z" changeset="19831154" uid="1208453" user="chewey">
    <tag k="highway" v="turning_circle"/>
  </node>
  <node id="2477831547" lat="35.9566026" lon="-86.5364121" version="1" timestamp="2013-09-30T16:18:25Z" changeset="18113496" uid="510836" user="Rub21"/>
  <node id="2477831548" lat="35.9567024" lon="-86.5316608" version="2" timestamp="2014-01-05T20:00:07Z" changeset="19831154" uid="1208453" user="chewey">
    <tag k="highway" v="turning_circle"/>
  </node>
  <node id="2477831549" lat="35.9567728" lon="-86.5354090" version="1" timestamp="2013-09-30T16:18:25Z" changeset="18113496" uid="510836" user="Rub21"/>
  <node id="2477831550" lat="35.9569024" lon="-86.5353852" version="1" timestamp="2013-09-30T16:18:25Z" changeset="18113496" uid="510836" user="Rub21"/>
  <node id="2477831551" lat="35.9569061" lon="-86.5363571" version="1" timestamp="2013-09-30T16:18:25Z" changeset="18113496" uid="510836" user="Rub21"/>
  <node id="2477831552" lat="35.9570415" lon="-86.5353355" version="1" timestamp="2013-09-30T16:18:25Z" changeset="18113496" uid="510836" user="Rub21"/>
  <node id="2477831553" lat="35.9571459" lon="-86.5352654" version="1" timestamp="2013-09-30T16:18:25Z" changeset="18113496" uid="510836" user="Rub21"/>
  <node id="2477831554" lat="35.9572612" lon="-86.5351523" version="1" timestamp="2013-09-30T16:18:25Z" changeset="18113496" uid="510836" user="Rub21"/>
  <node id="2477831555" lat="35.9575687" lon="-86.5347498" version="1" timestamp="2013-09-30T16:18:25Z" changeset="18113496" uid="510836" user="Rub21"/>
  <node id="2477831556" lat="35.9580427" lon="-86.5341438" version="1" timestamp="2013-09-30T16:18:25Z" changeset="18113496" uid="510836" user="Rub21"/>
  <node id="2477831557" lat="35.9585637" lon="-86.5335865" version="1" timestamp="2013-09-30T16:18:25Z" changeset="18113496" uid="510836" user="Rub21"/>
  <node id="2477831558" lat="35.9588170" lon="-86.5333591" version="1" timestamp="2013-09-30T16:18:25Z" changeset="18113496" uid="510836" user="Rub21"/>
  <node id="2477831559" lat="35.9589048" lon="-86.5333117" version="1" timestamp="2013-09-30T16:18:25Z" changeset="18113496" uid="510836" user="Rub21"/>
  <node id="2477831560" lat="35.9590366" lon="-86.5332461" version="1" timestamp="2013-09-30T16:18:25Z" changeset="18113496" uid="510836" user="Rub21"/>
  <node id="2477831561" lat="35.9591977" lon="-86.5332144" version="1" timestamp="2013-09-30T16:18:25Z" changeset="18113496" uid="510836" user="Rub21"/>
  <node id="2477831562" lat="35.9594264" lon="-86.5331939" version="3" timestamp="2015-04-18T23:24:41Z" changeset="30318612" uid="371121" user="AndrewSnow"/>
  <node id="2477831563" lat="35.9597952" lon="-86.5330985" version="2" timestamp="2014-01-05T20:00:07Z" changeset="19831154" uid="1208453" user="chewey">
    <tag k="highway" v="turning_circle"/>
  </node>
  <node id="2477835209" lat="35.9530890" lon="-86.5310662" version="2" timestamp="2013-09-30T16:25:36Z" changeset="18113611" uid="510836" user="Rub21"/>
  <node id="2477835212" lat="35.9536391" lon="-86.5308648" version="1" timestamp="2013-09-30T16:22:27Z" changeset="18113564" uid="510836" user="Rub21"/>
  <node id="2477835214" lat="35.9536801" lon="-86.5385703" version="2" timestamp="2015-04-18T23:24:41Z" changeset="30318612" uid="371121" user="AndrewSnow"/>
  <node id="2477835217" lat="35.9537918" lon="-86.5308456" version="1" timestamp="2013-09-30T16:22:27Z" changeset="18113564" uid="510836" user="Rub21"/>
  <node id="2477835220" lat="35.9539726" lon="-86.5308810" version="2" timestamp="2019-08-06T14:20:49Z" changeset="73069880" uid="10127758" user="akalohri"/>
  <node id="2477835222" lat="35.9540636" lon="-86.5348398" version="1" timestamp="2013-09-30T16:22:27Z" changeset="18113564" uid="510836" user="Rub21"/>
  <node id="2477835224" lat="35.9540636" lon="-86.5350349" version="1" timestamp="2013-09-30T16:22:27Z" changeset="18113564" uid="510836" user="Rub21"/>
  <node id="2477835227" lat="35.9540843" lon="-86.5309639" version="1" timestamp="2013-09-30T16:22:27Z" changeset="18113564" uid="510836" user="Rub21"/>
  <node id="2477835230" lat="35.9540895" lon="-86.5345903" version="1" timestamp="2013-09-30T16:22:27Z" changeset="18113564" uid="510836" user="Rub21"/>
  <node id="2477835233" lat="35.9541022" lon="-86.5357205" version="1" timestamp="2013-09-30T16:22:27Z" changeset="18113564" uid="510836" user="Rub21"/>
  <node id="2477835235" lat="35.9541102" lon="-86.5383127" version="1" timestamp="2013-09-30T16:22:27Z" changeset="18113564" uid="510836" user="Rub21"/>
  <node id="2477835238" lat="35.9541801" lon="-86.5310471" version="1" timestamp="2013-09-30T16:22:27Z" changeset="18113564" uid="510836" user="Rub21"/>
  <node id="2477835240" lat="35.9541853" lon="-86.5369856" version="1" timestamp="2013-09-30T16:22:27Z" changeset="18113564" uid="510836" user="Rub21"/>
  <node id="2477835242" lat="35.9542138" lon="-86.5371423" version="1" timestamp="2013-09-30T16:22:27Z" changeset="18113564" uid="510836" user="Rub21"/>
  <node id="2477835245" lat="35.9542190" lon="-86.5382136" version="1" timestamp="2013-09-30T16:22:27Z" changeset="18113564" uid="510836" user="Rub21"/>
  <node id="2477835247" lat="35.9542371" lon="-86.5311878" version="1" timestamp="2013-09-30T16:22:28Z" changeset="18113564" uid="510836" user="Rub21"/>
  <node id="2477835250" lat="35.9542655" lon="-86.5312965" version="1" timestamp="2013-09-30T16:22:28Z" changeset="18113564" uid="510836" user="Rub21"/>
  <node id="2477835253" lat="35.9542863" lon="-86.5381048" version="1" timestamp="2013-09-30T16:22:28Z" changeset="18113564" uid="510836" user="Rub21"/>
  <node id="2477835256" lat="35.9543044" lon="-86.5376284" version="1" timestamp="2013-09-30T16:22:28Z" changeset="18113564" uid="510836" user="Rub21"/>
  <node id="2477835259" lat="35.9543307" lon="-86.5379770" version="1" timestamp="2013-09-30T16:22:28Z" changeset="18113564" uid="510836" user="Rub21"/>
  <node id="2477835261" lat="35.9543354" lon="-86.5378042" version="1" timestamp="2013-09-30T16:22:28Z" changeset="18113564" uid="510836" user="Rub21"/>
  <node id="2477835264" lat="35.9544545" lon="-86.5336182" version="1" timestamp="2013-09-30T16:22:28Z" changeset="18113564" uid="510836" user="Rub21"/>
  <node id="2477835267" lat="35.9544571" lon="-86.5333176" version="1" timestamp="2013-09-30T16:22:28Z" changeset="18113564" uid="510836" user="Rub21"/>
  <node id="2477835270" lat="35.9544752" lon="-86.5335190" version="1" timestamp="2013-09-30T16:22:28Z" changeset="18113564" uid="510836" user="Rub21"/>
  <node id="2477835273" lat="35.9545470" lon="-86.5356956" version="1" timestamp="2013-09-30T16:22:28Z" changeset="18113564" uid="510836" user="Rub21"/>
  <node id="2477835276" lat="35.9547116" lon="-86.5356951" version="2" timestamp="2015-04-18T23:24:41Z" changeset="30318612" uid="371121" user="AndrewSnow"/>
  <node id="2477835279" lat="35.9548678" lon="-86.5357291" version="1" timestamp="2013-09-30T16:22:28Z" changeset="18113564" uid="510836" user="Rub21"/>
  <node id="2477835282" lat="35.9549024" lon="-86.5352666" version="2" timestamp="2014-01-05T20:00:07Z" changeset="19831154" uid="1208453" user="chewey">
    <tag k="highway" v="turning_circle"/>
  </node>
  <node id="2477835284" lat="35.9549685" lon="-86.5357358" version="2" timestamp="2015-04-18T23:24:41Z" changeset="30318612" uid="371121" user="AndrewSnow"/>
  <node id="2477835296" lat="35.9554952" lon="-86.5357296" version="1" timestamp="2013-09-30T16:22:28Z" changeset="18113564" uid="510836" user="Rub21"/>
  <node id="2477835299" lat="35.9556087" lon="-86.5357024" version="1" timestamp="2013-09-30T16:22:28Z" changeset="18113564" uid="510836" user="Rub21"/>
  <node id="2477835307" lat="35.9557240" lon="-86.5356459" version="1" timestamp="2013-09-30T16:22:28Z" changeset="18113564" uid="510836" user="Rub21"/>
  <node id="2477835313" lat="35.9558650" lon="-86.5355238" version="1" timestamp="2013-09-30T16:22:28Z" changeset="18113564" uid="510836" user="Rub21"/>
  <node id="2477835315" lat="35.9560446" lon="-86.5383884" version="1" timestamp="2013-09-30T16:22:28Z" changeset="18113564" uid="510836" user="Rub21"/>
  <node id="2477835351" lat="35.9575101" lon="-86.5392429" version="1" timestamp="2013-09-30T16:22:29Z" changeset="18113564" uid="510836" user="Rub21"/>
  <node id="2477835355" lat="35.9576676" lon="-86.5396109" version="2" timestamp="2015-04-18T23:24:41Z" changeset="30318612" uid="371121" user="AndrewSnow"/>
  <node id="2477835374" lat="35.9581095" lon="-86.5404301" version="1" timestamp="2013-09-30T16:22:29Z" changeset="18113564" uid="510836" user="Rub21"/>
  <node id="2477845597" lat="35.9461143" lon="-86.5305209" version="1" timestamp="2013-09-30T16:25:34Z" changeset="18113611" uid="510836" user="Rub21"/>
  <node id="2477845613" lat="35.9476581" lon="-86.5291412" version="1" timestamp="2013-09-30T16:25:34Z" changeset="18113611" uid="510836" user="Rub21"/>
  <node id="2477845615" lat="35.9479244" lon="-86.5292975" version="1" timestamp="2013-09-30T16:25:34Z" changeset="18113611" uid="510836" user="Rub21"/>
  <node id="2477845616" lat="35.9481925" lon="-86.5293255" version="1" timestamp="2013-09-30T16:25:34Z" changeset="18113611" uid="510836" user="Rub21"/>
  <node id="2477845618" lat="35.9491125" lon="-86.5307828" version="1" timestamp="2013-09-30T16:25:34Z" changeset="18113611" uid="510836" user="Rub21"/>
  <node id="2477845620" lat="35.9494071" lon="-86.5293455" version="1" timestamp="2013-09-30T16:25:34Z" changeset="18113611" uid="510836" user="Rub21"/>
  <node id="2477845622" lat="35.9498323" lon="-86.5307932" version="2" timestamp="2013-11-23T20:42:27Z" changeset="19081023" uid="10786" user="stucki1"/>
  <node id="2477845623" lat="35.9500408" lon="-86.5334128" version="1" timestamp="2013-09-30T16:25:34Z" changeset="18113611" uid="510836" user="Rub21"/>
  <node id="2477845625" lat="35.9504401" lon="-86.5293922" version="1" timestamp="2013-09-30T16:25:34Z" changeset="18113611" uid="510836" user="Rub21"/>
  <node id="2477845627" lat="35.9505402" lon="-86.5294178" version="1" timestamp="2013-09-30T16:25:34Z" changeset="18113611" uid="510836" user="Rub21"/>
  <node id="2477845629" lat="35.9507215" lon="-86.5294855" version="1" timestamp="2013-09-30T16:25:34Z" changeset="18113611" uid="510836" user="Rub21"/>
  <node id="2477845630" lat="35.9508518" lon="-86.5295601" version="1" timestamp="2013-09-30T16:25:35Z" changeset="18113611" uid="510836" user="Rub21"/>
  <node id="2477845636" lat="35.9509481" lon="-86.5296301" version="1" timestamp="2013-09-30T16:25:35Z" changeset="18113611" uid="510836" user="Rub21"/>
  <node id="2477845638" lat="35.9510463" lon="-86.5298634" version="1" timestamp="2013-09-30T16:25:35Z" changeset="18113611" uid="510836" user="Rub21"/>
  <node id="2477845639" lat="35.9510822" lon="-86.5303136" version="1" timestamp="2013-09-30T16:25:35Z" changeset="18113611" uid="510836" user="Rub21"/>
  <node id="2477845641" lat="35.9513621" lon="-86.5331869" version="1" timestamp="2013-09-30T16:25:35Z" changeset="18113611" uid="510836" user="Rub21"/>
  <node id="2477845643" lat="35.9517814" lon="-86.5273855" version="1" timestamp="2013-09-30T16:25:35Z" changeset="18113611" uid="510836" user="Rub21"/>
  <node id="2477845644" lat="35.9521312" lon="-86.5278540" version="1" timestamp="2013-09-30T16:25:35Z" changeset="18113611" uid="510836" user="Rub21"/>
  <node id="2477845646" lat="35.9521980" lon="-86.5279661" version="1" timestamp="2013-09-30T16:25:35Z" changeset="18113611" uid="510836" user="Rub21"/>
  <node id="2477845648" lat="35.9522487" lon="-86.5281344" version="1" timestamp="2013-09-30T16:25:35Z" changeset="18113611" uid="510836" user="Rub21"/>
  <node id="2477845649" lat="35.9522888" lon="-86.5284016" version="1" timestamp="2013-09-30T16:25:35Z" changeset="18113611" uid="510836" user="Rub21"/>
  <node id="2477845651" lat="35.9523395" lon="-86.5294045" version="1" timestamp="2013-09-30T16:25:35Z" changeset="18113611" uid="510836" user="Rub21"/>
  <node id="2477845652" lat="35.9523529" lon="-86.5298169" version="1" timestamp="2013-09-30T16:25:35Z" changeset="18113611" uid="510836" user="Rub21"/>
  <node id="2477845654" lat="35.9523983" lon="-86.5300643" version="1" timestamp="2013-09-30T16:25:35Z" changeset="18113611" uid="510836" user="Rub21"/>
  <node id="2477845656" lat="35.9526093" lon="-86.5303184" version="1" timestamp="2013-09-30T16:25:35Z" changeset="18113611" uid="510836" user="Rub21"/>
  <node id="2477845657" lat="35.9529404" lon="-86.5307869" version="1" timestamp="2013-09-30T16:25:35Z" changeset="18113611" uid="510836" user="Rub21"/>
  <node id="2477845659" lat="35.9530312" lon="-86.5329016" version="1" timestamp="2013-09-30T16:25:35Z" changeset="18113611" uid="510836" user="Rub21"/>
  <node id="2477845660" lat="35.9531381" lon="-86.5312817" version="1" timestamp="2013-09-30T16:25:35Z" changeset="18113611" uid="510836" user="Rub21"/>
  <node id="2477851683" lat="35.9488141" lon="-86.5275462" version="2" timestamp="2021-03-15T02:13:07Z" changeset="101013671" uid="12497850" user="unikingr"/>
  <node id="2477851684" lat="35.9489025" lon="-86.5276312" version="2" timestamp="2021-03-15T02:13:07Z" changeset="101013671" uid="12497850" user="unikingr"/>
  <node id="2477851685" lat="35.9492360" lon="-86.5277930" version="1" timestamp="2013-09-30T16:33:29Z" changeset="18113744" uid="510836" user="Rub21"/>
  <node id="2477851686" lat="35.9494154" lon="-86.5278256" version="1" timestamp="2013-09-30T16:33:29Z" changeset="18113744" uid="510836" user="Rub21"/>
  <node id="2477851687" lat="35.9496121" lon="-86.5260618" version="1" timestamp="2013-09-30T16:33:29Z" changeset="18113744" uid="510836" user="Rub21"/>
  <node id="2477851688" lat="35.9497439" lon="-86.5293607" version="1" timestamp="2013-09-30T16:33:29Z" changeset="18113744" uid="510836" user="Rub21"/>
  <node id="2477851689" lat="35.9499423" lon="-86.5278699" version="1" timestamp="2013-09-30T16:33:29Z" changeset="18113744" uid="510836" user="Rub21"/>
  <node id="2477851690" lat="35.9499780" lon="-86.5329613" version="1" timestamp="2013-09-30T16:33:29Z" changeset="18113744" uid="510836" user="Rub21"/>
  <node id="2477851691" lat="35.9501027" lon="-86.5340951" version="1" timestamp="2013-09-30T16:33:29Z" changeset="18113744" uid="510836" user="Rub21"/>
  <node id="2477851692" lat="35.9501783" lon="-86.5280309" version="1" timestamp="2013-09-30T16:33:29Z" changeset="18113744" uid="510836" user="Rub21"/>
  <node id="2477851693" lat="35.9503068" lon="-86.5282595" version="1" timestamp="2013-09-30T16:33:29Z" changeset="18113744" uid="510836" user="Rub21"/>
  <node id="2477851694" lat="35.9503502" lon="-86.5284648" version="1" timestamp="2013-09-30T16:33:29Z" changeset="18113744" uid="510836" user="Rub21"/>
  <node id="2477851695" lat="35.9505078" lon="-86.5294095" version="1" timestamp="2013-09-30T16:33:29Z" changeset="18113744" uid="510836" user="Rub21"/>
  <node id="2611401916" lat="35.9523331" lon="-86.5292773" version="1" timestamp="2014-01-05T20:00:01Z" changeset="19831154" uid="1208453" user="chewey"/>
  <node id="2611401917" lat="35.9525915" lon="-86.5291774" version="1" timestamp="2014-01-05T20:00:01Z" changeset="19831154" uid="1208453" user="chewey"/>
  <node id="2611401918" lat="35.9529196" lon="-86.5290068" version="1" timestamp="2014-01-05T20:00:01Z" changeset="19831154" uid="1208453" user="chewey"/>
  <node id="2611401919" lat="35.9531785" lon="-86.5290139" version="1" timestamp="2014-01-05T20:00:01Z" changeset="19831154" uid="1208453" user="chewey"/>
  <node id="2611401920" lat="35.9532392" lon="-86.5287980" version="1" timestamp="2014-01-05T20:00:01Z" changeset="19831154" uid="1208453" user="chewey"/>
  <node id="2611401921" lat="35.9533561" lon="-86.5289520" version="1" timestamp="2014-01-05T20:00:01Z" changeset="19831154" uid="1208453" user="chewey"/>
  <node id="2611401922" lat="35.9534346" lon="-86.5289996" version="1" timestamp="2014-01-05T20:00:01Z" changeset="19831154" uid="1208453" user="chewey"/>
  <node id="2611401923" lat="35.9534368" lon="-86.5285692" version="1" timestamp="2014-01-05T20:00:01Z" changeset="19831154" uid="1208453" user="chewey"/>
  <node id="2611401924" lat="35.9534720" lon="-86.5286620" version="1" timestamp="2014-01-05T20:00:01Z" changeset="19831154" uid="1208453" user="chewey"/>
  <node id="2611401925" lat="35.9534778" lon="-86.5290743" version="1" timestamp="2014-01-05T20:00:01Z" changeset="19831154" uid="1208453" user="chewey"/>
  <node id="2611401926" lat="35.9534829" lon="-86.5293344" version="1" timestamp="2014-01-05T20:00:01Z" changeset="19831154" uid="1208453" user="chewey"/>
  <node id="2611401927" lat="35.9535037" lon="-86.5293729" version="1" timestamp="2014-01-05T20:00:01Z" changeset="19831154" uid="1208453" user="chewey"/>
  <node id="2611401928" lat="35.9535118" lon="-86.5293569" version="1" timestamp="2014-01-05T20:00:02Z" changeset="19831154" uid="1208453" user="chewey"/>
  <node id="2611401929" lat="35.9535206" lon="-86.5292608" version="1" timestamp="2014-01-05T20:00:02Z" changeset="19831154" uid="1208453" user="chewey"/>
  <node id="2611401930" lat="35.9535439" lon="-86.5290459" version="1" timestamp="2014-01-05T20:00:02Z" changeset="19831154" uid="1208453" user="chewey"/>
  <node id="2611401931" lat="35.9535494" lon="-86.5292834" version="1" timestamp="2014-01-05T20:00:02Z" changeset="19831154" uid="1208453" user="chewey"/>
  <node id="2611401932" lat="35.9535537" lon="-86.5287232" version="1" timestamp="2014-01-05T20:00:02Z" changeset="19831154" uid="1208453" user="chewey"/>
  <node id="2611401933" lat="35.9535559" lon="-86.5292708" version="1" timestamp="2014-01-05T20:00:02Z" changeset="19831154" uid="1208453" user="chewey"/>
  <node id="2611401934" lat="35.9535827" lon="-86.5292917" version="1" timestamp="2014-01-05T20:00:02Z" changeset="19831154" uid="1208453" user="chewey"/>
  <node id="2611401935" lat="35.9535877" lon="-86.5284331" version="1" timestamp="2014-01-05T20:00:02Z" changeset="19831154" uid="1208453" user="chewey"/>
  <node id="2611401936" lat="35.9535986" lon="-86.5291987" version="1" timestamp="2014-01-05T20:00:02Z" changeset="19831154" uid="1208453" user="chewey"/>
  <node id="2611401937" lat="35.9536543" lon="-86.5293382" version="1" timestamp="2014-01-05T20:00:02Z" changeset="19831154" uid="1208453" user="chewey"/>
  <node id="2611401938" lat="35.9536590" lon="-86.5285269" version="1" timestamp="2014-01-05T20:00:02Z" changeset="19831154" uid="1208453" user="chewey"/>
  <node id="2611401939" lat="35.9536659" lon="-86.5284893" version="1" timestamp="2014-01-05T20:00:02Z" changeset="19831154" uid="1208453" user="chewey"/>
  <node id="2611401940" lat="35.9536701" lon="-86.5291209" version="1" timestamp="2014-01-05T20:00:02Z" changeset="19831154" uid="1208453" user="chewey"/>
  <node id="2611401941" lat="35.9536848" lon="-86.5292787" version="1" timestamp="2014-01-05T20:00:02Z" changeset="19831154" uid="1208453" user="chewey"/>
  <node id="2611401942" lat="35.9536948" lon="-86.5282055" version="1" timestamp="2014-01-05T20:00:02Z" changeset="19831154" uid="1208453" user="chewey"/>
  <node id="2611401943" lat="35.9536964" lon="-86.5290139" version="1" timestamp="2014-01-05T20:00:02Z" changeset="19831154" uid="1208453" user="chewey"/>
  <node id="2611401944" lat="35.9537223" lon="-86.5295435" version="1" timestamp="2014-01-05T20:00:02Z" changeset="19831154" uid="1208453" user="chewey"/>
  <node id="2611401945" lat="35.9537511" lon="-86.5286015" version="1" timestamp="2014-01-05T20:00:02Z" changeset="19831154" uid="1208453" user="chewey"/>
  <node id="2611401946" lat="35.9537688" lon="-86.5287345" version="1" timestamp="2014-01-05T20:00:02Z" changeset="19831154" uid="1208453" user="chewey"/>
  <node id="2611401947" lat="35.9537730" lon="-86.5282617" version="1" timestamp="2014-01-05T20:00:02Z" changeset="19831154" uid="1208453" user="chewey"/>
  <node id="2611401948" lat="35.9537780" lon="-86.5294347" version="1" timestamp="2014-01-05T20:00:02Z" changeset="19831154" uid="1208453" user="chewey"/>
  <node id="2611401949" lat="35.9537885" lon="-86.5282603" version="1" timestamp="2014-01-05T20:00:02Z" changeset="19831154" uid="1208453" user="chewey"/>
  <node id="2611401950" lat="35.9538000" lon="-86.5290565" version="1" timestamp="2014-01-05T20:00:02Z" changeset="19831154" uid="1208453" user="chewey"/>
  <node id="2611401951" lat="35.9538084" lon="-86.5293751" version="1" timestamp="2014-01-05T20:00:02Z" changeset="19831154" uid="1208453" user="chewey"/>
  <node id="2611401952" lat="35.9538202" lon="-86.5284913" version="1" timestamp="2014-01-05T20:00:02Z" changeset="19831154" uid="1208453" user="chewey"/>
  <node id="2611401953" lat="35.9538288" lon="-86.5291098" version="1" timestamp="2014-01-05T20:00:02Z" changeset="19831154" uid="1208453" user="chewey"/>
  <node id="2611401954" lat="35.9538346" lon="-86.5282852" version="1" timestamp="2014-01-05T20:00:02Z" changeset="19831154" uid="1208453" user="chewey"/>
  <node id="2611401955" lat="35.9538619" lon="-86.5292705" version="1" timestamp="2014-01-05T20:00:02Z" changeset="19831154" uid="1208453" user="chewey"/>
  <node id="2611401956" lat="35.9538921" lon="-86.5290992" version="1" timestamp="2014-01-05T20:00:02Z" changeset="19831154" uid="1208453" user="chewey"/>
  <node id="2611401957" lat="35.9541977" lon="-86.5370539" version="1" timestamp="2014-01-05T20:00:02Z" changeset="19831154" uid="1208453" user="chewey"/>
  <node id="2611401961" lat="35.9569096" lon="-86.5339032" version="1" timestamp="2014-01-05T20:00:02Z" changeset="19831154" uid="1208453" user="chewey"/>
  <node id="2611401962" lat="35.9570974" lon="-86.5338501" version="1" timestamp="2014-01-05T20:00:02Z" changeset="19831154" uid="1208453" user="chewey"/>
  <node id="2611401963" lat="35.9571913" lon="-86.5337776" version="1" timestamp="2014-01-05T20:00:02Z" changeset="19831154" uid="1208453" user="chewey">
    <tag k="highway" v="turning_circle"/>
  </node>
  <node id="2611401964" lat="35.9574299" lon="-86.5326803" version="1" timestamp="2014-01-05T20:00:02Z" changeset="19831154" uid="1208453" user="chewey">
    <tag k="highway" v="turning_circle"/>
  </node>
  <node id="2611401965" lat="35.9575552" lon="-86.5326948" version="1" timestamp="2014-01-05T20:00:02Z" changeset="19831154" uid="1208453" user="chewey"/>
  <node id="2611401966" lat="35.9577234" lon="-86.5327673" version="1" timestamp="2014-01-05T20:00:02Z" changeset="19831154" uid="1208453" user="chewey"/>
  <node id="2611401970" lat="35.9594730" lon="-86.5419768" version="1" timestamp="2014-01-05T20:00:02Z" changeset="19831154" uid="1208453" user="chewey"/>
  <node id="2611401971" lat="35.9595209" lon="-86.5420526" version="1" timestamp="2014-01-05T20:00:02Z" changeset="19831154" uid="1208453" user="chewey"/>
  <node id="3464322585" lat="35.9393366" lon="-86.5292908" version="1" timestamp="2015-04-18T22:32:44Z" changeset="30317927" uid="371121" user="AndrewSnow"/>
  <node id="3464322587" lat="35.9397021" lon="-86.5293553" version="1" timestamp="2015-04-18T22:32:44Z" changeset="30317927" uid="371121" user="AndrewSnow"/>
  <node id="3464322588" lat="35.9400094" lon="-86.5293652" version="1" timestamp="2015-04-18T22:32:44Z" changeset="30317927" uid="371121" user="AndrewSnow"/>
  <node id="3464322592" lat="35.9405175" lon="-86.5292759" version="1" timestamp="2015-04-18T22:32:44Z" changeset="30317927" uid="371121" user="AndrewSnow"/>
  <node id="3464329144" lat="35.9451485" lon="-86.5273621" version="1" timestamp="2015-04-18T22:32:45Z" changeset="30317927" uid="371121" user="AndrewSnow"/>
  <node id="3464329146" lat="35.9454076" lon="-86.5272902" version="1" timestamp="2015-04-18T22:32:45Z" changeset="30317927" uid="371121" user="AndrewSnow"/>
  <node id="3464329150" lat="35.9459719" lon="-86.5272083" version="1" timestamp="2015-04-18T22:32:45Z" changeset="30317927" uid="371121" user="AndrewSnow"/>
  <node id="3464329183" lat="35.9512356" lon="-86.5263374" version="1" timestamp="2015-04-18T22:32:45Z" changeset="30317927" uid="371121" user="AndrewSnow"/>
  <node id="3464329185" lat="35.9533533" lon="-86.5249287" version="1" timestamp="2015-04-18T22:32:45Z" changeset="30317927" uid="371121" user="AndrewSnow"/>
  <node id="3464383286" lat="35.9527122" lon="-86.5373302" version="1" timestamp="2015-04-18T23:24:26Z" changeset="30318612" uid="371121" user="AndrewSnow"/>
  <node id="3464383596" lat="35.9561850" lon="-86.5329418" version="1" timestamp="2015-04-18T23:24:26Z" changeset="30318612" uid="371121" user="AndrewSnow"/>
  <node id="3464383597" lat="35.9566778" lon="-86.5336371" version="1" timestamp="2015-04-18T23:24:26Z" changeset="30318612" uid="371121" user="AndrewSnow"/>
  <node id="3464383598" lat="35.9575776" lon="-86.5394343" version="1" timestamp="2015-04-18T23:24:26Z" changeset="30318612" uid="371121" user="AndrewSnow"/>
  <node id="3464383600" lat="35.9578985" lon="-86.5327697" version="1" timestamp="2015-04-18T23:24:26Z" changeset="30318612" uid="371121" user="AndrewSnow"/>
  <node id="3464383601" lat="35.9580664" lon="-86.5303008" version="1" timestamp="2015-04-18T23:24:26Z" changeset="30318612" uid="371121" user="AndrewSnow"/>
  <node id="3464383602" lat="35.9582377" lon="-86.5318444" version="1" timestamp="2015-04-18T23:24:26Z" changeset="30318612" uid="371121" user="AndrewSnow"/>
  <node id="3464383603" lat="35.9582680" lon="-86.5313921" version="1" timestamp="2015-04-18T23:24:26Z" changeset="30318612" uid="371121" user="AndrewSnow"/>
  <node id="3573119302" lat="35.9481057" lon="-86.5306957" version="1" timestamp="2015-06-04T21:07:35Z" changeset="31731367" uid="1240849" user="ediyes"/>
  <node id="5285241780" lat="35.9555455" lon="-86.5371030" version="1" timestamp="2017-12-15T05:10:49Z" changeset="54642822" uid="5456699" user="Kevenem"/>
  <node id="5285241781" lat="35.9555804" lon="-86.5370037" version="1" timestamp="2017-12-15T05:10:49Z" changeset="54642822" uid="5456699" user="Kevenem"/>
  <node id="5285241782" lat="35.9555464" lon="-86.5369617" version="1" timestamp="2017-12-15T05:10:49Z" changeset="54642822" uid="5456699" user="Kevenem"/>
  <node id="5285241783" lat="35.9555511" lon="-86.5369489" version="1" timestamp="2017-12-15T05:10:49Z" changeset="54642822" uid="5456699" user="Kevenem"/>
  <node id="5285241784" lat="35.9554642" lon="-86.5368788" version="1" timestamp="2017-12-15T05:10:49Z" changeset="54642822" uid="5456699" user="Kevenem"/>
  <node id="5285241785" lat="35.9554321" lon="-86.5369711" version="1" timestamp="2017-12-15T05:10:49Z" changeset="54642822" uid="5456699" user="Kevenem"/>
  <node id="5285241786" lat="35.9554510" lon="-86.5369921" version="1" timestamp="2017-12-15T05:10:49Z" changeset="54642822" uid="5456699" user="Kevenem"/>
  <node id="5285241787" lat="35.9554396" lon="-86.5370364" version="1" timestamp="2017-12-15T05:10:49Z" changeset="54642822" uid="5456699" user="Kevenem"/>
  <node id="5285241794" lat="35.9535080" lon="-86.5306352" version="1" timestamp="2017-12-15T05:10:49Z" changeset="54642822" uid="5456699" user="Kevenem"/>
  <node id="5285241795" lat="35.9534928" lon="-86.5305520" version="1" timestamp="2017-12-15T05:10:49Z" changeset="54642822" uid="5456699" user="Kevenem"/>
  <node id="5285241796" lat="35.9533310" lon="-86.5305896" version="1" timestamp="2017-12-15T05:10:49Z" changeset="54642822" uid="5456699" user="Kevenem"/>
  <node id="5285241797" lat="35.9533528" lon="-86.5306915" version="1" timestamp="2017-12-15T05:10:49Z" changeset="54642822" uid="5456699" user="Kevenem"/>
  <node id="5285241798" lat="35.9534222" lon="-86.5306674" version="1" timestamp="2017-12-15T05:10:49Z" changeset="54642822" uid="5456699" user="Kevenem"/>
  <node id="5285241799" lat="35.9534266" lon="-86.5306835" version="1" timestamp="2017-12-15T05:10:49Z" changeset="54642822" uid="5456699" user="Kevenem"/>
  <node id="5285241800" lat="35.9534765" lon="-86.5306674" version="1" timestamp="2017-12-15T05:10:49Z" changeset="54642822" uid="5456699" user="Kevenem"/>
  <node id="5285241801" lat="35.9534754" lon="-86.5306486" version="1" timestamp="2017-12-15T05:10:49Z" changeset="54642822" uid="5456699" user="Kevenem"/>
  <node id="5837630408" lat="35.9553498" lon="-86.5340052" version="1" timestamp="2018-08-17T05:33:49Z" changeset="61733720" uid="8407158" user="shadty"/>
  <node id="5837630409" lat="35.9555154" lon="-86.5340371" version="1" timestamp="2018-08-17T05:33:49Z" changeset="61733720" uid="8407158" user="shadty"/>
  <node id="5837630410" lat="35.9556133" lon="-86.5341717" version="1" timestamp="2018-08-17T05:33:49Z" changeset="61733720" uid="8407158" user="shadty"/>
  <node id="5837630411" lat="35.9559006" lon="-86.5342321" version="1" timestamp="2018-08-17T05:33:49Z" changeset="61733720" uid="8407158" user="shadty"/>
  <node id="5837630412" lat="35.9559337" lon="-86.5339786" version="1" timestamp="2018-08-17T05:33:49Z" changeset="61733720" uid="8407158" user="shadty"/>
  <node id="5837630413" lat="35.9556417" lon="-86.5339318" version="1" timestamp="2018-08-17T05:33:49Z" changeset="61733720" uid="8407158" user="shadty"/>
  <node id="5837630414" lat="35.9559203" lon="-86.5341034" version="1" timestamp="2018-08-17T05:33:49Z" changeset="61733720" uid="8407158" user="shadty"/>
  <node id="6195347861" lat="35.9423445" lon="-86.5285530" version="1" timestamp="2019-01-09T14:23:36Z" changeset="66164055" uid="9196096" user="dhaird"/>
  <node id="6197266659" lat="35.9575416" lon="-86.5223525" version="1" timestamp="2019-01-10T05:20:20Z" changeset="66183362" uid="9259451" user="abbuddha"/>
  <node id="6197266670" lat="35.9576501" lon="-86.5233133" version="1" timestamp="2019-01-10T05:20:21Z" changeset="66183362" uid="9259451" user="abbuddha"/>
  <node id="6197266695" lat="35.9574187" lon="-86.5212643" version="1" timestamp="2019-01-10T05:20:21Z" changeset="66183362" uid="9259451" user="abbuddha"/>
  <node id="6197266696" lat="35.9568522" lon="-86.5209578" version="1" timestamp="2019-01-10T05:20:21Z" changeset="66183362" uid="9259451" user="abbuddha"/>
  <node id="6215118985" lat="35.9493334" lon="-86.5262632" version="2" timestamp="2021-03-15T02:13:07Z" changeset="101013671" uid="12497850" user="unikingr"/>
  <node id="6215118987" lat="35.9488954" lon="-86.5253903" version="1" timestamp="2019-01-17T02:02:33Z" changeset="66380714" uid="9259471" user="ppgne"/>
  <node id="6215118988" lat="35.9487509" lon="-86.5250395" version="1" timestamp="2019-01-17T02:02:33Z" changeset="66380714" uid="9259471" user="ppgne"/>
  <node id="6215118989" lat="35.9486914" lon="-86.5244178" version="1" timestamp="2019-01-17T02:02:33Z" changeset="66380714" uid="9259471" user="ppgne"/>
  <node id="6215118990" lat="35.9486557" lon="-86.5240670" version="1" timestamp="2019-01-17T02:02:33Z" changeset="66380714" uid="9259471" user="ppgne"/>
  <node id="6215118991" lat="35.9486118" lon="-86.5236140" version="2" timestamp="2021-03-15T02:13:07Z" changeset="101013671" uid="12497850" user="unikingr"/>
  <node id="6215118992" lat="35.9485983" lon="-86.5234587" version="2" timestamp="2021-03-15T02:13:07Z" changeset="101013671" uid="12497850" user="unikingr"/>
  <node id="6215118993" lat="35.9486508" lon="-86.5233446" version="2" timestamp="2021-03-15T02:13:07Z" changeset="101013671" uid="12497850" user="unikingr"/>
  <node id="6215118994" lat="35.9490825" lon="-86.5232856" version="2" timestamp="2021-09-27T01:00:40Z" changeset="111744429" uid="12842151" user="DLance"/>
  <node id="6215118995" lat="35.9491982" lon="-86.5260086" version="2" timestamp="2021-03-15T02:13:07Z" changeset="101013671" uid="12497850" user="unikingr"/>
  <node id="6215118996" lat="35.9494486" lon="-86.5258023" version="1" timestamp="2019-01-17T02:02:33Z" changeset="66380714" uid="9259471" user="ppgne"/>
  <node id="6215118997" lat="35.9498806" lon="-86.5254864" version="2" timestamp="2021-03-15T02:13:07Z" changeset="101013671" uid="12497850" user="unikingr"/>
  <node id="6215118998" lat="35.9500174" lon="-86.5257579" version="1" timestamp="2019-01-17T02:02:33Z" changeset="66380714" uid="9259471" user="ppgne"/>
  <node id="6215119012" lat="35.9488269" lon="-86.5252460" version="2" timestamp="2021-03-15T02:13:07Z" changeset="101013671" uid="12497850" user="unikingr"/>
  <node id="6215119024" lat="35.9486670" lon="-86.5241753" version="2" timestamp="2021-03-15T02:13:07Z" changeset="101013671" uid="12497850" user="unikingr"/>
  <node id="6215119026" lat="35.9487083" lon="-86.5246194" version="2" timestamp="2021-03-15T02:13:07Z" changeset="101013671" uid="12497850" user="unikingr"/>
  <node id="6224566955" lat="35.9484859" lon="-86.5267676" version="1" timestamp="2019-01-21T09:29:03Z" changeset="66497892" uid="8476269" user="sskalyan"/>
  <node id="6224566956" lat="35.9484570" lon="-86.5267849" version="2" timestamp="2021-03-15T02:13:07Z" changeset="101013671" uid="12497850" user="unikingr"/>
  <node id="6687236108" lat="35.9504252" lon="-86.5254522" version="1" timestamp="2019-08-06T08:16:31Z" changeset="73053543" uid="10173462" user="jedidy"/>
  <node id="6687236109" lat="35.9506292" lon="-86.5260033" version="1" timestamp="2019-08-06T08:16:31Z" changeset="73053543" uid="10173462" user="jedidy"/>
  <node id="6687236110" lat="35.9506236" lon="-86.5261568" version="1" timestamp="2019-08-06T08:16:31Z" changeset="73053543" uid="10173462" user="jedidy"/>
  <node id="6687236111" lat="35.9505538" lon="-86.5263103" version="1" timestamp="2019-08-06T08:16:31Z" changeset="73053543" uid="10173462" user="jedidy"/>
  <node id="6687236112" lat="35.9505427" lon="-86.5264648" version="1" timestamp="2019-08-06T08:16:31Z" changeset="73053543" uid="10173462" user="jedidy"/>
  <node id="6687306281" lat="35.9444503" lon="-86.5276604" version="1" timestamp="2019-08-06T08:39:11Z" changeset="73054542" uid="10159522" user="loyakris"/>
  <node id="6688176630" lat="35.9522191" lon="-86.5306819" version="1" timestamp="2019-08-06T14:20:49Z" changeset="73069880" uid="10127758" user="akalohri"/>
  <node id="6688176631" lat="35.9522550" lon="-86.5306142" version="1" timestamp="2019-08-06T14:20:49Z" changeset="73069880" uid="10127758" user="akalohri"/>
  <node id="6688176632" lat="35.9523047" lon="-86.5305486" version="1" timestamp="2019-08-06T14:20:49Z" changeset="73069880" uid="10127758" user="akalohri"/>
  <node id="6688176633" lat="35.9523235" lon="-86.5304873" version="1" timestamp="2019-08-06T14:20:49Z" changeset="73069880" uid="10127758" user="akalohri"/>
  <node id="6688176634" lat="35.9523492" lon="-86.5303477" version="1" timestamp="2019-08-06T14:20:49Z" changeset="73069880" uid="10127758" user="akalohri"/>
  <node id="6688176635" lat="35.9524125" lon="-86.5302187" version="1" timestamp="2019-08-06T14:20:49Z" changeset="73069880" uid="10127758" user="akalohri"/>
  <node id="6688176636" lat="35.9524661" lon="-86.5301460" version="1" timestamp="2019-08-06T14:20:49Z" changeset="73069880" uid="10127758" user="akalohri"/>
  <node id="6688176637" lat="35.9519060" lon="-86.5275524" version="1" timestamp="2019-08-06T14:20:49Z" changeset="73069880" uid="10127758" user="akalohri"/>
  <node id="6688176638" lat="35.9523993" lon="-86.5269823" version="1" timestamp="2019-08-06T14:20:49Z" changeset="73069880" uid="10127758" user="akalohri"/>
  <node id="6688176639" lat="35.9515872" lon="-86.5270790" version="1" timestamp="2019-08-06T14:20:49Z" changeset="73069880" uid="10127758" user="akalohri"/>
  <node id="6688176640" lat="35.9518194" lon="-86.5269035" version="1" timestamp="2019-08-06T14:20:49Z" changeset="73069880" uid="10127758" user="akalohri"/>
  <node id="6688176641" lat="35.9518762" lon="-86.5268370" version="1" timestamp="2019-08-06T14:20:49Z" changeset="73069880" uid="10127758" user="akalohri"/>
  <node id="6688176642" lat="35.9519712" lon="-86.5267378" version="1" timestamp="2019-08-06T14:20:49Z" changeset="73069880" uid="10127758" user="akalohri"/>
  <node id="6688176643" lat="35.9543703" lon="-86.5290858" version="1" timestamp="2019-08-06T14:20:49Z" changeset="73069880" uid="10127758" user="akalohri"/>
  <node id="6688176644" lat="35.9547681" lon="-86.5288352" version="1" timestamp="2019-08-06T14:20:49Z" changeset="73069880" uid="10127758" user="akalohri"/>
  <node id="6688176645" lat="35.9547705" lon="-86.5288334" version="1" timestamp="2019-08-06T14:20:49Z" changeset="73069880" uid="10127758" user="akalohri"/>
  <node id="6688176646" lat="35.9539959" lon="-86.5307862" version="1" timestamp="2019-08-06T14:20:49Z" changeset="73069880" uid="10127758" user="akalohri"/>
  <node id="6688176647" lat="35.9540597" lon="-86.5304801" version="1" timestamp="2019-08-06T14:20:49Z" changeset="73069880" uid="10127758" user="akalohri"/>
  <node id="6688176648" lat="35.9540597" lon="-86.5304162" version="1" timestamp="2019-08-06T14:20:49Z" changeset="73069880" uid="10127758" user="akalohri"/>
  <node id="6688176649" lat="35.9540488" lon="-86.5303597" version="1" timestamp="2019-08-06T14:20:49Z" changeset="73069880" uid="10127758" user="akalohri"/>
  <node id="6690333004" lat="35.9552398" lon="-86.5246209" version="1" timestamp="2019-08-07T07:06:24Z" changeset="73095390" uid="10173449" user="kasbadri"/>
  <node id="6690333007" lat="35.9552250" lon="-86.5252660" version="1" timestamp="2019-08-07T07:06:24Z" changeset="73095390" uid="10173449" user="kasbadri"/>
  <node id="6690333008" lat="35.9551256" lon="-86.5219814" version="1" timestamp="2019-08-07T07:06:24Z" changeset="73095390" uid="10173449" user="kasbadri"/>
  <node id="6691072684" lat="35.9505076" lon="-86.5336716" version="1" timestamp="2019-08-07T13:21:08Z" changeset="73112100" uid="10192121" user="jamenimm"/>
  <node id="6691090185" lat="35.9504803" lon="-86.5333377" version="1" timestamp="2019-08-07T13:21:08Z" changeset="73112100" uid="10192121" user="jamenimm"/>
  <node id="6691090186" lat="35.9507487" lon="-86.5332918" version="1" timestamp="2019-08-07T13:21:08Z" changeset="73112100" uid="10192121" user="jamenimm"/>
  <node id="6691145681" lat="35.9576415" lon="-86.5232374" version="1" timestamp="2019-08-07T13:59:27Z" changeset="73113848" uid="10173447" user="bapup"/>
  <node id="7018826800" lat="35.9522826" lon="-86.5283603" version="1" timestamp="2019-11-29T08:14:03Z" changeset="77713720" uid="10173444" user="rzsi"/>
  <node id="7018826801" lat="35.9527421" lon="-86.5282543" version="1" timestamp="2019-11-29T08:14:03Z" changeset="77713720" uid="10173444" user="rzsi"/>
  <node id="7018826802" lat="35.9527704" lon="-86.5282120" version="1" timestamp="2019-11-29T08:14:03Z" changeset="77713720" uid="10173444" user="rzsi"/>
  <node id="7018826803" lat="35.9527898" lon="-86.5280114" version="1" timestamp="2019-11-29T08:14:03Z" changeset="77713720" uid="10173444" user="rzsi"/>
  <node id="7018826804" lat="35.9528151" lon="-86.5278937" version="1" timestamp="2019-11-29T08:14:03Z" changeset="77713720" uid="10173444" user="rzsi"/>
  <node id="7018826805" lat="35.9528464" lon="-86.5278035" version="1" timestamp="2019-11-29T08:14:03Z" changeset="77713720" uid="10173444" user="rzsi"/>
  <node id="7018826806" lat="35.9529059" lon="-86.5277097" version="1" timestamp="2019-11-29T08:14:03Z" changeset="77713720" uid="10173444" user="rzsi"/>
  <node id="7048298353" lat="35.9473119" lon="-86.5306271" version="1" timestamp="2019-12-11T05:23:16Z" changeset="78239508" uid="10145809" user="vaidhev"/>
  <node id="7048298356" lat="35.9468273" lon="-86.5305852" version="1" timestamp="2019-12-11T05:23:16Z" changeset="78239508" uid="10145809" user="vaidhev"/>
  <node id="7787977012" lat="35.9525653" lon="-86.5372191" version="1" timestamp="2020-08-05T17:37:51Z" changeset="88994551" uid="10114003" user="kirashas"/>
  <node id="7787977013" lat="35.9523443" lon="-86.5370740" version="1" timestamp="2020-08-05T17:37:51Z" changeset="88994551" uid="10114003" user="kirashas"/>
  <node id="7787977014" lat="35.9520813" lon="-86.5369231" version="1" timestamp="2020-08-05T17:37:51Z" changeset="88994551" uid="10114003" user="kirashas"/>
  <node id="7787977015" lat="35.9519238" lon="-86.5368402" version="1" timestamp="2020-08-05T17:37:51Z" changeset="88994551" uid="10114003" user="kirashas"/>
  <node id="7787977016" lat="35.9517839" lon="-86.5367837" version="1" timestamp="2020-08-05T17:37:51Z" changeset="88994551" uid="10114003" user="kirashas"/>
  <node id="7787977017" lat="35.9516580" lon="-86.5367572" version="1" timestamp="2020-08-05T17:37:51Z" changeset="88994551" uid="10114003" user="kirashas"/>
  <node id="7822939266" lat="35.9496261" lon="-86.5256662" version="1" timestamp="2020-08-18T11:36:10Z" changeset="89572305" uid="10240917" user="nambim"/>
  <node id="7831315633" lat="35.9464810" lon="-86.5271371" version="1" timestamp="2020-08-21T06:04:56Z" changeset="89724442" uid="10271424" user="duarisha"/>
  <node id="7831315638" lat="35.9461161" lon="-86.5271881" version="1" timestamp="2020-08-21T06:04:56Z" changeset="89724442" uid="10271424" user="duarisha"/>
  <node id="7831315643" lat="35.9473546" lon="-86.5270149" version="1" timestamp="2020-08-21T06:04:56Z" changeset="89724442" uid="10271424" user="duarisha"/>
  <node id="7852399001" lat="35.9401265" lon="-86.5293568" version="1" timestamp="2020-08-28T07:25:09Z" changeset="90064378" uid="10145810" user="vpprahar"/>
  <node id="7937300470" lat="35.9542566" lon="-86.5226220" version="1" timestamp="2020-09-24T10:07:26Z" changeset="91425391" uid="11676219" user="kmarifo"/>
  <node id="7937300473" lat="35.9537565" lon="-86.5229911" version="1" timestamp="2020-09-24T10:07:26Z" changeset="91425391" uid="11676219" user="kmarifo"/>
  <node id="7937300477" lat="35.9533197" lon="-86.5233135" version="1" timestamp="2020-09-24T10:07:26Z" changeset="91425391" uid="11676219" user="kmarifo"/>
  <node id="8484886117" lat="35.9514771" lon="-86.5267371" version="1" timestamp="2021-03-04T06:42:52Z" changeset="100394811" uid="11676225" user="nampeb"/>
  <node id="8484886118" lat="35.9518888" lon="-86.5265957" version="1" timestamp="2021-03-04T06:42:52Z" changeset="100394811" uid="11676225" user="nampeb"/>
  <node id="8502372819" lat="35.9769925" lon="-86.5390249" version="1" timestamp="2021-03-10T04:25:23Z" changeset="100744979" uid="12497850" user="unikingr"/>
  <node id="8502372820" lat="35.9769837" lon="-86.5389873" version="1" timestamp="2021-03-10T04:25:23Z" changeset="100744979" uid="12497850" user="unikingr"/>
  <node id="8502372821" lat="35.9769606" lon="-86.5389546" version="1" timestamp="2021-03-10T04:25:23Z" changeset="100744979" uid="12497850" user="unikingr"/>
  <node id="8502372822" lat="35.9769169" lon="-86.5389104" version="1" timestamp="2021-03-10T04:25:23Z" changeset="100744979" uid="12497850" user="unikingr"/>
  <node id="8502372823" lat="35.9764869" lon="-86.5384630" version="1" timestamp="2021-03-10T04:25:23Z" changeset="100744979" uid="12497850" user="unikingr"/>
  <node id="8502372824" lat="35.9761555" lon="-86.5381146" version="1" timestamp="2021-03-10T04:25:23Z" changeset="100744979" uid="12497850" user="unikingr"/>
  <node id="8502372825" lat="35.9758525" lon="-86.5377977" version="1" timestamp="2021-03-10T04:25:23Z" changeset="100744979" uid="12497850" user="unikingr"/>
  <node id="8502372826" lat="35.9755196" lon="-86.5374539" version="1" timestamp="2021-03-10T04:25:23Z" changeset="100744979" uid="12497850" user="unikingr"/>
  <node id="8502372827" lat="35.9750456" lon="-86.5369628" version="1" timestamp="2021-03-10T04:25:23Z" changeset="100744979" uid="12497850" user="unikingr"/>
  <node id="8502372828" lat="35.9747344" lon="-86.5366403" version="1" timestamp="2021-03-10T04:25:23Z" changeset="100744979" uid="12497850" user="unikingr"/>
  <node id="8502372829" lat="35.9743534" lon="-86.5362409" version="1" timestamp="2021-03-10T04:25:23Z" changeset="100744979" uid="12497850" user="unikingr"/>
  <node id="8502372830" lat="35.9739927" lon="-86.5358573" version="1" timestamp="2021-03-10T04:25:23Z" changeset="100744979" uid="12497850" user="unikingr"/>
  <node id="8502372831" lat="35.9737130" lon="-86.5355747" version="1" timestamp="2021-03-10T04:25:23Z" changeset="100744979" uid="12497850" user="unikingr"/>
  <node id="8502372832" lat="35.9735060" lon="-86.5353690" version="1" timestamp="2021-03-10T04:25:23Z" changeset="100744979" uid="12497850" user="unikingr"/>
  <node id="8502372833" lat="35.9733201" lon="-86.5351799" version="1" timestamp="2021-03-10T04:25:23Z" changeset="100744979" uid="12497850" user="unikingr"/>
  <node id="8502372834" lat="35.9732826" lon="-86.5351586" version="1" timestamp="2021-03-10T04:25:23Z" changeset="100744979" uid="12497850" user="unikingr"/>
  <node id="8502372835" lat="35.9731041" lon="-86.5349724" version="1" timestamp="2021-03-10T04:25:23Z" changeset="100744979" uid="12497850" user="unikingr"/>
  <node id="8502372836" lat="35.9729983" lon="-86.5348649" version="1" timestamp="2021-03-10T04:25:23Z" changeset="100744979" uid="12497850" user="unikingr"/>
  <node id="8502372837" lat="35.9728348" lon="-86.5347018" version="1" timestamp="2021-03-10T04:25:23Z" changeset="100744979" uid="12497850" user="unikingr"/>
  <node id="8502372838" lat="35.9727599" lon="-86.5346221" version="1" timestamp="2021-03-10T04:25:23Z" changeset="100744979" uid="12497850" user="unikingr"/>
  <node id="8502372839" lat="35.9726541" lon="-86.5345164" version="1" timestamp="2021-03-10T04:25:23Z" changeset="100744979" uid="12497850" user="unikingr"/>
  <node id="8502372840" lat="35.9724959" lon="-86.5343608" version="1" timestamp="2021-03-10T04:25:23Z" changeset="100744979" uid="12497850" user="unikingr"/>
  <node id="8502372841" lat="35.9723181" lon="-86.5341838" version="1" timestamp="2021-03-10T04:25:23Z" changeset="100744979" uid="12497850" user="unikingr"/>
  <node id="8502372842" lat="35.9722492" lon="-86.5341189" version="1" timestamp="2021-03-10T04:25:23Z" changeset="100744979" uid="12497850" user="unikingr"/>
  <node id="8502372843" lat="35.9722177" lon="-86.5341097" version="1" timestamp="2021-03-10T04:25:23Z" changeset="100744979" uid="12497850" user="unikingr"/>
  <node id="8502372844" lat="35.9720302" lon="-86.5339123" version="1" timestamp="2021-03-10T04:25:23Z" changeset="100744979" uid="12497850" user="unikingr"/>
  <node id="8502372845" lat="35.9720152" lon="-86.5338724" version="1" timestamp="2021-03-10T04:25:23Z" changeset="100744979" uid="12497850" user="unikingr"/>
  <node id="8502372846" lat="35.9719447" lon="-86.5337918" version="1" timestamp="2021-03-10T04:25:23Z" changeset="100744979" uid="12497850" user="unikingr"/>
  <node id="8502372847" lat="35.9718509" lon="-86.5336945" version="1" timestamp="2021-03-10T04:25:23Z" changeset="100744979" uid="12497850" user="unikingr"/>
  <node id="8502372850" lat="35.9721433" lon="-86.5340313" version="1" timestamp="2021-03-10T04:25:23Z" changeset="100744979" uid="12497850" user="unikingr">
    <tag k="crossing" v="marked"/>
    <tag k="highway" v="crossing"/>
  </node>
  <node id="8502372851" lat="35.9732212" lon="-86.5350946" version="1" timestamp="2021-03-10T04:25:23Z" changeset="100744979" uid="12497850" user="unikingr">
    <tag k="highway" v="crossing"/>
  </node>
  <node id="8502372852" lat="35.9750677" lon="-86.5369856" version="3" timestamp="2024-05-05T14:06:12Z" changeset="150921898" uid="21358978" user="JadeWok">
    <tag k="crossing:markings" v="no"/>
    <tag k="highway" v="crossing"/>
  </node>
  <node id="8502372853" lat="35.9759447" lon="-86.5378941" version="1" timestamp="2021-03-10T04:25:23Z" changeset="100744979" uid="12497850" user="unikingr">
    <tag k="highway" v="crossing"/>
  </node>
  <node id="8502372854" lat="35.9764593" lon="-86.5384340" version="1" timestamp="2021-03-10T04:25:23Z" changeset="100744979" uid="12497850" user="unikingr">
    <tag k="highway" v="crossing"/>
  </node>
  <node id="8502372855" lat="35.9720442" lon="-86.5339270" version="1" timestamp="2021-03-10T04:25:23Z" changeset="100744979" uid="12497850" user="unikingr"/>
  <node id="8502373118" lat="35.9715133" lon="-86.5333485" version="1" timestamp="2021-03-10T04:25:23Z" changeset="100744979" uid="12497850" user="unikingr"/>
  <node id="8502373119" lat="35.9711458" lon="-86.5329661" version="1" timestamp="2021-03-10T04:25:23Z" changeset="100744979" uid="12497850" user="unikingr"/>
  <node id="8502373120" lat="35.9707926" lon="-86.5325902" version="1" timestamp="2021-03-10T04:25:23Z" changeset="100744979" uid="12497850" user="unikingr"/>
  <node id="8502373121" lat="35.9704922" lon="-86.5322780" version="1" timestamp="2021-03-10T04:25:23Z" changeset="100744979" uid="12497850" user="unikingr"/>
  <node id="8502373122" lat="35.9702631" lon="-86.5320344" version="1" timestamp="2021-03-10T04:25:23Z" changeset="100744979" uid="12497850" user="unikingr"/>
  <node id="8502373123" lat="35.9699830" lon="-86.5317383" version="1" timestamp="2021-03-10T04:25:23Z" changeset="100744979" uid="12497850" user="unikingr"/>
  <node id="8502373124" lat="35.9698283" lon="-86.5315762" version="1" timestamp="2021-03-10T04:25:23Z" changeset="100744979" uid="12497850" user="unikingr"/>
  <node id="8502373125" lat="35.9696631" lon="-86.5314092" version="1" timestamp="2021-03-10T04:25:23Z" changeset="100744979" uid="12497850" user="unikingr"/>
  <node id="8502373126" lat="35.9695769" lon="-86.5313132" version="1" timestamp="2021-03-10T04:25:23Z" changeset="100744979" uid="12497850" user="unikingr"/>
  <node id="8502373127" lat="35.9693908" lon="-86.5311188" version="1" timestamp="2021-03-10T04:25:23Z" changeset="100744979" uid="12497850" user="unikingr"/>
  <node id="8502373128" lat="35.9691780" lon="-86.5308961" version="1" timestamp="2021-03-10T04:25:23Z" changeset="100744979" uid="12497850" user="unikingr"/>
  <node id="8502373129" lat="35.9689991" lon="-86.5307065" version="1" timestamp="2021-03-10T04:25:23Z" changeset="100744979" uid="12497850" user="unikingr"/>
  <node id="8502373130" lat="35.9686772" lon="-86.5303613" version="1" timestamp="2021-03-10T04:25:23Z" changeset="100744979" uid="12497850" user="unikingr"/>
  <node id="8502373132" lat="35.9681856" lon="-86.5298313" version="1" timestamp="2021-03-10T04:25:23Z" changeset="100744979" uid="12497850" user="unikingr"/>
  <node id="8502373133" lat="35.9680080" lon="-86.5296393" version="1" timestamp="2021-03-10T04:25:23Z" changeset="100744979" uid="12497850" user="unikingr"/>
  <node id="8502373134" lat="35.9677749" lon="-86.5293860" version="1" timestamp="2021-03-10T04:25:23Z" changeset="100744979" uid="12497850" user="unikingr"/>
  <node id="8502373135" lat="35.9675647" lon="-86.5291609" version="1" timestamp="2021-03-10T04:25:23Z" changeset="100744979" uid="12497850" user="unikingr"/>
  <node id="8502373136" lat="35.9672037" lon="-86.5287761" version="1" timestamp="2021-03-10T04:25:23Z" changeset="100744979" uid="12497850" user="unikingr"/>
  <node id="8502373137" lat="35.9671279" lon="-86.5287390" version="1" timestamp="2021-03-10T04:25:23Z" changeset="100744979" uid="12497850" user="unikingr"/>
  <node id="8502373138" lat="35.9670581" lon="-86.5286761" version="1" timestamp="2021-03-10T04:25:23Z" changeset="100744979" uid="12497850" user="unikingr"/>
  <node id="8502373139" lat="35.9669595" lon="-86.5285640" version="1" timestamp="2021-03-10T04:25:23Z" changeset="100744979" uid="12497850" user="unikingr"/>
  <node id="8502373140" lat="35.9668393" lon="-86.5284228" version="1" timestamp="2021-03-10T04:25:23Z" changeset="100744979" uid="12497850" user="unikingr"/>
  <node id="8502373141" lat="35.9667858" lon="-86.5283558" version="1" timestamp="2021-03-10T04:25:23Z" changeset="100744979" uid="12497850" user="unikingr"/>
  <node id="8502373142" lat="35.9667610" lon="-86.5283139" version="1" timestamp="2021-03-10T04:25:23Z" changeset="100744979" uid="12497850" user="unikingr"/>
  <node id="8502373143" lat="35.9667492" lon="-86.5282768" version="1" timestamp="2021-03-10T04:25:23Z" changeset="100744979" uid="12497850" user="unikingr"/>
  <node id="8502373144" lat="35.9667166" lon="-86.5282397" version="1" timestamp="2021-03-10T04:25:23Z" changeset="100744979" uid="12497850" user="unikingr"/>
  <node id="8502373145" lat="35.9665932" lon="-86.5281017" version="1" timestamp="2021-03-10T04:25:23Z" changeset="100744979" uid="12497850" user="unikingr"/>
  <node id="8502373146" lat="35.9664156" lon="-86.5279009" version="1" timestamp="2021-03-10T04:25:23Z" changeset="100744979" uid="12497850" user="unikingr"/>
  <node id="8502373147" lat="35.9662347" lon="-86.5277040" version="1" timestamp="2021-03-10T04:25:23Z" changeset="100744979" uid="12497850" user="unikingr"/>
  <node id="8502373148" lat="35.9659462" lon="-86.5273878" version="1" timestamp="2021-03-10T04:25:23Z" changeset="100744979" uid="12497850" user="unikingr"/>
  <node id="8502373149" lat="35.9657712" lon="-86.5272039" version="1" timestamp="2021-03-10T04:25:23Z" changeset="100744979" uid="12497850" user="unikingr"/>
  <node id="8502373150" lat="35.9655838" lon="-86.5270062" version="1" timestamp="2021-03-10T04:25:23Z" changeset="100744979" uid="12497850" user="unikingr"/>
  <node id="8502373151" lat="35.9653612" lon="-86.5267739" version="1" timestamp="2021-03-10T04:25:23Z" changeset="100744979" uid="12497850" user="unikingr"/>
  <node id="8502373152" lat="35.9652560" lon="-86.5266513" version="1" timestamp="2021-03-10T04:25:23Z" changeset="100744979" uid="12497850" user="unikingr"/>
  <node id="8502373153" lat="35.9650673" lon="-86.5264553" version="1" timestamp="2021-03-10T04:25:23Z" changeset="100744979" uid="12497850" user="unikingr"/>
  <node id="8502373154" lat="35.9649139" lon="-86.5262931" version="1" timestamp="2021-03-10T04:25:23Z" changeset="100744979" uid="12497850" user="unikingr"/>
  <node id="8502373155" lat="35.9648728" lon="-86.5262754" version="1" timestamp="2021-03-10T04:25:23Z" changeset="100744979" uid="12497850" user="unikingr"/>
  <node id="8502373156" lat="35.9647690" lon="-86.5261665" version="1" timestamp="2021-03-10T04:25:23Z" changeset="100744979" uid="12497850" user="unikingr"/>
  <node id="8502373157" lat="35.9647611" lon="-86.5261358" version="1" timestamp="2021-03-10T04:25:23Z" changeset="100744979" uid="12497850" user="unikingr"/>
  <node id="8502373158" lat="35.9647206" lon="-86.5260874" version="1" timestamp="2021-03-10T04:25:23Z" changeset="100744979" uid="12497850" user="unikingr"/>
  <node id="8502373159" lat="35.9645385" lon="-86.5258987" version="1" timestamp="2021-03-10T04:25:23Z" changeset="100744979" uid="12497850" user="unikingr"/>
  <node id="8502373160" lat="35.9642851" lon="-86.5256413" version="1" timestamp="2021-03-10T04:25:23Z" changeset="100744979" uid="12497850" user="unikingr"/>
  <node id="8502373161" lat="35.9640351" lon="-86.5253711" version="1" timestamp="2021-03-10T04:25:23Z" changeset="100744979" uid="12497850" user="unikingr"/>
  <node id="8502373162" lat="35.9638007" lon="-86.5251218" version="1" timestamp="2021-03-10T04:25:23Z" changeset="100744979" uid="12497850" user="unikingr"/>
  <node id="8502373163" lat="35.9637680" lon="-86.5251089" version="1" timestamp="2021-03-10T04:25:23Z" changeset="100744979" uid="12497850" user="unikingr"/>
  <node id="8502373164" lat="35.9636538" lon="-86.5249895" version="1" timestamp="2021-03-10T04:25:23Z" changeset="100744979" uid="12497850" user="unikingr"/>
  <node id="8502373165" lat="35.9636296" lon="-86.5249419" version="1" timestamp="2021-03-10T04:25:23Z" changeset="100744979" uid="12497850" user="unikingr"/>
  <node id="8502373166" lat="35.9635976" lon="-86.5249064" version="1" timestamp="2021-03-10T04:25:23Z" changeset="100744979" uid="12497850" user="unikingr"/>
  <node id="8502373167" lat="35.9633378" lon="-86.5246273" version="1" timestamp="2021-03-10T04:25:23Z" changeset="100744979" uid="12497850" user="unikingr"/>
  <node id="8502373168" lat="35.9630563" lon="-86.5243248" version="1" timestamp="2021-03-10T04:25:23Z" changeset="100744979" uid="12497850" user="unikingr"/>
  <node id="8502373169" lat="35.9628311" lon="-86.5240836" version="1" timestamp="2021-03-10T04:25:23Z" changeset="100744979" uid="12497850" user="unikingr"/>
  <node id="8502373170" lat="35.9625784" lon="-86.5238117" version="1" timestamp="2021-03-10T04:25:23Z" changeset="100744979" uid="12497850" user="unikingr"/>
  <node id="8502373171" lat="35.9623642" lon="-86.5235818" version="1" timestamp="2021-03-10T04:25:23Z" changeset="100744979" uid="12497850" user="unikingr"/>
  <node id="8502373172" lat="35.9621337" lon="-86.5233366" version="1" timestamp="2021-03-10T04:25:23Z" changeset="100744979" uid="12497850" user="unikingr"/>
  <node id="8502373173" lat="35.9619183" lon="-86.5231051" version="1" timestamp="2021-03-10T04:25:23Z" changeset="100744979" uid="12497850" user="unikingr"/>
  <node id="8502373174" lat="35.9616499" lon="-86.5228187" version="1" timestamp="2021-03-10T04:25:23Z" changeset="100744979" uid="12497850" user="unikingr"/>
  <node id="8502373175" lat="35.9614077" lon="-86.5225638" version="1" timestamp="2021-03-10T04:25:23Z" changeset="100744979" uid="12497850" user="unikingr"/>
  <node id="8502373176" lat="35.9611413" lon="-86.5222839" version="1" timestamp="2021-03-10T04:25:23Z" changeset="100744979" uid="12497850" user="unikingr"/>
  <node id="8502373177" lat="35.9609251" lon="-86.5220524" version="1" timestamp="2021-03-10T04:25:23Z" changeset="100744979" uid="12497850" user="unikingr"/>
  <node id="8502373178" lat="35.9606816" lon="-86.5217926" version="1" timestamp="2021-03-10T04:25:23Z" changeset="100744979" uid="12497850" user="unikingr"/>
  <node id="8502373179" lat="35.9605177" lon="-86.5216232" version="1" timestamp="2021-03-10T04:25:23Z" changeset="100744979" uid="12497850" user="unikingr"/>
  <node id="8502373180" lat="35.9603114" lon="-86.5214022" version="1" timestamp="2021-03-10T04:25:23Z" changeset="100744979" uid="12497850" user="unikingr"/>
  <node id="8502373181" lat="35.9599836" lon="-86.5210545" version="1" timestamp="2021-03-10T04:25:23Z" changeset="100744979" uid="12497850" user="unikingr"/>
  <node id="8502373182" lat="35.9597544" lon="-86.5208117" version="1" timestamp="2021-03-10T04:25:23Z" changeset="100744979" uid="12497850" user="unikingr"/>
  <node id="8502373183" lat="35.9596793" lon="-86.5207504" version="1" timestamp="2021-03-10T04:25:23Z" changeset="100744979" uid="12497850" user="unikingr"/>
  <node id="8502373184" lat="35.9596558" lon="-86.5207060" version="1" timestamp="2021-03-10T04:25:23Z" changeset="100744979" uid="12497850" user="unikingr"/>
  <node id="8502373185" lat="35.9596153" lon="-86.5206681" version="1" timestamp="2021-03-10T04:25:23Z" changeset="100744979" uid="12497850" user="unikingr"/>
  <node id="8502373186" lat="35.9595585" lon="-86.5206463" version="1" timestamp="2021-03-10T04:25:23Z" changeset="100744979" uid="12497850" user="unikingr"/>
  <node id="8502373187" lat="35.9594527" lon="-86.5206285" version="1" timestamp="2021-03-10T04:25:23Z" changeset="100744979" uid="12497850" user="unikingr"/>
  <node id="8502373188" lat="35.9593868" lon="-86.5206342" version="1" timestamp="2021-03-10T04:25:23Z" changeset="100744979" uid="12497850" user="unikingr"/>
  <node id="8502373189" lat="35.9592470" lon="-86.5206592" version="1" timestamp="2021-03-10T04:25:23Z" changeset="100744979" uid="12497850" user="unikingr"/>
  <node id="8502373190" lat="35.9588370" lon="-86.5207100" version="1" timestamp="2021-03-10T04:25:23Z" changeset="100744979" uid="12497850" user="unikingr"/>
  <node id="8502373191" lat="35.9586907" lon="-86.5207294" version="1" timestamp="2021-03-10T04:25:23Z" changeset="100744979" uid="12497850" user="unikingr"/>
  <node id="8502373192" lat="35.9586705" lon="-86.5207423" version="1" timestamp="2021-03-10T04:25:23Z" changeset="100744979" uid="12497850" user="unikingr"/>
  <node id="8502373193" lat="35.9584687" lon="-86.5207608" version="1" timestamp="2021-03-10T04:25:23Z" changeset="100744979" uid="12497850" user="unikingr"/>
  <node id="8502373194" lat="35.9583492" lon="-86.5207818" version="1" timestamp="2021-03-10T04:25:23Z" changeset="100744979" uid="12497850" user="unikingr"/>
  <node id="8502373195" lat="35.9580756" lon="-86.5208270" version="1" timestamp="2021-03-10T04:25:23Z" changeset="100744979" uid="12497850" user="unikingr"/>
  <node id="8502373196" lat="35.9576518" lon="-86.5208988" version="1" timestamp="2021-03-10T04:25:23Z" changeset="100744979" uid="12497850" user="unikingr"/>
  <node id="8502373197" lat="35.9575016" lon="-86.5209230" version="1" timestamp="2021-03-10T04:25:23Z" changeset="100744979" uid="12497850" user="unikingr"/>
  <node id="8502373198" lat="35.9574781" lon="-86.5209399" version="1" timestamp="2021-03-10T04:25:23Z" changeset="100744979" uid="12497850" user="unikingr"/>
  <node id="8502373199" lat="35.9574599" lon="-86.5209706" version="1" timestamp="2021-03-10T04:25:23Z" changeset="100744979" uid="12497850" user="unikingr"/>
  <node id="8502373200" lat="35.9574566" lon="-86.5210004" version="1" timestamp="2021-03-10T04:25:23Z" changeset="100744979" uid="12497850" user="unikingr"/>
  <node id="8502373201" lat="35.9574749" lon="-86.5211739" version="1" timestamp="2021-03-10T04:25:23Z" changeset="100744979" uid="12497850" user="unikingr"/>
  <node id="8502373202" lat="35.9574827" lon="-86.5211924" version="1" timestamp="2021-03-10T04:25:23Z" changeset="100744979" uid="12497850" user="unikingr"/>
  <node id="8502373203" lat="35.9574945" lon="-86.5213554" version="1" timestamp="2021-03-10T04:25:23Z" changeset="100744979" uid="12497850" user="unikingr"/>
  <node id="8502373204" lat="35.9575480" lon="-86.5218241" version="1" timestamp="2021-03-10T04:25:23Z" changeset="100744979" uid="12497850" user="unikingr"/>
  <node id="8502373205" lat="35.9576218" lon="-86.5224944" version="1" timestamp="2021-03-10T04:25:23Z" changeset="100744979" uid="12497850" user="unikingr"/>
  <node id="8502373206" lat="35.9576975" lon="-86.5232011" version="1" timestamp="2021-03-10T04:25:23Z" changeset="100744979" uid="12497850" user="unikingr"/>
  <node id="8502373207" lat="35.9577217" lon="-86.5234382" version="1" timestamp="2021-03-10T04:25:23Z" changeset="100744979" uid="12497850" user="unikingr"/>
  <node id="8502373208" lat="35.9577321" lon="-86.5237214" version="1" timestamp="2021-03-10T04:25:23Z" changeset="100744979" uid="12497850" user="unikingr"/>
  <node id="8502373209" lat="35.9577426" lon="-86.5240667" version="1" timestamp="2021-03-10T04:25:23Z" changeset="100744979" uid="12497850" user="unikingr"/>
  <node id="8502373210" lat="35.9578003" lon="-86.5252801" version="1" timestamp="2021-03-10T04:25:23Z" changeset="100744979" uid="12497850" user="unikingr"/>
  <node id="8502373211" lat="35.9578058" lon="-86.5256093" version="1" timestamp="2021-03-10T04:25:23Z" changeset="100744979" uid="12497850" user="unikingr"/>
  <node id="8502373212" lat="35.9578133" lon="-86.5257073" version="1" timestamp="2021-03-10T04:25:23Z" changeset="100744979" uid="12497850" user="unikingr"/>
  <node id="8502373213" lat="35.9578503" lon="-86.5259075" version="1" timestamp="2021-03-10T04:25:23Z" changeset="100744979" uid="12497850" user="unikingr"/>
  <node id="8502373214" lat="35.9579227" lon="-86.5263088" version="1" timestamp="2021-03-10T04:25:23Z" changeset="100744979" uid="12497850" user="unikingr"/>
  <node id="8502373215" lat="35.9579918" lon="-86.5267254" version="1" timestamp="2021-03-10T04:25:23Z" changeset="100744979" uid="12497850" user="unikingr"/>
  <node id="8502373216" lat="35.9580588" lon="-86.5271495" version="1" timestamp="2021-03-10T04:25:23Z" changeset="100744979" uid="12497850" user="unikingr"/>
  <node id="8502373217" lat="35.9580800" lon="-86.5272044" version="1" timestamp="2021-03-10T04:25:23Z" changeset="100744979" uid="12497850" user="unikingr"/>
  <node id="8502373218" lat="35.9580923" lon="-86.5273624" version="1" timestamp="2021-03-10T04:25:23Z" changeset="100744979" uid="12497850" user="unikingr"/>
  <node id="8502373219" lat="35.9580732" lon="-86.5274190" version="1" timestamp="2021-03-10T04:25:23Z" changeset="100744979" uid="12497850" user="unikingr"/>
  <node id="8502373220" lat="35.9580752" lon="-86.5275508" version="1" timestamp="2021-03-10T04:25:23Z" changeset="100744979" uid="12497850" user="unikingr"/>
  <node id="8502373221" lat="35.9580780" lon="-86.5278431" version="1" timestamp="2021-03-10T04:25:23Z" changeset="100744979" uid="12497850" user="unikingr"/>
  <node id="8502373222" lat="35.9580664" lon="-86.5280644" version="1" timestamp="2021-03-10T04:25:23Z" changeset="100744979" uid="12497850" user="unikingr"/>
  <node id="8502373223" lat="35.9580629" lon="-86.5281641" version="1" timestamp="2021-03-10T04:25:23Z" changeset="100744979" uid="12497850" user="unikingr"/>
  <node id="8502373224" lat="35.9580636" lon="-86.5282123" version="1" timestamp="2021-03-10T04:25:23Z" changeset="100744979" uid="12497850" user="unikingr"/>
  <node id="8502373225" lat="35.9580718" lon="-86.5282528" version="1" timestamp="2021-03-10T04:25:23Z" changeset="100744979" uid="12497850" user="unikingr"/>
  <node id="8502373226" lat="35.9580472" lon="-86.5284505" version="1" timestamp="2021-03-10T04:25:23Z" changeset="100744979" uid="12497850" user="unikingr"/>
  <node id="8502373227" lat="35.9580328" lon="-86.5285012" version="1" timestamp="2021-03-10T04:25:23Z" changeset="100744979" uid="12497850" user="unikingr"/>
  <node id="8502373228" lat="35.9580281" lon="-86.5286423" version="1" timestamp="2021-03-10T04:25:23Z" changeset="100744979" uid="12497850" user="unikingr"/>
  <node id="8502373229" lat="35.9580137" lon="-86.5289878" version="1" timestamp="2021-03-10T04:25:23Z" changeset="100744979" uid="12497850" user="unikingr"/>
  <node id="8502373230" lat="35.9580146" lon="-86.5292692" version="2" timestamp="2022-07-31T09:31:37Z" changeset="124294228" uid="3816962" user="bking22">
    <tag k="highway" v="crossing"/>
  </node>
  <node id="8502373231" lat="35.9580253" lon="-86.5295176" version="1" timestamp="2021-03-10T04:25:23Z" changeset="100744979" uid="12497850" user="unikingr"/>
  <node id="8502373232" lat="35.9580424" lon="-86.5297533" version="1" timestamp="2021-03-10T04:25:23Z" changeset="100744979" uid="12497850" user="unikingr"/>
  <node id="8502373233" lat="35.9580540" lon="-86.5299028" version="1" timestamp="2021-03-10T04:25:23Z" changeset="100744979" uid="12497850" user="unikingr"/>
  <node id="8502373234" lat="35.9580711" lon="-86.5300042" version="1" timestamp="2021-03-10T04:25:23Z" changeset="100744979" uid="12497850" user="unikingr"/>
  <node id="8502373235" lat="35.9580910" lon="-86.5300515" version="1" timestamp="2021-03-10T04:25:23Z" changeset="100744979" uid="12497850" user="unikingr"/>
  <node id="8502373236" lat="35.9581183" lon="-86.5302146" version="1" timestamp="2021-03-10T04:25:23Z" changeset="100744979" uid="12497850" user="unikingr"/>
  <node id="8502373237" lat="35.9581122" lon="-86.5302534" version="1" timestamp="2021-03-10T04:25:23Z" changeset="100744979" uid="12497850" user="unikingr"/>
  <node id="8502373238" lat="35.9581258" lon="-86.5303388" version="1" timestamp="2021-03-10T04:25:23Z" changeset="100744979" uid="12497850" user="unikingr"/>
  <node id="8502373239" lat="35.9581977" lon="-86.5306885" version="1" timestamp="2021-03-10T04:25:23Z" changeset="100744979" uid="12497850" user="unikingr"/>
  <node id="8502373240" lat="35.9582496" lon="-86.5309149" version="1" timestamp="2021-03-10T04:25:23Z" changeset="100744979" uid="12497850" user="unikingr"/>
  <node id="8502373241" lat="35.9582794" lon="-86.5311053" version="2" timestamp="2022-07-31T09:31:37Z" changeset="124294228" uid="3816962" user="bking22">
    <tag k="highway" v="crossing"/>
  </node>
  <node id="8502373242" lat="35.9583132" lon="-86.5312723" version="1" timestamp="2021-03-10T04:25:23Z" changeset="100744979" uid="12497850" user="unikingr"/>
  <node id="8502373243" lat="35.9583248" lon="-86.5314083" version="1" timestamp="2021-03-10T04:25:23Z" changeset="100744979" uid="12497850" user="unikingr"/>
  <node id="8502373244" lat="35.9583337" lon="-86.5314523" version="1" timestamp="2021-03-10T04:25:23Z" changeset="100744979" uid="12497850" user="unikingr"/>
  <node id="8502373245" lat="35.9583488" lon="-86.5314793" version="1" timestamp="2021-03-10T04:25:23Z" changeset="100744979" uid="12497850" user="unikingr"/>
  <node id="8502373246" lat="35.9583269" lon="-86.5316331" version="1" timestamp="2021-03-10T04:25:23Z" changeset="100744979" uid="12497850" user="unikingr"/>
  <node id="8502373247" lat="35.9583091" lon="-86.5316956" version="1" timestamp="2021-03-10T04:25:23Z" changeset="100744979" uid="12497850" user="unikingr"/>
  <node id="8502373248" lat="35.9582783" lon="-86.5318696" version="1" timestamp="2021-03-10T04:25:23Z" changeset="100744979" uid="12497850" user="unikingr"/>
  <node id="8502373249" lat="35.9582414" lon="-86.5320732" version="1" timestamp="2021-03-10T04:25:23Z" changeset="100744979" uid="12497850" user="unikingr"/>
  <node id="8502373250" lat="35.9582072" lon="-86.5322743" version="1" timestamp="2021-03-10T04:25:23Z" changeset="100744979" uid="12497850" user="unikingr"/>
  <node id="8502373251" lat="35.9582018" lon="-86.5324635" version="1" timestamp="2021-03-10T04:25:23Z" changeset="100744979" uid="12497850" user="unikingr"/>
  <node id="8502373252" lat="35.9582093" lon="-86.5326528" version="1" timestamp="2021-03-10T04:25:23Z" changeset="100744979" uid="12497850" user="unikingr"/>
  <node id="8502373253" lat="35.9582503" lon="-86.5328665" version="1" timestamp="2021-03-10T04:25:23Z" changeset="100744979" uid="12497850" user="unikingr"/>
  <node id="8502373254" lat="35.9583438" lon="-86.5331014" version="2" timestamp="2022-07-31T09:31:37Z" changeset="124294228" uid="3816962" user="bking22">
    <tag k="highway" v="crossing"/>
  </node>
  <node id="8502373255" lat="35.9584691" lon="-86.5333253" version="1" timestamp="2021-03-10T04:25:23Z" changeset="100744979" uid="12497850" user="unikingr"/>
  <node id="8502373256" lat="35.9585519" lon="-86.5334621" version="1" timestamp="2021-03-10T04:25:23Z" changeset="100744979" uid="12497850" user="unikingr"/>
  <node id="8502373257" lat="35.9585868" lon="-86.5334773" version="1" timestamp="2021-03-10T04:25:23Z" changeset="100744979" uid="12497850" user="unikingr"/>
  <node id="8502373258" lat="35.9586236" lon="-86.5207466" version="1" timestamp="2021-03-10T04:25:23Z" changeset="100744979" uid="12497850" user="unikingr">
    <tag k="highway" v="crossing"/>
  </node>
  <node id="8502373259" lat="35.9585368" lon="-86.5207546" version="1" timestamp="2021-03-10T04:25:23Z" changeset="100744979" uid="12497850" user="unikingr">
    <tag k="highway" v="crossing"/>
  </node>
  <node id="8502373260" lat="35.9600569" lon="-86.5211323" version="1" timestamp="2021-03-10T04:25:23Z" changeset="100744979" uid="12497850" user="unikingr">
    <tag k="highway" v="crossing"/>
  </node>
  <node id="8502373261" lat="35.9574871" lon="-86.5212535" version="1" timestamp="2021-03-10T04:25:23Z" changeset="100744979" uid="12497850" user="unikingr">
    <tag k="highway" v="crossing"/>
  </node>
  <node id="8502373262" lat="35.9606145" lon="-86.5217232" version="1" timestamp="2021-03-10T04:25:23Z" changeset="100744979" uid="12497850" user="unikingr">
    <tag k="highway" v="crossing"/>
  </node>
  <node id="8502373263" lat="35.9610583" lon="-86.5221950" version="1" timestamp="2021-03-10T04:25:23Z" changeset="100744979" uid="12497850" user="unikingr">
    <tag k="highway" v="crossing"/>
  </node>
  <node id="8502373264" lat="35.9576045" lon="-86.5223373" version="1" timestamp="2021-03-10T04:25:23Z" changeset="100744979" uid="12497850" user="unikingr">
    <tag k="highway" v="crossing"/>
  </node>
  <node id="8502373265" lat="35.9577080" lon="-86.5233037" version="1" timestamp="2021-03-10T04:25:23Z" changeset="100744979" uid="12497850" user="unikingr">
    <tag k="highway" v="crossing"/>
  </node>
  <node id="8502373266" lat="35.9577365" lon="-86.5238653" version="1" timestamp="2021-03-10T04:25:23Z" changeset="100744979" uid="12497850" user="unikingr">
    <tag k="highway" v="crossing"/>
  </node>
  <node id="8502373267" lat="35.9577794" lon="-86.5248293" version="2" timestamp="2022-11-24T18:28:31Z" changeset="129339611" uid="12842151" user="DLance">
    <tag k="highway" v="crossing"/>
  </node>
  <node id="8502373268" lat="35.9637094" lon="-86.5250480" version="2" timestamp="2021-04-09T23:58:19Z" changeset="102674835" uid="12497850" user="unikingr">
    <tag k="highway" v="crossing"/>
  </node>
  <node id="8502373269" lat="35.9648220" lon="-86.5262222" version="1" timestamp="2021-03-10T04:25:23Z" changeset="100744979" uid="12497850" user="unikingr">
    <tag k="highway" v="crossing"/>
  </node>
  <node id="8502373270" lat="35.9580843" lon="-86.5272588" version="1" timestamp="2021-03-10T04:25:23Z" changeset="100744979" uid="12497850" user="unikingr">
    <tag k="highway" v="crossing"/>
  </node>
  <node id="8502373271" lat="35.9580614" lon="-86.5283367" version="1" timestamp="2021-03-10T04:25:23Z" changeset="100744979" uid="12497850" user="unikingr">
    <tag k="highway" v="crossing"/>
  </node>
  <node id="8502373272" lat="35.9672616" lon="-86.5288379" version="1" timestamp="2021-03-10T04:25:23Z" changeset="100744979" uid="12497850" user="unikingr">
    <tag k="highway" v="crossing"/>
  </node>
  <node id="8502373273" lat="35.9581031" lon="-86.5301237" version="1" timestamp="2021-03-10T04:25:23Z" changeset="100744979" uid="12497850" user="unikingr">
    <tag k="highway" v="crossing"/>
  </node>
  <node id="8502373274" lat="35.9691025" lon="-86.5308161" version="1" timestamp="2021-03-10T04:25:23Z" changeset="100744979" uid="12497850" user="unikingr">
    <tag k="highway" v="crossing"/>
  </node>
  <node id="8502373275" lat="35.9697478" lon="-86.5314948" version="1" timestamp="2021-03-10T04:25:23Z" changeset="100744979" uid="12497850" user="unikingr">
    <tag k="highway" v="crossing"/>
  </node>
  <node id="8502373276" lat="35.9583376" lon="-86.5315576" version="1" timestamp="2021-03-10T04:25:23Z" changeset="100744979" uid="12497850" user="unikingr">
    <tag k="highway" v="crossing"/>
  </node>
  <node id="8502373277" lat="35.9703510" lon="-86.5321278" version="1" timestamp="2021-03-10T04:25:23Z" changeset="100744979" uid="12497850" user="unikingr">
    <tag k="highway" v="crossing"/>
  </node>
  <node id="8502373278" lat="35.9715665" lon="-86.5334030" version="1" timestamp="2021-03-10T04:25:23Z" changeset="100744979" uid="12497850" user="unikingr">
    <tag k="highway" v="crossing"/>
  </node>
  <node id="8503726922" lat="35.9525795" lon="-86.5238641" version="1" timestamp="2021-03-10T13:25:47Z" changeset="100782511" uid="10240925" user="leelamrs"/>
  <node id="8519322117" lat="35.9486109" lon="-86.5233899" version="1" timestamp="2021-03-15T02:13:07Z" changeset="101013671" uid="12497850" user="unikingr"/>
  <node id="8519322118" lat="35.9487214" lon="-86.5248432" version="1" timestamp="2021-03-15T02:13:07Z" changeset="101013671" uid="12497850" user="unikingr"/>
  <node id="8519322119" lat="35.9487865" lon="-86.5251478" version="1" timestamp="2021-03-15T02:13:07Z" changeset="101013671" uid="12497850" user="unikingr"/>
  <node id="8519322154" lat="35.9489244" lon="-86.5265531" version="1" timestamp="2021-03-15T02:13:07Z" changeset="101013671" uid="12497850" user="unikingr"/>
  <node id="8519322155" lat="35.9486503" lon="-86.5272773" version="1" timestamp="2021-03-15T02:13:07Z" changeset="101013671" uid="12497850" user="unikingr"/>
  <node id="8519322156" lat="35.9490432" lon="-86.5277212" version="1" timestamp="2021-03-15T02:13:07Z" changeset="101013671" uid="12497850" user="unikingr"/>
  <node id="8519322157" lat="35.9494676" lon="-86.5257878" version="1" timestamp="2021-03-15T02:13:07Z" changeset="101013671" uid="12497850" user="unikingr"/>
  <node id="8519322160" lat="35.9493209" lon="-86.5259074" version="1" timestamp="2021-03-15T02:13:07Z" changeset="101013671" uid="12497850" user="unikingr"/>
  <node id="8519322161" lat="35.9489609" lon="-86.5251452" version="1" timestamp="2021-03-15T02:13:07Z" changeset="101013671" uid="12497850" user="unikingr"/>
  <node id="8519322162" lat="35.9497552" lon="-86.5255750" version="1" timestamp="2021-03-15T02:13:07Z" changeset="101013671" uid="12497850" user="unikingr"/>
  <node id="9125323790" lat="35.9509406" lon="-86.5239440" version="1" timestamp="2021-09-27T01:00:40Z" changeset="111744429" uid="12842151" user="DLance"/>
  <node id="9125323791" lat="35.9508847" lon="-86.5239475" version="1" timestamp="2021-09-27T01:00:40Z" changeset="111744429" uid="12842151" user="DLance"/>
  <node id="9125323792" lat="35.9507973" lon="-86.5240130" version="1" timestamp="2021-09-27T01:00:40Z" changeset="111744429" uid="12842151" user="DLance"/>
  <node id="9125323793" lat="35.9507629" lon="-86.5239582" version="1" timestamp="2021-09-27T01:00:40Z" changeset="111744429" uid="12842151" user="DLance"/>
  <node id="9125323794" lat="35.9505022" lon="-86.5241457" version="1" timestamp="2021-09-27T01:00:40Z" changeset="111744429" uid="12842151" user="DLance"/>
  <node id="9125323795" lat="35.9503246" lon="-86.5242767" version="1" timestamp="2021-09-27T01:00:40Z" changeset="111744429" uid="12842151" user="DLance"/>
  <node id="9125323796" lat="35.9502000" lon="-86.5243634" version="1" timestamp="2021-09-27T01:00:40Z" changeset="111744429" uid="12842151" user="DLance"/>
  <node id="9125323797" lat="35.9502272" lon="-86.5244271" version="1" timestamp="2021-09-27T01:00:40Z" changeset="111744429" uid="12842151" user="DLance"/>
  <node id="9125323798" lat="35.9501097" lon="-86.5244908" version="1" timestamp="2021-09-27T01:00:40Z" changeset="111744429" uid="12842151" user="DLance"/>
  <node id="9125323799" lat="35.9500667" lon="-86.5243988" version="1" timestamp="2021-09-27T01:00:40Z" changeset="111744429" uid="12842151" user="DLance"/>
  <node id="9125323800" lat="35.9497301" lon="-86.5246554" version="1" timestamp="2021-09-27T01:00:40Z" changeset="111744429" uid="12842151" user="DLance"/>
  <node id="9125323801" lat="35.9496155" lon="-86.5247368" version="1" timestamp="2021-09-27T01:00:40Z" changeset="111744429" uid="12842151" user="DLance"/>
  <node id="9125323802" lat="35.9494866" lon="-86.5248359" version="1" timestamp="2021-09-27T01:00:40Z" changeset="111744429" uid="12842151" user="DLance"/>
  <node id="9125323803" lat="35.9493906" lon="-86.5246324" version="1" timestamp="2021-09-27T01:00:40Z" changeset="111744429" uid="12842151" user="DLance"/>
  <node id="9125323804" lat="35.9492430" lon="-86.5243227" version="1" timestamp="2021-09-27T01:00:40Z" changeset="111744429" uid="12842151" user="DLance"/>
  <node id="9125323805" lat="35.9491872" lon="-86.5243616" version="1" timestamp="2021-09-27T01:00:40Z" changeset="111744429" uid="12842151" user="DLance"/>
  <node id="9125323806" lat="35.9491127" lon="-86.5242006" version="1" timestamp="2021-09-27T01:00:40Z" changeset="111744429" uid="12842151" user="DLance"/>
  <node id="9125323807" lat="35.9491055" lon="-86.5239865" version="1" timestamp="2021-09-27T01:00:40Z" changeset="111744429" uid="12842151" user="DLance"/>
  <node id="9125323808" lat="35.9490940" lon="-86.5238095" version="1" timestamp="2021-09-27T01:00:40Z" changeset="111744429" uid="12842151" user="DLance"/>
  <node id="9125323809" lat="35.9490711" lon="-86.5237493" version="1" timestamp="2021-09-27T01:00:40Z" changeset="111744429" uid="12842151" user="DLance"/>
  <node id="9125323810" lat="35.9487158" lon="-86.5240095" version="1" timestamp="2021-09-27T01:00:40Z" changeset="111744429" uid="12842151" user="DLance"/>
  <node id="9125323811" lat="35.9487474" lon="-86.5240608" version="1" timestamp="2021-09-27T01:00:40Z" changeset="111744429" uid="12842151" user="DLance"/>
  <node id="9125323812" lat="35.9487431" lon="-86.5241723" version="1" timestamp="2021-09-27T01:00:40Z" changeset="111744429" uid="12842151" user="DLance"/>
  <node id="9125323813" lat="35.9487688" lon="-86.5242201" version="1" timestamp="2021-09-27T01:00:40Z" changeset="111744429" uid="12842151" user="DLance"/>
  <node id="9125323814" lat="35.9487402" lon="-86.5242413" version="1" timestamp="2021-09-27T01:00:40Z" changeset="111744429" uid="12842151" user="DLance"/>
  <node id="9125323815" lat="35.9487674" lon="-86.5243032" version="1" timestamp="2021-09-27T01:00:40Z" changeset="111744429" uid="12842151" user="DLance"/>
  <node id="9125323816" lat="35.9487803" lon="-86.5243917" version="1" timestamp="2021-09-27T01:00:40Z" changeset="111744429" uid="12842151" user="DLance"/>
  <node id="9125323817" lat="35.9488061" lon="-86.5244483" version="1" timestamp="2021-09-27T01:00:40Z" changeset="111744429" uid="12842151" user="DLance"/>
  <node id="9125323818" lat="35.9488706" lon="-86.5246288" version="1" timestamp="2021-09-27T01:00:40Z" changeset="111744429" uid="12842151" user="DLance"/>
  <node id="9125323819" lat="35.9488176" lon="-86.5246625" version="1" timestamp="2021-09-27T01:00:40Z" changeset="111744429" uid="12842151" user="DLance"/>
  <node id="9125323820" lat="35.9490568" lon="-86.5251916" version="1" timestamp="2021-09-27T01:00:40Z" changeset="111744429" uid="12842151" user="DLance"/>
  <node id="9125323821" lat="35.9489279" lon="-86.5252818" version="1" timestamp="2021-09-27T01:00:40Z" changeset="111744429" uid="12842151" user="DLance"/>
  <node id="9125323822" lat="35.9492158" lon="-86.5258693" version="1" timestamp="2021-09-27T01:00:40Z" changeset="111744429" uid="12842151" user="DLance"/>
  <node id="9125323823" lat="35.9493548" lon="-86.5257525" version="1" timestamp="2021-09-27T01:00:40Z" changeset="111744429" uid="12842151" user="DLance"/>
  <node id="9125323824" lat="35.9493777" lon="-86.5257950" version="1" timestamp="2021-09-27T01:00:40Z" changeset="111744429" uid="12842151" user="DLance"/>
  <node id="9125323825" lat="35.9495639" lon="-86.5256499" version="1" timestamp="2021-09-27T01:00:40Z" changeset="111744429" uid="12842151" user="DLance"/>
  <node id="9125323826" lat="35.9496971" lon="-86.5255437" version="1" timestamp="2021-09-27T01:00:40Z" changeset="111744429" uid="12842151" user="DLance"/>
  <node id="9125323827" lat="35.9500338" lon="-86.5253031" version="1" timestamp="2021-09-27T01:00:40Z" changeset="111744429" uid="12842151" user="DLance"/>
  <node id="9125323828" lat="35.9500538" lon="-86.5254234" version="1" timestamp="2021-09-27T01:00:40Z" changeset="111744429" uid="12842151" user="DLance"/>
  <node id="9125323829" lat="35.9500768" lon="-86.5254712" version="1" timestamp="2021-09-27T01:00:40Z" changeset="111744429" uid="12842151" user="DLance"/>
  <node id="9125323830" lat="35.9504650" lon="-86.5251810" version="1" timestamp="2021-09-27T01:00:40Z" changeset="111744429" uid="12842151" user="DLance"/>
  <node id="9125323831" lat="35.9504392" lon="-86.5251243" version="1" timestamp="2021-09-27T01:00:40Z" changeset="111744429" uid="12842151" user="DLance"/>
  <node id="9125323832" lat="35.9505323" lon="-86.5250518" version="1" timestamp="2021-09-27T01:00:40Z" changeset="111744429" uid="12842151" user="DLance"/>
  <node id="9125323833" lat="35.9505581" lon="-86.5251084" version="1" timestamp="2021-09-27T01:00:40Z" changeset="111744429" uid="12842151" user="DLance"/>
  <node id="9125323834" lat="35.9509291" lon="-86.5248376" version="1" timestamp="2021-09-27T01:00:40Z" changeset="111744429" uid="12842151" user="DLance"/>
  <node id="9125323835" lat="35.9509033" lon="-86.5247793" version="1" timestamp="2021-09-27T01:00:40Z" changeset="111744429" uid="12842151" user="DLance"/>
  <node id="9125323836" lat="35.9509492" lon="-86.5247332" version="1" timestamp="2021-09-27T01:00:40Z" changeset="111744429" uid="12842151" user="DLance"/>
  <node id="9125323837" lat="35.9510036" lon="-86.5247297" version="1" timestamp="2021-09-27T01:00:40Z" changeset="111744429" uid="12842151" user="DLance"/>
  <node id="9921519192" lat="35.9543705" lon="-86.5188534" version="1" timestamp="2022-07-30T21:08:10Z" changeset="124283025" uid="3816962" user="bking22"/>
  <node id="9921519193" lat="35.9542934" lon="-86.5188714" version="1" timestamp="2022-07-30T21:08:10Z" changeset="124283025" uid="3816962" user="bking22"/>
  <node id="9921519194" lat="35.9541143" lon="-86.5188869" version="1" timestamp="2022-07-30T21:08:10Z" changeset="124283025" uid="3816962" user="bking22"/>
  <node id="9921519195" lat="35.9539706" lon="-86.5189023" version="1" timestamp="2022-07-30T21:08:10Z" changeset="124283025" uid="3816962" user="bking22"/>
  <node id="9921519196" lat="35.9537894" lon="-86.5190438" version="1" timestamp="2022-07-30T21:08:10Z" changeset="124283025" uid="3816962" user="bking22"/>
  <node id="9921519197" lat="35.9536769" lon="-86.5192239" version="1" timestamp="2022-07-30T21:08:10Z" changeset="124283025" uid="3816962" user="bking22"/>
  <node id="9921519198" lat="35.9536061" lon="-86.5191905" version="1" timestamp="2022-07-30T21:08:10Z" changeset="124283025" uid="3816962" user="bking22"/>
  <node id="9921519199" lat="35.9536936" lon="-86.5190464" version="1" timestamp="2022-07-30T21:08:10Z" changeset="124283025" uid="3816962" user="bking22"/>
  <node id="9921519200" lat="35.9536749" lon="-86.5188560" version="1" timestamp="2022-07-30T21:08:10Z" changeset="124283025" uid="3816962" user="bking22"/>
  <node id="9921519201" lat="35.9535749" lon="-86.5186913" version="1" timestamp="2022-07-30T21:08:10Z" changeset="124283025" uid="3816962" user="bking22"/>
  <node id="9921519202" lat="35.9534312" lon="-86.5184829" version="1" timestamp="2022-07-30T21:08:10Z" changeset="124283025" uid="3816962" user="bking22"/>
  <node id="9921519203" lat="35.9532895" lon="-86.5184752" version="1" timestamp="2022-07-30T21:08:10Z" changeset="124283025" uid="3816962" user="bking22"/>
  <node id="9921519204" lat="35.9530292" lon="-86.5186553" version="1" timestamp="2022-07-30T21:08:10Z" changeset="124283025" uid="3816962" user="bking22"/>
  <node id="9921519205" lat="35.9526584" lon="-86.5188740" version="1" timestamp="2022-07-30T21:08:10Z" changeset="124283025" uid="3816962" user="bking22"/>
  <node id="9921844269" lat="35.9537163" lon="-86.5440413" version="1" timestamp="2022-07-31T06:17:24Z" changeset="124289222" uid="3816962" user="bking22"/>
  <node id="9921844270" lat="35.9538390" lon="-86.5441017" version="1" timestamp="2022-07-31T06:17:24Z" changeset="124289222" uid="3816962" user="bking22"/>
  <node id="9921844271" lat="35.9539698" lon="-86.5441874" version="1" timestamp="2022-07-31T06:17:24Z" changeset="124289222" uid="3816962" user="bking22"/>
  <node id="9921844272" lat="35.9539994" lon="-86.5440961" version="1" timestamp="2022-07-31T06:17:24Z" changeset="124289222" uid="3816962" user="bking22"/>
  <node id="9921844273" lat="35.9539778" lon="-86.5439739" version="1" timestamp="2022-07-31T06:17:24Z" changeset="124289222" uid="3816962" user="bking22"/>
  <node id="9921844274" lat="35.9539971" lon="-86.5438868" version="1" timestamp="2022-07-31T06:17:24Z" changeset="124289222" uid="3816962" user="bking22"/>
  <node id="9921844275" lat="35.9540528" lon="-86.5438503" version="1" timestamp="2022-07-31T06:17:24Z" changeset="124289222" uid="3816962" user="bking22"/>
  <node id="9921844276" lat="35.9541710" lon="-86.5438306" version="1" timestamp="2022-07-31T06:17:24Z" changeset="124289222" uid="3816962" user="bking22"/>
  <node id="9921844277" lat="35.9543393" lon="-86.5437899" version="1" timestamp="2022-07-31T06:17:24Z" changeset="124289222" uid="3816962" user="bking22"/>
  <node id="9921844278" lat="35.9544587" lon="-86.5437688" version="1" timestamp="2022-07-31T06:17:24Z" changeset="124289222" uid="3816962" user="bking22"/>
  <node id="9921844279" lat="35.9545098" lon="-86.5437267" version="1" timestamp="2022-07-31T06:17:24Z" changeset="124289222" uid="3816962" user="bking22"/>
  <node id="9921844280" lat="35.9545030" lon="-86.5436803" version="1" timestamp="2022-07-31T06:17:24Z" changeset="124289222" uid="3816962" user="bking22"/>
  <node id="9921857032" lat="35.9533978" lon="-86.5415883" version="1" timestamp="2022-07-31T06:17:24Z" changeset="124289222" uid="3816962" user="bking22"/>
  <node id="9921857036" lat="35.9533161" lon="-86.5413321" version="1" timestamp="2022-07-31T06:17:24Z" changeset="124289222" uid="3816962" user="bking22"/>
  <node id="9921857037" lat="35.9532926" lon="-86.5411632" version="1" timestamp="2022-07-31T06:17:24Z" changeset="124289222" uid="3816962" user="bking22"/>
  <node id="9921857038" lat="35.9532902" lon="-86.5410313" version="1" timestamp="2022-07-31T06:17:24Z" changeset="124289222" uid="3816962" user="bking22"/>
  <node id="9921857039" lat="35.9532761" lon="-86.5408925" version="1" timestamp="2022-07-31T06:17:24Z" changeset="124289222" uid="3816962" user="bking22"/>
  <node id="9921857040" lat="35.9532454" lon="-86.5407661" version="1" timestamp="2022-07-31T06:17:24Z" changeset="124289222" uid="3816962" user="bking22"/>
  <node id="9921857389" lat="35.9545774" lon="-86.5429940" version="1" timestamp="2022-07-31T06:17:24Z" changeset="124289222" uid="3816962" user="bking22"/>
  <node id="9921857390" lat="35.9545155" lon="-86.5432911" version="1" timestamp="2022-07-31T06:17:24Z" changeset="124289222" uid="3816962" user="bking22"/>
  <node id="9921857412" lat="35.9546584" lon="-86.5437015" version="1" timestamp="2022-07-31T06:17:24Z" changeset="124289222" uid="3816962" user="bking22"/>
  <node id="9921857486" lat="35.9556344" lon="-86.5434482" version="1" timestamp="2022-07-31T06:17:24Z" changeset="124289222" uid="3816962" user="bking22"/>
  <node id="9921857487" lat="35.9555444" lon="-86.5434819" version="1" timestamp="2022-07-31T06:17:24Z" changeset="124289222" uid="3816962" user="bking22"/>
  <node id="9921857488" lat="35.9553082" lon="-86.5435169" version="1" timestamp="2022-07-31T06:17:24Z" changeset="124289222" uid="3816962" user="bking22"/>
  <node id="9921857489" lat="35.9550644" lon="-86.5435753" version="1" timestamp="2022-07-31T06:17:24Z" changeset="124289222" uid="3816962" user="bking22"/>
  <node id="9921857490" lat="35.9548300" lon="-86.5435975" version="1" timestamp="2022-07-31T06:17:24Z" changeset="124289222" uid="3816962" user="bking22"/>
  <node id="9921857491" lat="35.9548168" lon="-86.5436757" version="1" timestamp="2022-07-31T06:17:24Z" changeset="124289222" uid="3816962" user="bking22"/>
  <node id="9921857707" lat="35.9594344" lon="-86.5421407" version="1" timestamp="2022-07-31T06:17:24Z" changeset="124289222" uid="3816962" user="bking22"/>
  <node id="9921857708" lat="35.9594014" lon="-86.5421456" version="1" timestamp="2022-07-31T06:17:24Z" changeset="124289222" uid="3816962" user="bking22"/>
  <node id="9921857709" lat="35.9593637" lon="-86.5421592" version="1" timestamp="2022-07-31T06:17:24Z" changeset="124289222" uid="3816962" user="bking22"/>
  <node id="9921857710" lat="35.9593252" lon="-86.5421873" version="1" timestamp="2022-07-31T06:17:24Z" changeset="124289222" uid="3816962" user="bking22"/>
  <node id="9921857711" lat="35.9592741" lon="-86.5422320" version="1" timestamp="2022-07-31T06:17:24Z" changeset="124289222" uid="3816962" user="bking22"/>
  <node id="9921857712" lat="35.9592474" lon="-86.5422514" version="1" timestamp="2022-07-31T06:17:24Z" changeset="124289222" uid="3816962" user="bking22"/>
  <node id="9921857713" lat="35.9592074" lon="-86.5422019" version="1" timestamp="2022-07-31T06:17:24Z" changeset="124289222" uid="3816962" user="bking22"/>
  <node id="9921857716" lat="35.9591665" lon="-86.5421417" version="1" timestamp="2022-07-31T06:17:24Z" changeset="124289222" uid="3816962" user="bking22"/>
  <node id="9921857720" lat="35.9590970" lon="-86.5420777" version="1" timestamp="2022-07-31T06:17:24Z" changeset="124289222" uid="3816962" user="bking22"/>
  <node id="9921857721" lat="35.9590303" lon="-86.5419857" version="1" timestamp="2022-07-31T06:17:24Z" changeset="124289222" uid="3816962" user="bking22"/>
  <node id="9921857723" lat="35.9588579" lon="-86.5418559" version="1" timestamp="2022-07-31T06:17:24Z" changeset="124289222" uid="3816962" user="bking22"/>
  <node id="9921857724" lat="35.9587257" lon="-86.5417499" version="1" timestamp="2022-07-31T06:17:24Z" changeset="124289222" uid="3816962" user="bking22"/>
  <node id="9921857735" lat="35.9586810" lon="-86.5418007" version="1" timestamp="2022-07-31T06:17:24Z" changeset="124289222" uid="3816962" user="bking22"/>
  <node id="9921857736" lat="35.9585824" lon="-86.5417184" version="1" timestamp="2022-07-31T06:17:24Z" changeset="124289222" uid="3816962" user="bking22"/>
  <node id="9921857738" lat="35.9584773" lon="-86.5416539" version="1" timestamp="2022-07-31T06:17:24Z" changeset="124289222" uid="3816962" user="bking22"/>
  <node id="9921857739" lat="35.9584316" lon="-86.5416119" version="1" timestamp="2022-07-31T06:17:24Z" changeset="124289222" uid="3816962" user="bking22"/>
  <node id="9921857741" lat="35.9582455" lon="-86.5415627" version="1" timestamp="2022-07-31T06:17:24Z" changeset="124289222" uid="3816962" user="bking22"/>
  <node id="9921857742" lat="35.9581606" lon="-86.5415361" version="1" timestamp="2022-07-31T06:17:24Z" changeset="124289222" uid="3816962" user="bking22"/>
  <node id="9921857743" lat="35.9580659" lon="-86.5414893" version="1" timestamp="2022-07-31T06:17:24Z" changeset="124289222" uid="3816962" user="bking22"/>
  <node id="9921857744" lat="35.9579392" lon="-86.5414538" version="1" timestamp="2022-07-31T06:17:24Z" changeset="124289222" uid="3816962" user="bking22"/>
  <node id="9921857745" lat="35.9578158" lon="-86.5414353" version="1" timestamp="2022-07-31T06:17:24Z" changeset="124289222" uid="3816962" user="bking22"/>
  <node id="9921857747" lat="35.9576336" lon="-86.5414038" version="1" timestamp="2022-07-31T06:17:24Z" changeset="124289222" uid="3816962" user="bking22"/>
  <node id="9921857748" lat="35.9575951" lon="-86.5413853" version="1" timestamp="2022-07-31T06:17:24Z" changeset="124289222" uid="3816962" user="bking22"/>
  <node id="9921857749" lat="35.9574887" lon="-86.5413352" version="1" timestamp="2022-07-31T06:17:24Z" changeset="124289222" uid="3816962" user="bking22"/>
  <node id="9921857750" lat="35.9573881" lon="-86.5413143" version="1" timestamp="2022-07-31T06:17:24Z" changeset="124289222" uid="3816962" user="bking22"/>
  <node id="9921857751" lat="35.9573098" lon="-86.5412715" version="1" timestamp="2022-07-31T06:17:24Z" changeset="124289222" uid="3816962" user="bking22"/>
  <node id="9921857752" lat="35.9571857" lon="-86.5412320" version="1" timestamp="2022-07-31T06:17:24Z" changeset="124289222" uid="3816962" user="bking22"/>
  <node id="9921857753" lat="35.9570473" lon="-86.5411844" version="1" timestamp="2022-07-31T06:17:24Z" changeset="124289222" uid="3816962" user="bking22"/>
  <node id="9921857754" lat="35.9569487" lon="-86.5411586" version="1" timestamp="2022-07-31T06:17:24Z" changeset="124289222" uid="3816962" user="bking22"/>
  <node id="9921857755" lat="35.9568102" lon="-86.5411271" version="1" timestamp="2022-07-31T06:17:24Z" changeset="124289222" uid="3816962" user="bking22"/>
  <node id="9921857877" lat="35.9497686" lon="-86.5476582" version="1" timestamp="2022-07-31T06:17:24Z" changeset="124289222" uid="3816962" user="bking22"/>
  <node id="9921857878" lat="35.9495904" lon="-86.5474602" version="1" timestamp="2022-07-31T06:17:24Z" changeset="124289222" uid="3816962" user="bking22"/>
  <node id="9921857880" lat="35.9493113" lon="-86.5470860" version="1" timestamp="2022-07-31T06:17:24Z" changeset="124289222" uid="3816962" user="bking22"/>
  <node id="9921857881" lat="35.9491351" lon="-86.5469148" version="1" timestamp="2022-07-31T06:17:24Z" changeset="124289222" uid="3816962" user="bking22"/>
  <node id="9921857882" lat="35.9489657" lon="-86.5468924" version="1" timestamp="2022-07-31T06:17:24Z" changeset="124289222" uid="3816962" user="bking22"/>
  <node id="9921857883" lat="35.9489123" lon="-86.5467217" version="1" timestamp="2022-07-31T06:17:24Z" changeset="124289222" uid="3816962" user="bking22"/>
  <node id="9921857895" lat="35.9482024" lon="-86.5445657" version="1" timestamp="2022-07-31T06:17:24Z" changeset="124289222" uid="3816962" user="bking22"/>
  <node id="9921857896" lat="35.9483529" lon="-86.5445065" version="1" timestamp="2022-07-31T06:17:24Z" changeset="124289222" uid="3816962" user="bking22"/>
  <node id="9921857897" lat="35.9484705" lon="-86.5444981" version="1" timestamp="2022-07-31T06:17:24Z" changeset="124289222" uid="3816962" user="bking22"/>
  <node id="9921857898" lat="35.9485362" lon="-86.5444153" version="1" timestamp="2022-07-31T06:17:24Z" changeset="124289222" uid="3816962" user="bking22"/>
  <node id="9921857899" lat="35.9485936" lon="-86.5443308" version="1" timestamp="2022-07-31T06:17:24Z" changeset="124289222" uid="3816962" user="bking22"/>
  <node id="9921857900" lat="35.9484855" lon="-86.5441923" version="1" timestamp="2022-07-31T06:17:24Z" changeset="124289222" uid="3816962" user="bking22"/>
  <node id="9921857901" lat="35.9483583" lon="-86.5440503" version="1" timestamp="2022-07-31T06:17:24Z" changeset="124289222" uid="3816962" user="bking22"/>
  <node id="9921857902" lat="35.9482421" lon="-86.5439878" version="1" timestamp="2022-07-31T06:17:24Z" changeset="124289222" uid="3816962" user="bking22"/>
  <node id="9921857904" lat="35.9479726" lon="-86.5442362" version="1" timestamp="2022-07-31T06:17:24Z" changeset="124289222" uid="3816962" user="bking22"/>
  <node id="9921857905" lat="35.9479110" lon="-86.5443460" version="1" timestamp="2022-07-31T06:17:24Z" changeset="124289222" uid="3816962" user="bking22"/>
  <node id="9921857906" lat="35.9478850" lon="-86.5444643" version="1" timestamp="2022-07-31T06:17:24Z" changeset="124289222" uid="3816962" user="bking22"/>
  <node id="9921857907" lat="35.9477742" lon="-86.5445708" version="1" timestamp="2022-07-31T06:17:24Z" changeset="124289222" uid="3816962" user="bking22"/>
  <node id="9921857908" lat="35.9476251" lon="-86.5446400" version="1" timestamp="2022-07-31T06:17:24Z" changeset="124289222" uid="3816962" user="bking22"/>
  <node id="9921857909" lat="35.9475007" lon="-86.5446502" version="1" timestamp="2022-07-31T06:17:24Z" changeset="124289222" uid="3816962" user="bking22"/>
  <node id="9921857910" lat="35.9473830" lon="-86.5445910" version="1" timestamp="2022-07-31T06:17:24Z" changeset="124289222" uid="3816962" user="bking22"/>
  <node id="9921857911" lat="35.9472599" lon="-86.5444508" version="1" timestamp="2022-07-31T06:17:24Z" changeset="124289222" uid="3816962" user="bking22"/>
  <node id="9921857912" lat="35.9471122" lon="-86.5443173" version="1" timestamp="2022-07-31T06:17:24Z" changeset="124289222" uid="3816962" user="bking22"/>
  <node id="9921857913" lat="35.9470520" lon="-86.5442463" version="1" timestamp="2022-07-31T06:17:24Z" changeset="124289222" uid="3816962" user="bking22"/>
  <node id="9921857914" lat="35.9469480" lon="-86.5442886" version="1" timestamp="2022-07-31T06:17:24Z" changeset="124289222" uid="3816962" user="bking22"/>
  <node id="9921857915" lat="35.9468468" lon="-86.5441517" version="1" timestamp="2022-07-31T06:17:24Z" changeset="124289222" uid="3816962" user="bking22"/>
  <node id="9921857916" lat="35.9468578" lon="-86.5440334" version="1" timestamp="2022-07-31T06:17:24Z" changeset="124289222" uid="3816962" user="bking22"/>
  <node id="9921857917" lat="35.9468003" lon="-86.5439084" version="1" timestamp="2022-07-31T06:17:24Z" changeset="124289222" uid="3816962" user="bking22"/>
  <node id="9921857918" lat="35.9465650" lon="-86.5436212" version="1" timestamp="2022-07-31T06:17:24Z" changeset="124289222" uid="3816962" user="bking22"/>
  <node id="9921857919" lat="35.9464132" lon="-86.5434927" version="1" timestamp="2022-07-31T06:17:24Z" changeset="124289222" uid="3816962" user="bking22"/>
  <node id="9921857920" lat="35.9462668" lon="-86.5433339" version="1" timestamp="2022-07-31T06:17:24Z" changeset="124289222" uid="3816962" user="bking22"/>
  <node id="9921857921" lat="35.9459850" lon="-86.5430078" version="1" timestamp="2022-07-31T06:17:24Z" changeset="124289222" uid="3816962" user="bking22"/>
  <node id="9921857922" lat="35.9458770" lon="-86.5428490" version="1" timestamp="2022-07-31T06:17:24Z" changeset="124289222" uid="3816962" user="bking22"/>
  <node id="9921857923" lat="35.9456307" lon="-86.5425651" version="1" timestamp="2022-07-31T06:17:24Z" changeset="124289222" uid="3816962" user="bking22"/>
  <node id="9921857924" lat="35.9453489" lon="-86.5422677" version="1" timestamp="2022-07-31T06:17:24Z" changeset="124289222" uid="3816962" user="bking22"/>
  <node id="9921857925" lat="35.9451410" lon="-86.5420261" version="1" timestamp="2022-07-31T06:17:24Z" changeset="124289222" uid="3816962" user="bking22"/>
  <node id="9921857926" lat="35.9449098" lon="-86.5417794" version="1" timestamp="2022-07-31T06:17:24Z" changeset="124289222" uid="3816962" user="bking22"/>
  <node id="9921857927" lat="35.9447648" lon="-86.5416341" version="1" timestamp="2022-07-31T06:17:24Z" changeset="124289222" uid="3816962" user="bking22"/>
  <node id="9921857928" lat="35.9445254" lon="-86.5413114" version="1" timestamp="2022-07-31T06:17:24Z" changeset="124289222" uid="3816962" user="bking22"/>
  <node id="9921857929" lat="35.9443134" lon="-86.5408889" version="1" timestamp="2022-07-31T06:17:24Z" changeset="124289222" uid="3816962" user="bking22"/>
  <node id="9921857930" lat="35.9439837" lon="-86.5413570" version="1" timestamp="2022-07-31T06:17:24Z" changeset="124289222" uid="3816962" user="bking22"/>
  <node id="9921857931" lat="35.9436294" lon="-86.5409109" version="1" timestamp="2022-07-31T06:17:24Z" changeset="124289222" uid="3816962" user="bking22"/>
  <node id="9921857932" lat="35.9435159" lon="-86.5408061" version="1" timestamp="2022-07-31T06:17:24Z" changeset="124289222" uid="3816962" user="bking22"/>
  <node id="9921857934" lat="35.9433093" lon="-86.5405814" version="1" timestamp="2022-07-31T06:17:24Z" changeset="124289222" uid="3816962" user="bking22"/>
  <node id="9921857935" lat="35.9432382" lon="-86.5404496" version="1" timestamp="2022-07-31T06:17:24Z" changeset="124289222" uid="3816962" user="bking22"/>
  <node id="9921857936" lat="35.9431561" lon="-86.5403736" version="1" timestamp="2022-07-31T06:17:24Z" changeset="124289222" uid="3816962" user="bking22"/>
  <node id="9921857937" lat="35.9429933" lon="-86.5401995" version="1" timestamp="2022-07-31T06:17:24Z" changeset="124289222" uid="3816962" user="bking22"/>
  <node id="9921857938" lat="35.9427553" lon="-86.5399157" version="1" timestamp="2022-07-31T06:17:24Z" changeset="124289222" uid="3816962" user="bking22"/>
  <node id="9921857939" lat="35.9424968" lon="-86.5396386" version="1" timestamp="2022-07-31T06:17:24Z" changeset="124289222" uid="3816962" user="bking22"/>
  <node id="9921857940" lat="35.9424065" lon="-86.5395068" version="1" timestamp="2022-07-31T06:17:24Z" changeset="124289222" uid="3816962" user="bking22"/>
  <node id="9921857941" lat="35.9422491" lon="-86.5393615" version="1" timestamp="2022-07-31T06:17:24Z" changeset="124289222" uid="3816962" user="bking22"/>
  <node id="9921857942" lat="35.9421644" lon="-86.5392111" version="1" timestamp="2022-07-31T06:17:24Z" changeset="124289222" uid="3816962" user="bking22"/>
  <node id="9921857943" lat="35.9419795" lon="-86.5390517" version="1" timestamp="2022-07-31T06:17:24Z" changeset="124289222" uid="3816962" user="bking22"/>
  <node id="9921857944" lat="35.9418379" lon="-86.5388932" version="1" timestamp="2022-07-31T06:17:24Z" changeset="124289222" uid="3816962" user="bking22"/>
  <node id="9921857945" lat="35.9416701" lon="-86.5386879" version="1" timestamp="2022-07-31T06:17:24Z" changeset="124289222" uid="3816962" user="bking22"/>
  <node id="9921857946" lat="35.9415993" lon="-86.5386940" version="1" timestamp="2022-07-31T06:17:24Z" changeset="124289222" uid="3816962" user="bking22"/>
  <node id="9921857947" lat="35.9413936" lon="-86.5384419" version="1" timestamp="2022-07-31T06:17:24Z" changeset="124289222" uid="3816962" user="bking22"/>
  <node id="9921857948" lat="35.9418228" lon="-86.5378377" version="1" timestamp="2022-07-31T06:17:24Z" changeset="124289222" uid="3816962" user="bking22"/>
  <node id="9921857949" lat="35.9417989" lon="-86.5376663" version="1" timestamp="2022-07-31T06:17:24Z" changeset="124289222" uid="3816962" user="bking22"/>
  <node id="9921857950" lat="35.9416500" lon="-86.5374711" version="1" timestamp="2022-07-31T06:17:24Z" changeset="124289222" uid="3816962" user="bking22"/>
  <node id="9921857951" lat="35.9413941" lon="-86.5371256" version="1" timestamp="2022-07-31T06:17:24Z" changeset="124289222" uid="3816962" user="bking22"/>
  <node id="9921857952" lat="35.9411599" lon="-86.5367745" version="1" timestamp="2022-07-31T06:17:24Z" changeset="124289222" uid="3816962" user="bking22"/>
  <node id="9921857953" lat="35.9407312" lon="-86.5361143" version="1" timestamp="2022-07-31T06:17:24Z" changeset="124289222" uid="3816962" user="bking22"/>
  <node id="9922038778" lat="35.9586926" lon="-86.5418009" version="1" timestamp="2022-07-31T09:31:37Z" changeset="124294228" uid="3816962" user="bking22"/>
  <node id="9922038779" lat="35.9577152" lon="-86.5414241" version="1" timestamp="2022-07-31T09:31:37Z" changeset="124294228" uid="3816962" user="bking22"/>
  <node id="9922038780" lat="35.9565367" lon="-86.5410635" version="1" timestamp="2022-07-31T09:31:37Z" changeset="124294228" uid="3816962" user="bking22"/>
  <node id="9922038781" lat="35.9564077" lon="-86.5406680" version="1" timestamp="2022-07-31T09:31:37Z" changeset="124294228" uid="3816962" user="bking22"/>
  <node id="9922038782" lat="35.9563828" lon="-86.5404831" version="1" timestamp="2022-07-31T09:31:37Z" changeset="124294228" uid="3816962" user="bking22"/>
  <node id="9922038783" lat="35.9560274" lon="-86.5405093" version="1" timestamp="2022-07-31T09:31:37Z" changeset="124294228" uid="3816962" user="bking22"/>
  <node id="9922038784" lat="35.9559426" lon="-86.5404646" version="1" timestamp="2022-07-31T09:31:37Z" changeset="124294228" uid="3816962" user="bking22"/>
  <node id="9922038785" lat="35.9557717" lon="-86.5402120" version="1" timestamp="2022-07-31T09:31:37Z" changeset="124294228" uid="3816962" user="bking22"/>
  <node id="9922038786" lat="35.9557568" lon="-86.5399470" version="1" timestamp="2022-07-31T09:31:37Z" changeset="124294228" uid="3816962" user="bking22"/>
  <node id="9922038787" lat="35.9557892" lon="-86.5397267" version="1" timestamp="2022-07-31T09:31:37Z" changeset="124294228" uid="3816962" user="bking22"/>
  <node id="9922038788" lat="35.9560935" lon="-86.5394571" version="1" timestamp="2022-07-31T09:31:37Z" changeset="124294228" uid="3816962" user="bking22"/>
  <node id="9922038789" lat="35.9563179" lon="-86.5392091" version="1" timestamp="2022-07-31T09:31:37Z" changeset="124294228" uid="3816962" user="bking22"/>
  <node id="9922038790" lat="35.9565936" lon="-86.5391775" version="1" timestamp="2022-07-31T09:31:37Z" changeset="124294228" uid="3816962" user="bking22"/>
  <node id="9922038791" lat="35.9562954" lon="-86.5390359" version="1" timestamp="2022-07-31T09:31:37Z" changeset="124294228" uid="3816962" user="bking22"/>
  <node id="9922038792" lat="35.9561975" lon="-86.5389909" version="1" timestamp="2022-07-31T09:31:37Z" changeset="124294228" uid="3816962" user="bking22"/>
  <node id="9922038793" lat="35.9560928" lon="-86.5391497" version="1" timestamp="2022-07-31T09:31:37Z" changeset="124294228" uid="3816962" user="bking22"/>
  <node id="9922038794" lat="35.9559446" lon="-86.5393802" version="1" timestamp="2022-07-31T09:31:37Z" changeset="124294228" uid="3816962" user="bking22"/>
  <node id="9922038795" lat="35.9556699" lon="-86.5394993" version="1" timestamp="2022-07-31T09:31:37Z" changeset="124294228" uid="3816962" user="bking22"/>
  <node id="9922038796" lat="35.9554077" lon="-86.5394750" version="1" timestamp="2022-07-31T09:31:37Z" changeset="124294228" uid="3816962" user="bking22"/>
  <node id="9922038797" lat="35.9552847" lon="-86.5394063" version="1" timestamp="2022-07-31T09:31:37Z" changeset="124294228" uid="3816962" user="bking22"/>
  <node id="9922038798" lat="35.9552840" lon="-86.5397400" version="1" timestamp="2022-07-31T09:31:37Z" changeset="124294228" uid="3816962" user="bking22"/>
  <node id="9922038799" lat="35.9554642" lon="-86.5405564" version="1" timestamp="2022-07-31T09:31:37Z" changeset="124294228" uid="3816962" user="bking22"/>
  <node id="9922038800" lat="35.9554751" lon="-86.5408059" version="1" timestamp="2022-07-31T09:31:37Z" changeset="124294228" uid="3816962" user="bking22"/>
  <node id="9922038801" lat="35.9554227" lon="-86.5411279" version="1" timestamp="2022-07-31T09:31:37Z" changeset="124294228" uid="3816962" user="bking22"/>
  <node id="9922038802" lat="35.9554589" lon="-86.5415931" version="1" timestamp="2022-07-31T09:31:37Z" changeset="124294228" uid="3816962" user="bking22"/>
  <node id="9922038803" lat="35.9555113" lon="-86.5422725" version="1" timestamp="2022-07-31T09:31:37Z" changeset="124294228" uid="3816962" user="bking22"/>
  <node id="9922038804" lat="35.9555362" lon="-86.5425914" version="1" timestamp="2022-07-31T09:31:37Z" changeset="124294228" uid="3816962" user="bking22"/>
  <node id="9922038805" lat="35.9555661" lon="-86.5427393" version="1" timestamp="2022-07-31T09:31:37Z" changeset="124294228" uid="3816962" user="bking22"/>
  <node id="9922038806" lat="35.9556073" lon="-86.5427624" version="1" timestamp="2022-07-31T09:31:37Z" changeset="124294228" uid="3816962" user="bking22"/>
  <node id="9922038807" lat="35.9556085" lon="-86.5430458" version="1" timestamp="2022-07-31T09:31:37Z" changeset="124294228" uid="3816962" user="bking22"/>
  <node id="9922038808" lat="35.9547479" lon="-86.5445818" version="1" timestamp="2022-07-31T09:31:37Z" changeset="124294228" uid="3816962" user="bking22"/>
  <node id="9922038809" lat="35.9543977" lon="-86.5446428" version="1" timestamp="2022-07-31T09:31:37Z" changeset="124294228" uid="3816962" user="bking22"/>
  <node id="9922038810" lat="35.9542057" lon="-86.5450265" version="1" timestamp="2022-07-31T09:31:37Z" changeset="124294228" uid="3816962" user="bking22"/>
  <node id="9922038811" lat="35.9540421" lon="-86.5452229" version="1" timestamp="2022-07-31T09:31:37Z" changeset="124294228" uid="3816962" user="bking22"/>
  <node id="9922038812" lat="35.9538681" lon="-86.5451747" version="1" timestamp="2022-07-31T09:31:37Z" changeset="124294228" uid="3816962" user="bking22"/>
  <node id="9922038813" lat="35.9537961" lon="-86.5445594" version="1" timestamp="2022-07-31T09:31:37Z" changeset="124294228" uid="3816962" user="bking22"/>
  <node id="9922038814" lat="35.9547640" lon="-86.5423375" version="1" timestamp="2022-07-31T09:31:37Z" changeset="124294228" uid="3816962" user="bking22"/>
  <node id="9922038815" lat="35.9548552" lon="-86.5419272" version="1" timestamp="2022-07-31T09:31:37Z" changeset="124294228" uid="3816962" user="bking22"/>
  <node id="9922038816" lat="35.9548639" lon="-86.5417716" version="1" timestamp="2022-07-31T09:31:37Z" changeset="124294228" uid="3816962" user="bking22"/>
  <node id="9922057517" lat="35.9548270" lon="-86.5415168" version="1" timestamp="2022-07-31T09:31:37Z" changeset="124294228" uid="3816962" user="bking22"/>
  <node id="9922057518" lat="35.9547548" lon="-86.5413037" version="1" timestamp="2022-07-31T09:31:37Z" changeset="124294228" uid="3816962" user="bking22"/>
  <node id="9922057519" lat="35.9544293" lon="-86.5414439" version="1" timestamp="2022-07-31T09:31:37Z" changeset="124294228" uid="3816962" user="bking22"/>
  <node id="9922057520" lat="35.9543470" lon="-86.5414655" version="1" timestamp="2022-07-31T09:31:37Z" changeset="124294228" uid="3816962" user="bking22"/>
  <node id="9922057521" lat="35.9540860" lon="-86.5414896" version="1" timestamp="2022-07-31T09:31:37Z" changeset="124294228" uid="3816962" user="bking22"/>
  <node id="9922057522" lat="35.9538384" lon="-86.5415581" version="1" timestamp="2022-07-31T09:31:37Z" changeset="124294228" uid="3816962" user="bking22"/>
  <node id="9922057523" lat="35.9535864" lon="-86.5416008" version="1" timestamp="2022-07-31T09:31:37Z" changeset="124294228" uid="3816962" user="bking22"/>
  <node id="9922057524" lat="35.9532229" lon="-86.5405020" version="1" timestamp="2022-07-31T09:31:37Z" changeset="124294228" uid="3816962" user="bking22"/>
  <node id="9922057525" lat="35.9531910" lon="-86.5402316" version="1" timestamp="2022-07-31T09:31:37Z" changeset="124294228" uid="3816962" user="bking22"/>
  <node id="9922057526" lat="35.9531272" lon="-86.5399974" version="1" timestamp="2022-07-31T09:31:37Z" changeset="124294228" uid="3816962" user="bking22"/>
  <node id="9922057527" lat="35.9531264" lon="-86.5397909" version="1" timestamp="2022-07-31T09:31:37Z" changeset="124294228" uid="3816962" user="bking22"/>
  <node id="9922057528" lat="35.9530124" lon="-86.5391251" version="1" timestamp="2022-07-31T09:31:37Z" changeset="124294228" uid="3816962" user="bking22"/>
  <node id="9922057529" lat="35.9529885" lon="-86.5389481" version="1" timestamp="2022-07-31T09:31:37Z" changeset="124294228" uid="3816962" user="bking22"/>
  <node id="9922057530" lat="35.9535991" lon="-86.5385562" version="1" timestamp="2022-07-31T09:31:37Z" changeset="124294228" uid="3816962" user="bking22"/>
  <node id="9922057531" lat="35.9534806" lon="-86.5382671" version="1" timestamp="2022-07-31T09:31:37Z" changeset="124294228" uid="3816962" user="bking22"/>
  <node id="9922057532" lat="35.9533576" lon="-86.5380577" version="1" timestamp="2022-07-31T09:31:37Z" changeset="124294228" uid="3816962" user="bking22"/>
  <node id="9922057533" lat="35.9534776" lon="-86.5379279" version="1" timestamp="2022-07-31T09:31:37Z" changeset="124294228" uid="3816962" user="bking22"/>
  <node id="9922057534" lat="35.9537446" lon="-86.5377537" version="1" timestamp="2022-07-31T09:31:37Z" changeset="124294228" uid="3816962" user="bking22"/>
  <node id="9922057535" lat="35.9537988" lon="-86.5376895" version="1" timestamp="2022-07-31T09:31:37Z" changeset="124294228" uid="3816962" user="bking22"/>
  <node id="9922057536" lat="35.9536804" lon="-86.5374723" version="1" timestamp="2022-07-31T09:31:37Z" changeset="124294228" uid="3816962" user="bking22"/>
  <node id="9922057537" lat="35.9536068" lon="-86.5372582" version="1" timestamp="2022-07-31T09:31:37Z" changeset="124294228" uid="3816962" user="bking22"/>
  <node id="9922057538" lat="35.9536205" lon="-86.5369901" version="1" timestamp="2022-07-31T09:31:37Z" changeset="124294228" uid="3816962" user="bking22"/>
  <node id="9922057539" lat="35.9536229" lon="-86.5368157" version="1" timestamp="2022-07-31T09:31:37Z" changeset="124294228" uid="3816962" user="bking22"/>
  <node id="9922057540" lat="35.9536665" lon="-86.5366889" version="1" timestamp="2022-07-31T09:31:37Z" changeset="124294228" uid="3816962" user="bking22"/>
  <node id="9922057541" lat="35.9537307" lon="-86.5366351" version="1" timestamp="2022-07-31T09:31:37Z" changeset="124294228" uid="3816962" user="bking22"/>
  <node id="9922057542" lat="35.9537069" lon="-86.5362932" version="1" timestamp="2022-07-31T09:31:37Z" changeset="124294228" uid="3816962" user="bking22"/>
  <node id="9922057543" lat="35.9536914" lon="-86.5358822" version="1" timestamp="2022-07-31T09:31:37Z" changeset="124294228" uid="3816962" user="bking22"/>
  <node id="9922057544" lat="35.9536810" lon="-86.5355236" version="1" timestamp="2022-07-31T09:31:37Z" changeset="124294228" uid="3816962" user="bking22"/>
  <node id="9922057545" lat="35.9536831" lon="-86.5352611" version="1" timestamp="2022-07-31T09:31:37Z" changeset="124294228" uid="3816962" user="bking22"/>
  <node id="9922057546" lat="35.9536146" lon="-86.5349550" version="1" timestamp="2022-07-31T09:31:37Z" changeset="124294228" uid="3816962" user="bking22"/>
  <node id="9922057547" lat="35.9537294" lon="-86.5346333" version="1" timestamp="2022-07-31T09:31:37Z" changeset="124294228" uid="3816962" user="bking22"/>
  <node id="9922057548" lat="35.9537998" lon="-86.5342164" version="1" timestamp="2022-07-31T09:31:37Z" changeset="124294228" uid="3816962" user="bking22"/>
  <node id="9922057549" lat="35.9538701" lon="-86.5340024" version="1" timestamp="2022-07-31T09:31:37Z" changeset="124294228" uid="3816962" user="bking22"/>
  <node id="9922057550" lat="35.9540236" lon="-86.5337170" version="1" timestamp="2022-07-31T09:31:37Z" changeset="124294228" uid="3816962" user="bking22"/>
  <node id="9922057551" lat="35.9539532" lon="-86.5335208" version="1" timestamp="2022-07-31T09:31:37Z" changeset="124294228" uid="3816962" user="bking22"/>
  <node id="9922057552" lat="35.9538876" lon="-86.5331017" version="1" timestamp="2022-07-31T09:31:37Z" changeset="124294228" uid="3816962" user="bking22"/>
  <node id="9922057553" lat="35.9538458" lon="-86.5327786" version="1" timestamp="2022-07-31T09:31:37Z" changeset="124294228" uid="3816962" user="bking22"/>
  <node id="9922057554" lat="35.9537410" lon="-86.5325506" version="1" timestamp="2022-07-31T09:31:37Z" changeset="124294228" uid="3816962" user="bking22"/>
  <node id="9922057555" lat="35.9536213" lon="-86.5329557" version="1" timestamp="2022-07-31T09:31:37Z" changeset="124294228" uid="3816962" user="bking22"/>
  <node id="9922057556" lat="35.9532422" lon="-86.5334271" version="1" timestamp="2022-07-31T09:31:37Z" changeset="124294228" uid="3816962" user="bking22"/>
  <node id="9922057557" lat="35.9530314" lon="-86.5335673" version="1" timestamp="2022-07-31T09:31:37Z" changeset="124294228" uid="3816962" user="bking22"/>
  <node id="9922057558" lat="35.9527546" lon="-86.5336921" version="1" timestamp="2022-07-31T09:31:37Z" changeset="124294228" uid="3816962" user="bking22"/>
  <node id="9922057559" lat="35.9523929" lon="-86.5337475" version="1" timestamp="2022-07-31T09:31:37Z" changeset="124294228" uid="3816962" user="bking22"/>
  <node id="9922057560" lat="35.9521697" lon="-86.5332007" version="1" timestamp="2022-07-31T09:31:37Z" changeset="124294228" uid="3816962" user="bking22"/>
  <node id="9922057561" lat="35.9518906" lon="-86.5332009" version="1" timestamp="2022-07-31T09:31:37Z" changeset="124294228" uid="3816962" user="bking22"/>
  <node id="9922057562" lat="35.9519891" lon="-86.5334852" version="1" timestamp="2022-07-31T09:31:37Z" changeset="124294228" uid="3816962" user="bking22"/>
  <node id="9922057563" lat="35.9518377" lon="-86.5336978" version="1" timestamp="2022-07-31T09:31:37Z" changeset="124294228" uid="3816962" user="bking22"/>
  <node id="9922057564" lat="35.9516076" lon="-86.5337618" version="1" timestamp="2022-07-31T09:31:37Z" changeset="124294228" uid="3816962" user="bking22"/>
  <node id="9922057565" lat="35.9513350" lon="-86.5338668" version="1" timestamp="2022-07-31T09:31:37Z" changeset="124294228" uid="3816962" user="bking22"/>
  <node id="9922057566" lat="35.9510758" lon="-86.5339654" version="1" timestamp="2022-07-31T09:31:37Z" changeset="124294228" uid="3816962" user="bking22"/>
  <node id="9922057567" lat="35.9507679" lon="-86.5340000" version="1" timestamp="2022-07-31T09:31:37Z" changeset="124294228" uid="3816962" user="bking22"/>
  <node id="9922057568" lat="35.9505305" lon="-86.5340807" version="1" timestamp="2022-07-31T09:31:37Z" changeset="124294228" uid="3816962" user="bking22"/>
  <node id="9922057569" lat="35.9501999" lon="-86.5341844" version="1" timestamp="2022-07-31T09:31:37Z" changeset="124294228" uid="3816962" user="bking22"/>
  <node id="9922057570" lat="35.9497443" lon="-86.5342222" version="1" timestamp="2022-07-31T09:31:37Z" changeset="124294228" uid="3816962" user="bking22"/>
  <node id="9922057571" lat="35.9495136" lon="-86.5343146" version="1" timestamp="2022-07-31T09:31:37Z" changeset="124294228" uid="3816962" user="bking22"/>
  <node id="9922057572" lat="35.9494412" lon="-86.5340004" version="1" timestamp="2022-07-31T09:31:37Z" changeset="124294228" uid="3816962" user="bking22"/>
  <node id="9922057573" lat="35.9493938" lon="-86.5335582" version="1" timestamp="2022-07-31T09:31:37Z" changeset="124294228" uid="3816962" user="bking22"/>
  <node id="9922057574" lat="35.9493514" lon="-86.5329744" version="1" timestamp="2022-07-31T09:31:37Z" changeset="124294228" uid="3816962" user="bking22"/>
  <node id="9922057575" lat="35.9492941" lon="-86.5323089" version="1" timestamp="2022-07-31T09:31:37Z" changeset="124294228" uid="3816962" user="bking22"/>
  <node id="9922057576" lat="35.9492205" lon="-86.5316049" version="1" timestamp="2022-07-31T09:31:37Z" changeset="124294228" uid="3816962" user="bking22"/>
  <node id="9922057577" lat="35.9492130" lon="-86.5315001" version="1" timestamp="2022-07-31T09:31:37Z" changeset="124294228" uid="3816962" user="bking22"/>
  <node id="9922057578" lat="35.9488588" lon="-86.5314831" version="1" timestamp="2022-07-31T09:31:37Z" changeset="124294228" uid="3816962" user="bking22"/>
  <node id="9922057579" lat="35.9485034" lon="-86.5314416" version="1" timestamp="2022-07-31T09:31:37Z" changeset="124294228" uid="3816962" user="bking22"/>
  <node id="9922057580" lat="35.9481667" lon="-86.5314246" version="1" timestamp="2022-07-31T09:31:37Z" changeset="124294228" uid="3816962" user="bking22"/>
  <node id="9922057581" lat="35.9476329" lon="-86.5314061" version="1" timestamp="2022-07-31T09:31:37Z" changeset="124294228" uid="3816962" user="bking22"/>
  <node id="9922057582" lat="35.9473510" lon="-86.5313584" version="1" timestamp="2022-07-31T09:31:37Z" changeset="124294228" uid="3816962" user="bking22"/>
  <node id="9922057583" lat="35.9468098" lon="-86.5313075" version="1" timestamp="2022-07-31T09:31:37Z" changeset="124294228" uid="3816962" user="bking22"/>
  <node id="9922057584" lat="35.9462448" lon="-86.5312783" version="1" timestamp="2022-07-31T09:31:37Z" changeset="124294228" uid="3816962" user="bking22"/>
  <node id="9922057585" lat="35.9456843" lon="-86.5312166" version="1" timestamp="2022-07-31T09:31:37Z" changeset="124294228" uid="3816962" user="bking22"/>
  <node id="9922057586" lat="35.9454062" lon="-86.5312120" version="1" timestamp="2022-07-31T09:31:37Z" changeset="124294228" uid="3816962" user="bking22"/>
  <node id="9922057587" lat="35.9452756" lon="-86.5319943" version="1" timestamp="2022-07-31T09:31:37Z" changeset="124294228" uid="3816962" user="bking22"/>
  <node id="9922057588" lat="35.9452930" lon="-86.5327721" version="1" timestamp="2022-07-31T09:31:37Z" changeset="124294228" uid="3816962" user="bking22"/>
  <node id="9922057589" lat="35.9453777" lon="-86.5335634" version="1" timestamp="2022-07-31T09:31:37Z" changeset="124294228" uid="3816962" user="bking22"/>
  <node id="9922057590" lat="35.9454711" lon="-86.5344324" version="1" timestamp="2022-07-31T09:31:37Z" changeset="124294228" uid="3816962" user="bking22"/>
  <node id="9922057591" lat="35.9455362" lon="-86.5350413" version="1" timestamp="2022-07-31T09:31:37Z" changeset="124294228" uid="3816962" user="bking22"/>
  <node id="9922057592" lat="35.9456448" lon="-86.5361034" version="1" timestamp="2022-07-31T09:31:37Z" changeset="124294228" uid="3816962" user="bking22"/>
  <node id="9922057593" lat="35.9456600" lon="-86.5366774" version="1" timestamp="2022-07-31T09:31:37Z" changeset="124294228" uid="3816962" user="bking22"/>
  <node id="9922057594" lat="35.9457360" lon="-86.5373936" version="1" timestamp="2022-07-31T09:31:37Z" changeset="124294228" uid="3816962" user="bking22"/>
  <node id="9922057595" lat="35.9457816" lon="-86.5380722" version="1" timestamp="2022-07-31T09:31:37Z" changeset="124294228" uid="3816962" user="bking22"/>
  <node id="9922057596" lat="35.9458684" lon="-86.5388795" version="1" timestamp="2022-07-31T09:31:37Z" changeset="124294228" uid="3816962" user="bking22"/>
  <node id="9922057597" lat="35.9459032" lon="-86.5394213" version="1" timestamp="2022-07-31T09:31:37Z" changeset="124294228" uid="3816962" user="bking22"/>
  <node id="9922057598" lat="35.9459553" lon="-86.5398451" version="1" timestamp="2022-07-31T09:31:37Z" changeset="124294228" uid="3816962" user="bking22"/>
  <node id="9922057599" lat="35.9460140" lon="-86.5399285" version="1" timestamp="2022-07-31T09:31:37Z" changeset="124294228" uid="3816962" user="bking22"/>
  <node id="9922057600" lat="35.9464025" lon="-86.5398710" version="1" timestamp="2022-07-31T09:31:37Z" changeset="124294228" uid="3816962" user="bking22"/>
  <node id="9922057601" lat="35.9464633" lon="-86.5399433" version="1" timestamp="2022-07-31T09:31:37Z" changeset="124294228" uid="3816962" user="bking22"/>
  <node id="9922057602" lat="35.9465373" lon="-86.5402309" version="1" timestamp="2022-07-31T09:31:37Z" changeset="124294228" uid="3816962" user="bking22"/>
  <node id="9922057603" lat="35.9466402" lon="-86.5403468" version="1" timestamp="2022-07-31T09:31:37Z" changeset="124294228" uid="3816962" user="bking22"/>
  <node id="9922057604" lat="35.9468117" lon="-86.5402108" version="1" timestamp="2022-07-31T09:31:37Z" changeset="124294228" uid="3816962" user="bking22"/>
  <node id="9922057605" lat="35.9469723" lon="-86.5399946" version="1" timestamp="2022-07-31T09:31:37Z" changeset="124294228" uid="3816962" user="bking22"/>
  <node id="9922057606" lat="35.9470048" lon="-86.5398140" version="1" timestamp="2022-07-31T09:31:37Z" changeset="124294228" uid="3816962" user="bking22"/>
  <node id="9922057607" lat="35.9474037" lon="-86.5398095" version="1" timestamp="2022-07-31T09:31:37Z" changeset="124294228" uid="3816962" user="bking22"/>
  <node id="9922057608" lat="35.9477918" lon="-86.5398095" version="1" timestamp="2022-07-31T09:31:37Z" changeset="124294228" uid="3816962" user="bking22"/>
  <node id="9922057609" lat="35.9484903" lon="-86.5398117" version="1" timestamp="2022-07-31T09:31:37Z" changeset="124294228" uid="3816962" user="bking22"/>
  <node id="9922057610" lat="35.9489487" lon="-86.5398452" version="1" timestamp="2022-07-31T09:31:37Z" changeset="124294228" uid="3816962" user="bking22"/>
  <node id="9922057611" lat="35.9490678" lon="-86.5400302" version="1" timestamp="2022-07-31T09:31:37Z" changeset="124294228" uid="3816962" user="bking22"/>
  <node id="9922057612" lat="35.9491220" lon="-86.5403602" version="1" timestamp="2022-07-31T09:31:37Z" changeset="124294228" uid="3816962" user="bking22"/>
  <node id="9922057613" lat="35.9491761" lon="-86.5408797" version="1" timestamp="2022-07-31T09:31:37Z" changeset="124294228" uid="3816962" user="bking22"/>
  <node id="9922057614" lat="35.9492393" lon="-86.5414126" version="1" timestamp="2022-07-31T09:31:37Z" changeset="124294228" uid="3816962" user="bking22"/>
  <node id="9922057615" lat="35.9492772" lon="-86.5418094" version="1" timestamp="2022-07-31T09:31:37Z" changeset="124294228" uid="3816962" user="bking22"/>
  <node id="9922057616" lat="35.9493332" lon="-86.5422821" version="1" timestamp="2022-07-31T09:31:37Z" changeset="124294228" uid="3816962" user="bking22"/>
  <node id="9922057617" lat="35.9494036" lon="-86.5428618" version="1" timestamp="2022-07-31T09:31:37Z" changeset="124294228" uid="3816962" user="bking22"/>
  <node id="9922057618" lat="35.9494505" lon="-86.5435730" version="1" timestamp="2022-07-31T09:31:37Z" changeset="124294228" uid="3816962" user="bking22"/>
  <node id="9922057619" lat="35.9495335" lon="-86.5440657" version="1" timestamp="2022-07-31T09:31:37Z" changeset="124294228" uid="3816962" user="bking22"/>
  <node id="9922057620" lat="35.9496021" lon="-86.5445986" version="1" timestamp="2022-07-31T09:31:37Z" changeset="124294228" uid="3816962" user="bking22"/>
  <node id="9922057621" lat="35.9496707" lon="-86.5451694" version="1" timestamp="2022-07-31T09:31:37Z" changeset="124294228" uid="3816962" user="bking22"/>
  <node id="9922057622" lat="35.9497140" lon="-86.5455863" version="1" timestamp="2022-07-31T09:31:37Z" changeset="124294228" uid="3816962" user="bking22"/>
  <node id="9922057623" lat="35.9497988" lon="-86.5463599" version="1" timestamp="2022-07-31T09:31:37Z" changeset="124294228" uid="3816962" user="bking22"/>
  <node id="9922057624" lat="35.9498385" lon="-86.5468482" version="1" timestamp="2022-07-31T09:31:37Z" changeset="124294228" uid="3816962" user="bking22"/>
  <node id="9922057625" lat="35.9498674" lon="-86.5473053" version="1" timestamp="2022-07-31T09:31:37Z" changeset="124294228" uid="3816962" user="bking22"/>
  <node id="9922057626" lat="35.9494465" lon="-86.5472776" version="1" timestamp="2022-07-31T09:31:37Z" changeset="124294228" uid="3816962" user="bking22"/>
  <node id="9922057627" lat="35.9488524" lon="-86.5463213" version="1" timestamp="2022-07-31T09:31:37Z" changeset="124294228" uid="3816962" user="bking22"/>
  <node id="9922057628" lat="35.9488029" lon="-86.5458598" version="1" timestamp="2022-07-31T09:31:37Z" changeset="124294228" uid="3816962" user="bking22"/>
  <node id="9922057629" lat="35.9484608" lon="-86.5458784" version="1" timestamp="2022-07-31T09:31:37Z" changeset="124294228" uid="3816962" user="bking22"/>
  <node id="9922057630" lat="35.9482912" lon="-86.5458654" version="1" timestamp="2022-07-31T09:31:37Z" changeset="124294228" uid="3816962" user="bking22"/>
  <node id="9922057631" lat="35.9480242" lon="-86.5455392" version="1" timestamp="2022-07-31T09:31:37Z" changeset="124294228" uid="3816962" user="bking22"/>
  <node id="9922057632" lat="35.9479057" lon="-86.5451871" version="1" timestamp="2022-07-31T09:31:37Z" changeset="124294228" uid="3816962" user="bking22"/>
  <node id="9922057633" lat="35.9478757" lon="-86.5448572" version="1" timestamp="2022-07-31T09:31:37Z" changeset="124294228" uid="3816962" user="bking22"/>
  <node id="9922057634" lat="35.9434406" lon="-86.5406869" version="1" timestamp="2022-07-31T09:31:37Z" changeset="124294228" uid="3816962" user="bking22"/>
  <node id="9922057635" lat="35.9400838" lon="-86.5351630" version="1" timestamp="2022-07-31T09:31:37Z" changeset="124294228" uid="3816962" user="bking22"/>
  <node id="9922057636" lat="35.9400332" lon="-86.5348687" version="1" timestamp="2022-07-31T09:31:37Z" changeset="124294228" uid="3816962" user="bking22"/>
  <node id="9922057637" lat="35.9400459" lon="-86.5347706" version="1" timestamp="2022-07-31T09:31:37Z" changeset="124294228" uid="3816962" user="bking22"/>
  <node id="9922057638" lat="35.9401469" lon="-86.5345276" version="1" timestamp="2022-07-31T09:31:37Z" changeset="124294228" uid="3816962" user="bking22"/>
  <node id="9922057639" lat="35.9402355" lon="-86.5342875" version="1" timestamp="2022-07-31T09:31:37Z" changeset="124294228" uid="3816962" user="bking22"/>
  <node id="9922057640" lat="35.9404096" lon="-86.5339613" version="1" timestamp="2022-07-31T09:31:37Z" changeset="124294228" uid="3816962" user="bking22"/>
  <node id="9922057641" lat="35.9405041" lon="-86.5337612" version="1" timestamp="2022-07-31T09:31:37Z" changeset="124294228" uid="3816962" user="bking22"/>
  <node id="9922057642" lat="35.9405386" lon="-86.5335925" version="1" timestamp="2022-07-31T09:31:37Z" changeset="124294228" uid="3816962" user="bking22"/>
  <node id="9922057643" lat="35.9403929" lon="-86.5333361" version="1" timestamp="2022-07-31T09:31:37Z" changeset="124294228" uid="3816962" user="bking22"/>
  <node id="9922057644" lat="35.9403243" lon="-86.5332098" version="1" timestamp="2022-07-31T09:31:37Z" changeset="124294228" uid="3816962" user="bking22"/>
  <node id="9922057645" lat="35.9403530" lon="-86.5329433" version="1" timestamp="2022-07-31T09:31:37Z" changeset="124294228" uid="3816962" user="bking22"/>
  <node id="9922057646" lat="35.9403879" lon="-86.5325304" version="1" timestamp="2022-07-31T09:31:37Z" changeset="124294228" uid="3816962" user="bking22"/>
  <node id="9922057647" lat="35.9404016" lon="-86.5322131" version="1" timestamp="2022-07-31T09:31:37Z" changeset="124294228" uid="3816962" user="bking22"/>
  <node id="9922057648" lat="35.9401734" lon="-86.5320297" version="1" timestamp="2022-07-31T09:31:37Z" changeset="124294228" uid="3816962" user="bking22"/>
  <node id="9922057649" lat="35.9399414" lon="-86.5319512" version="1" timestamp="2022-07-31T09:31:37Z" changeset="124294228" uid="3816962" user="bking22"/>
  <node id="9922057650" lat="35.9397169" lon="-86.5318834" version="1" timestamp="2022-07-31T09:31:37Z" changeset="124294228" uid="3816962" user="bking22"/>
  <node id="9922057651" lat="35.9395830" lon="-86.5317181" version="1" timestamp="2022-07-31T09:31:37Z" changeset="124294228" uid="3816962" user="bking22"/>
  <node id="9922057652" lat="35.9394034" lon="-86.5316287" version="1" timestamp="2022-07-31T09:31:37Z" changeset="124294228" uid="3816962" user="bking22"/>
  <node id="9922057653" lat="35.9394540" lon="-86.5311880" version="1" timestamp="2022-07-31T09:31:37Z" changeset="124294228" uid="3816962" user="bking22"/>
  <node id="9922057654" lat="35.9395257" lon="-86.5307696" version="1" timestamp="2022-07-31T09:31:37Z" changeset="124294228" uid="3816962" user="bking22"/>
  <node id="9922057655" lat="35.9397190" lon="-86.5307025" version="1" timestamp="2022-07-31T09:31:37Z" changeset="124294228" uid="3816962" user="bking22"/>
  <node id="9922057656" lat="35.9403096" lon="-86.5304396" version="1" timestamp="2022-07-31T09:31:37Z" changeset="124294228" uid="3816962" user="bking22"/>
  <node id="9922057657" lat="35.9408236" lon="-86.5301877" version="1" timestamp="2022-07-31T09:31:37Z" changeset="124294228" uid="3816962" user="bking22"/>
  <node id="9922057658" lat="35.9413416" lon="-86.5299826" version="1" timestamp="2022-07-31T09:31:37Z" changeset="124294228" uid="3816962" user="bking22"/>
  <node id="9922057659" lat="35.9417785" lon="-86.5297619" version="1" timestamp="2022-07-31T09:31:37Z" changeset="124294228" uid="3816962" user="bking22"/>
  <node id="9922057660" lat="35.9415800" lon="-86.5290423" version="1" timestamp="2022-07-31T09:31:37Z" changeset="124294228" uid="3816962" user="bking22"/>
  <node id="9922057661" lat="35.9419379" lon="-86.5288261" version="1" timestamp="2022-07-31T09:31:37Z" changeset="124294228" uid="3816962" user="bking22"/>
  <node id="9922057662" lat="35.9425387" lon="-86.5285454" version="1" timestamp="2022-07-31T09:31:37Z" changeset="124294228" uid="3816962" user="bking22"/>
  <node id="9922057663" lat="35.9432597" lon="-86.5282388" version="1" timestamp="2022-07-31T09:31:37Z" changeset="124294228" uid="3816962" user="bking22"/>
  <node id="9922057664" lat="35.9435602" lon="-86.5281194" version="1" timestamp="2022-07-31T09:31:37Z" changeset="124294228" uid="3816962" user="bking22"/>
  <node id="9922057665" lat="35.9444088" lon="-86.5277752" version="1" timestamp="2022-07-31T09:31:37Z" changeset="124294228" uid="3816962" user="bking22"/>
  <node id="9922057666" lat="35.9449365" lon="-86.5275589" version="1" timestamp="2022-07-31T09:31:37Z" changeset="124294228" uid="3816962" user="bking22"/>
  <node id="9922057667" lat="35.9454299" lon="-86.5274044" version="1" timestamp="2022-07-31T09:31:37Z" changeset="124294228" uid="3816962" user="bking22"/>
  <node id="9922057668" lat="35.9460485" lon="-86.5272864" version="1" timestamp="2022-07-31T09:31:37Z" changeset="124294228" uid="3816962" user="bking22"/>
  <node id="9922057669" lat="35.9466716" lon="-86.5272106" version="1" timestamp="2022-07-31T09:31:37Z" changeset="124294228" uid="3816962" user="bking22"/>
  <node id="9922057670" lat="35.9473789" lon="-86.5271151" version="1" timestamp="2022-07-31T09:31:37Z" changeset="124294228" uid="3816962" user="bking22"/>
  <node id="9922057671" lat="35.9480793" lon="-86.5269943" version="1" timestamp="2022-07-31T09:31:37Z" changeset="124294228" uid="3816962" user="bking22"/>
  <node id="9922057672" lat="35.9490208" lon="-86.5267083" version="1" timestamp="2022-07-31T09:31:37Z" changeset="124294228" uid="3816962" user="bking22"/>
  <node id="9922057673" lat="35.9492822" lon="-86.5270891" version="1" timestamp="2022-07-31T09:31:37Z" changeset="124294228" uid="3816962" user="bking22"/>
  <node id="9922057674" lat="35.9499598" lon="-86.5271424" version="1" timestamp="2022-07-31T09:31:37Z" changeset="124294228" uid="3816962" user="bking22"/>
  <node id="9922057675" lat="35.9503737" lon="-86.5271621" version="1" timestamp="2022-07-31T09:31:37Z" changeset="124294228" uid="3816962" user="bking22"/>
  <node id="9922057676" lat="35.9507921" lon="-86.5274121" version="1" timestamp="2022-07-31T09:31:37Z" changeset="124294228" uid="3816962" user="bking22"/>
  <node id="9922057677" lat="35.9509422" lon="-86.5278672" version="1" timestamp="2022-07-31T09:31:37Z" changeset="124294228" uid="3816962" user="bking22"/>
  <node id="9922057678" lat="35.9509831" lon="-86.5283784" version="1" timestamp="2022-07-31T09:31:37Z" changeset="124294228" uid="3816962" user="bking22"/>
  <node id="9922057679" lat="35.9513242" lon="-86.5289711" version="1" timestamp="2022-07-31T09:31:37Z" changeset="124294228" uid="3816962" user="bking22"/>
  <node id="9922057680" lat="35.9514789" lon="-86.5293897" version="1" timestamp="2022-07-31T09:31:37Z" changeset="124294228" uid="3816962" user="bking22"/>
  <node id="9922057681" lat="35.9516267" lon="-86.5300358" version="1" timestamp="2022-07-31T09:31:37Z" changeset="124294228" uid="3816962" user="bking22"/>
  <node id="9922057682" lat="35.9517335" lon="-86.5302408" version="1" timestamp="2022-07-31T09:31:37Z" changeset="124294228" uid="3816962" user="bking22"/>
  <node id="9922057683" lat="35.9517313" lon="-86.5304908" version="1" timestamp="2022-07-31T09:31:37Z" changeset="124294228" uid="3816962" user="bking22"/>
  <node id="9922057684" lat="35.9517651" lon="-86.5310545" version="1" timestamp="2022-07-31T09:31:37Z" changeset="124294228" uid="3816962" user="bking22"/>
  <node id="9922057685" lat="35.9518426" lon="-86.5301718" version="1" timestamp="2022-07-31T09:31:37Z" changeset="124294228" uid="3816962" user="bking22"/>
  <node id="9922057686" lat="35.9518351" lon="-86.5295110" version="1" timestamp="2022-07-31T09:31:37Z" changeset="124294228" uid="3816962" user="bking22"/>
  <node id="9922057687" lat="35.9517177" lon="-86.5288769" version="1" timestamp="2022-07-31T09:31:37Z" changeset="124294228" uid="3816962" user="bking22"/>
  <node id="9922057688" lat="35.9516085" lon="-86.5282814" version="1" timestamp="2022-07-31T09:31:37Z" changeset="124294228" uid="3816962" user="bking22"/>
  <node id="9922057689" lat="35.9512424" lon="-86.5275566" version="1" timestamp="2022-07-31T09:31:37Z" changeset="124294228" uid="3816962" user="bking22"/>
  <node id="9922057690" lat="35.9509551" lon="-86.5271589" version="1" timestamp="2022-07-31T09:31:37Z" changeset="124294228" uid="3816962" user="bking22"/>
  <node id="9922057691" lat="35.9505958" lon="-86.5269959" version="1" timestamp="2022-07-31T09:31:37Z" changeset="124294228" uid="3816962" user="bking22"/>
  <node id="9922057692" lat="35.9502684" lon="-86.5269370" version="1" timestamp="2022-07-31T09:31:37Z" changeset="124294228" uid="3816962" user="bking22"/>
  <node id="9922057693" lat="35.9497954" lon="-86.5269510" version="1" timestamp="2022-07-31T09:31:37Z" changeset="124294228" uid="3816962" user="bking22"/>
  <node id="9922057694" lat="35.9494156" lon="-86.5269004" version="1" timestamp="2022-07-31T09:31:37Z" changeset="124294228" uid="3816962" user="bking22"/>
  <node id="9922057695" lat="35.9491973" lon="-86.5265212" version="1" timestamp="2022-07-31T09:31:37Z" changeset="124294228" uid="3816962" user="bking22"/>
  <node id="9922057696" lat="35.9501683" lon="-86.5257852" version="1" timestamp="2022-07-31T09:31:37Z" changeset="124294228" uid="3816962" user="bking22"/>
  <node id="9922057697" lat="35.9509074" lon="-86.5252431" version="1" timestamp="2022-07-31T09:31:37Z" changeset="124294228" uid="3816962" user="bking22"/>
  <node id="9922057698" lat="35.9513389" lon="-86.5249250" version="1" timestamp="2022-07-31T09:31:37Z" changeset="124294228" uid="3816962" user="bking22"/>
  <node id="9922057699" lat="35.9512570" lon="-86.5243716" version="1" timestamp="2022-07-31T09:31:37Z" changeset="124294228" uid="3816962" user="bking22"/>
  <node id="9922057700" lat="35.9511469" lon="-86.5232963" version="1" timestamp="2022-07-31T09:31:37Z" changeset="124294228" uid="3816962" user="bking22"/>
  <node id="9922057701" lat="35.9510309" lon="-86.5218946" version="1" timestamp="2022-07-31T09:31:37Z" changeset="124294228" uid="3816962" user="bking22"/>
  <node id="9922057702" lat="35.9509445" lon="-86.5208496" version="1" timestamp="2022-07-31T09:31:37Z" changeset="124294228" uid="3816962" user="bking22"/>
  <node id="9922057703" lat="35.9509126" lon="-86.5203103" version="1" timestamp="2022-07-31T09:31:37Z" changeset="124294228" uid="3816962" user="bking22"/>
  <node id="9922057704" lat="35.9510195" lon="-86.5198721" version="1" timestamp="2022-07-31T09:31:37Z" changeset="124294228" uid="3816962" user="bking22"/>
  <node id="9922057705" lat="35.9513492" lon="-86.5194282" version="1" timestamp="2022-07-31T09:31:37Z" changeset="124294228" uid="3816962" user="bking22"/>
  <node id="9922057706" lat="35.9517768" lon="-86.5189367" version="1" timestamp="2022-07-31T09:31:37Z" changeset="124294228" uid="3816962" user="bking22"/>
  <node id="9922057707" lat="35.9522156" lon="-86.5184732" version="1" timestamp="2022-07-31T09:31:37Z" changeset="124294228" uid="3816962" user="bking22"/>
  <node id="9922057708" lat="35.9523113" lon="-86.5183781" version="1" timestamp="2022-07-31T09:31:37Z" changeset="124294228" uid="3816962" user="bking22"/>
  <node id="9922057709" lat="35.9526062" lon="-86.5188685" version="1" timestamp="2022-07-31T09:31:37Z" changeset="124294228" uid="3816962" user="bking22"/>
  <node id="9922057710" lat="35.9545735" lon="-86.5191911" version="1" timestamp="2022-07-31T09:31:37Z" changeset="124294228" uid="3816962" user="bking22"/>
  <node id="9922057711" lat="35.9547020" lon="-86.5194200" version="1" timestamp="2022-07-31T09:31:37Z" changeset="124294228" uid="3816962" user="bking22"/>
  <node id="9922057712" lat="35.9547134" lon="-86.5198963" version="1" timestamp="2022-07-31T09:31:37Z" changeset="124294228" uid="3816962" user="bking22"/>
  <node id="9922057713" lat="35.9547285" lon="-86.5200808" version="1" timestamp="2022-07-31T09:31:37Z" changeset="124294228" uid="3816962" user="bking22"/>
  <node id="9922057714" lat="35.9540598" lon="-86.5205933" version="1" timestamp="2022-07-31T09:31:37Z" changeset="124294228" uid="3816962" user="bking22"/>
  <node id="9922057715" lat="35.9540870" lon="-86.5214051" version="1" timestamp="2022-07-31T09:31:37Z" changeset="124294228" uid="3816962" user="bking22"/>
  <node id="9922057716" lat="35.9549602" lon="-86.5208518" version="1" timestamp="2022-07-31T09:31:37Z" changeset="124294228" uid="3816962" user="bking22"/>
  <node id="9922057717" lat="35.9551057" lon="-86.5211411" version="1" timestamp="2022-07-31T09:31:37Z" changeset="124294228" uid="3816962" user="bking22"/>
  <node id="9922057718" lat="35.9553933" lon="-86.5211635" version="1" timestamp="2022-07-31T09:31:37Z" changeset="124294228" uid="3816962" user="bking22"/>
  <node id="9922057719" lat="35.9555461" lon="-86.5210086" version="1" timestamp="2022-07-31T09:31:37Z" changeset="124294228" uid="3816962" user="bking22"/>
  <node id="9922057720" lat="35.9559090" lon="-86.5207912" version="1" timestamp="2022-07-31T09:31:37Z" changeset="124294228" uid="3816962" user="bking22"/>
  <node id="9922057721" lat="35.9561023" lon="-86.5206767" version="1" timestamp="2022-07-31T09:31:37Z" changeset="124294228" uid="3816962" user="bking22"/>
  <node id="9922057722" lat="35.9562515" lon="-86.5210821" version="1" timestamp="2022-07-31T09:31:37Z" changeset="124294228" uid="3816962" user="bking22"/>
  <node id="9922057723" lat="35.9556731" lon="-86.5215189" version="1" timestamp="2022-07-31T09:31:37Z" changeset="124294228" uid="3816962" user="bking22"/>
  <node id="9922057724" lat="35.9557436" lon="-86.5219964" version="1" timestamp="2022-07-31T09:31:37Z" changeset="124294228" uid="3816962" user="bking22"/>
  <node id="9922057725" lat="35.9557004" lon="-86.5230891" version="1" timestamp="2022-07-31T09:31:37Z" changeset="124294228" uid="3816962" user="bking22"/>
  <node id="9922057726" lat="35.9557914" lon="-86.5243026" version="1" timestamp="2022-07-31T09:31:37Z" changeset="124294228" uid="3816962" user="bking22"/>
  <node id="9922057727" lat="35.9558186" lon="-86.5248757" version="1" timestamp="2022-07-31T09:31:37Z" changeset="124294228" uid="3816962" user="bking22"/>
  <node id="9922057728" lat="35.9558391" lon="-86.5255695" version="1" timestamp="2022-07-31T09:31:37Z" changeset="124294228" uid="3816962" user="bking22"/>
  <node id="9922057729" lat="35.9553002" lon="-86.5255864" version="1" timestamp="2022-07-31T09:31:37Z" changeset="124294228" uid="3816962" user="bking22"/>
  <node id="9922057730" lat="35.9553161" lon="-86.5263111" version="1" timestamp="2022-07-31T09:31:37Z" changeset="124294228" uid="3816962" user="bking22"/>
  <node id="9922057731" lat="35.9555185" lon="-86.5264460" version="1" timestamp="2022-07-31T09:31:37Z" changeset="124294228" uid="3816962" user="bking22"/>
  <node id="9922057732" lat="35.9553070" lon="-86.5271454" version="1" timestamp="2022-07-31T09:31:37Z" changeset="124294228" uid="3816962" user="bking22"/>
  <node id="9922057733" lat="35.9552343" lon="-86.5274685" version="1" timestamp="2022-07-31T09:31:37Z" changeset="124294228" uid="3816962" user="bking22"/>
  <node id="9922057734" lat="35.9555071" lon="-86.5277241" version="1" timestamp="2022-07-31T09:31:37Z" changeset="124294228" uid="3816962" user="bking22"/>
  <node id="9922057735" lat="35.9556777" lon="-86.5279010" version="1" timestamp="2022-07-31T09:31:37Z" changeset="124294228" uid="3816962" user="bking22"/>
  <node id="9922057736" lat="35.9555776" lon="-86.5284741" version="1" timestamp="2022-07-31T09:31:37Z" changeset="124294228" uid="3816962" user="bking22"/>
  <node id="9922057737" lat="35.9553843" lon="-86.5287129" version="1" timestamp="2022-07-31T09:31:37Z" changeset="124294228" uid="3816962" user="bking22"/>
  <node id="9922057738" lat="35.9551479" lon="-86.5287662" version="1" timestamp="2022-07-31T09:31:37Z" changeset="124294228" uid="3816962" user="bking22"/>
  <node id="9922057739" lat="35.9551342" lon="-86.5286342" version="1" timestamp="2022-07-31T09:31:37Z" changeset="124294228" uid="3816962" user="bking22"/>
  <node id="9922057740" lat="35.9547590" lon="-86.5285921" version="1" timestamp="2022-07-31T09:31:37Z" changeset="124294228" uid="3816962" user="bking22"/>
  <node id="9922057741" lat="35.9549705" lon="-86.5291314" version="1" timestamp="2022-07-31T09:31:37Z" changeset="124294228" uid="3816962" user="bking22"/>
  <node id="9922057742" lat="35.9553502" lon="-86.5289488" version="1" timestamp="2022-07-31T09:31:37Z" changeset="124294228" uid="3816962" user="bking22"/>
  <node id="9922057743" lat="35.9560051" lon="-86.5289713" version="1" timestamp="2022-07-31T09:31:37Z" changeset="124294228" uid="3816962" user="bking22"/>
  <node id="9922057744" lat="35.9561984" lon="-86.5287129" version="1" timestamp="2022-07-31T09:31:37Z" changeset="124294228" uid="3816962" user="bking22"/>
  <node id="9922057745" lat="35.9564349" lon="-86.5282466" version="1" timestamp="2022-07-31T09:31:37Z" changeset="124294228" uid="3816962" user="bking22"/>
  <node id="9922057746" lat="35.9565895" lon="-86.5279769" version="1" timestamp="2022-07-31T09:31:37Z" changeset="124294228" uid="3816962" user="bking22"/>
  <node id="9922057747" lat="35.9570715" lon="-86.5277859" version="1" timestamp="2022-07-31T09:31:37Z" changeset="124294228" uid="3816962" user="bking22"/>
  <node id="9922057748" lat="35.9574535" lon="-86.5277803" version="1" timestamp="2022-07-31T09:31:37Z" changeset="124294228" uid="3816962" user="bking22"/>
  <node id="9922057749" lat="35.9576127" lon="-86.5277971" version="1" timestamp="2022-07-31T09:31:37Z" changeset="124294228" uid="3816962" user="bking22"/>
  <node id="9922057750" lat="35.9575831" lon="-86.5273617" version="1" timestamp="2022-07-31T09:31:37Z" changeset="124294228" uid="3816962" user="bking22"/>
  <node id="9922057751" lat="35.9575058" lon="-86.5266707" version="1" timestamp="2022-07-31T09:31:37Z" changeset="124294228" uid="3816962" user="bking22"/>
  <node id="9922057752" lat="35.9574604" lon="-86.5264038" version="1" timestamp="2022-07-31T09:31:37Z" changeset="124294228" uid="3816962" user="bking22"/>
  <node id="9922057753" lat="35.9577741" lon="-86.5263139" version="1" timestamp="2022-07-31T09:31:37Z" changeset="124294228" uid="3816962" user="bking22"/>
  <node id="9922057754" lat="35.9576809" lon="-86.5257662" version="1" timestamp="2022-07-31T09:31:37Z" changeset="124294228" uid="3816962" user="bking22"/>
  <node id="9922057755" lat="35.9580947" lon="-86.5256931" version="1" timestamp="2022-07-31T09:31:37Z" changeset="124294228" uid="3816962" user="bking22"/>
  <node id="9922057756" lat="35.9584995" lon="-86.5256538" version="1" timestamp="2022-07-31T09:31:37Z" changeset="124294228" uid="3816962" user="bking22"/>
  <node id="9922057757" lat="35.9589861" lon="-86.5256117" version="1" timestamp="2022-07-31T09:31:37Z" changeset="124294228" uid="3816962" user="bking22"/>
  <node id="9922057758" lat="35.9593089" lon="-86.5256032" version="1" timestamp="2022-07-31T09:31:37Z" changeset="124294228" uid="3816962" user="bking22"/>
  <node id="9922057759" lat="35.9594117" lon="-86.5255692" version="1" timestamp="2022-07-31T09:31:37Z" changeset="124294228" uid="3816962" user="bking22"/>
  <node id="9922057760" lat="35.9593488" lon="-86.5252683" version="1" timestamp="2022-07-31T09:31:37Z" changeset="124294228" uid="3816962" user="bking22"/>
  <node id="9922057761" lat="35.9592765" lon="-86.5247559" version="1" timestamp="2022-07-31T09:31:37Z" changeset="124294228" uid="3816962" user="bking22"/>
  <node id="9922057762" lat="35.9592137" lon="-86.5242319" version="1" timestamp="2022-07-31T09:31:37Z" changeset="124294228" uid="3816962" user="bking22"/>
  <node id="9922057763" lat="35.9591590" lon="-86.5238999" version="1" timestamp="2022-07-31T09:31:37Z" changeset="124294228" uid="3816962" user="bking22"/>
  <node id="9922057764" lat="35.9591427" lon="-86.5237122" version="1" timestamp="2022-07-31T09:31:37Z" changeset="124294228" uid="3816962" user="bking22"/>
  <node id="9922057765" lat="35.9594087" lon="-86.5236451" version="1" timestamp="2022-07-31T09:31:37Z" changeset="124294228" uid="3816962" user="bking22"/>
  <node id="9922057766" lat="35.9597066" lon="-86.5235520" version="1" timestamp="2022-07-31T09:31:37Z" changeset="124294228" uid="3816962" user="bking22"/>
  <node id="9922057767" lat="35.9598825" lon="-86.5235190" version="1" timestamp="2022-07-31T09:31:37Z" changeset="124294228" uid="3816962" user="bking22"/>
  <node id="9922057768" lat="35.9602093" lon="-86.5234181" version="1" timestamp="2022-07-31T09:31:37Z" changeset="124294228" uid="3816962" user="bking22"/>
  <node id="9922057769" lat="35.9604230" lon="-86.5233715" version="1" timestamp="2022-07-31T09:31:37Z" changeset="124294228" uid="3816962" user="bking22"/>
  <node id="9922057770" lat="35.9609445" lon="-86.5232268" version="1" timestamp="2022-07-31T09:31:37Z" changeset="124294228" uid="3816962" user="bking22"/>
  <node id="9922057771" lat="35.9609597" lon="-86.5236237" version="1" timestamp="2022-07-31T09:31:37Z" changeset="124294228" uid="3816962" user="bking22"/>
  <node id="9922057772" lat="35.9610661" lon="-86.5239563" version="1" timestamp="2022-07-31T09:31:37Z" changeset="124294228" uid="3816962" user="bking22"/>
  <node id="9922057773" lat="35.9613298" lon="-86.5242836" version="1" timestamp="2022-07-31T09:31:37Z" changeset="124294228" uid="3816962" user="bking22"/>
  <node id="9922057774" lat="35.9613971" lon="-86.5243238" version="1" timestamp="2022-07-31T09:31:37Z" changeset="124294228" uid="3816962" user="bking22"/>
  <node id="9922057775" lat="35.9616131" lon="-86.5241012" version="1" timestamp="2022-07-31T09:31:37Z" changeset="124294228" uid="3816962" user="bking22"/>
  <node id="9922057776" lat="35.9617369" lon="-86.5237605" version="1" timestamp="2022-07-31T09:31:37Z" changeset="124294228" uid="3816962" user="bking22"/>
  <node id="9922057777" lat="35.9619985" lon="-86.5236546" version="1" timestamp="2022-07-31T09:31:37Z" changeset="124294228" uid="3816962" user="bking22"/>
  <node id="9922057778" lat="35.9622545" lon="-86.5238146" version="1" timestamp="2022-07-31T09:31:37Z" changeset="124294228" uid="3816962" user="bking22"/>
  <node id="9922057779" lat="35.9623660" lon="-86.5239990" version="1" timestamp="2022-07-31T09:31:37Z" changeset="124294228" uid="3816962" user="bking22"/>
  <node id="9922057780" lat="35.9625326" lon="-86.5239535" version="1" timestamp="2022-07-31T09:31:37Z" changeset="124294228" uid="3816962" user="bking22"/>
  <node id="9922057781" lat="35.9626039" lon="-86.5238710" version="1" timestamp="2022-07-31T09:31:37Z" changeset="124294228" uid="3816962" user="bking22"/>
  <node id="9922057782" lat="35.9628241" lon="-86.5240996" version="1" timestamp="2022-07-31T09:31:37Z" changeset="124294228" uid="3816962" user="bking22"/>
  <node id="9922057783" lat="35.9636264" lon="-86.5249522" version="1" timestamp="2022-07-31T09:31:37Z" changeset="124294228" uid="3816962" user="bking22"/>
  <node id="9922057784" lat="35.9638296" lon="-86.5251810" version="1" timestamp="2022-07-31T09:31:37Z" changeset="124294228" uid="3816962" user="bking22"/>
  <node id="9922057785" lat="35.9644595" lon="-86.5258378" version="1" timestamp="2022-07-31T09:31:37Z" changeset="124294228" uid="3816962" user="bking22"/>
  <node id="9922057786" lat="35.9647756" lon="-86.5261542" version="1" timestamp="2022-07-31T09:31:37Z" changeset="124294228" uid="3816962" user="bking22"/>
  <node id="9922057787" lat="35.9650131" lon="-86.5264082" version="1" timestamp="2022-07-31T09:31:37Z" changeset="124294228" uid="3816962" user="bking22"/>
  <node id="9922057788" lat="35.9652891" lon="-86.5267102" version="1" timestamp="2022-07-31T09:31:37Z" changeset="124294228" uid="3816962" user="bking22"/>
  <node id="9922057789" lat="35.9656158" lon="-86.5270622" version="1" timestamp="2022-07-31T09:31:37Z" changeset="124294228" uid="3816962" user="bking22"/>
  <node id="9922057790" lat="35.9661212" lon="-86.5276108" version="1" timestamp="2022-07-31T09:31:37Z" changeset="124294228" uid="3816962" user="bking22"/>
  <node id="9922057791" lat="35.9666846" lon="-86.5282392" version="1" timestamp="2022-07-31T09:31:37Z" changeset="124294228" uid="3816962" user="bking22"/>
  <node id="9922057792" lat="35.9666145" lon="-86.5283488" version="1" timestamp="2022-07-31T09:31:37Z" changeset="124294228" uid="3816962" user="bking22"/>
  <node id="9922057793" lat="35.9664881" lon="-86.5285662" version="1" timestamp="2022-07-31T09:31:37Z" changeset="124294228" uid="3816962" user="bking22"/>
  <node id="9922057794" lat="35.9659736" lon="-86.5286021" version="1" timestamp="2022-07-31T09:31:37Z" changeset="124294228" uid="3816962" user="bking22"/>
  <node id="9922057795" lat="35.9655514" lon="-86.5286370" version="1" timestamp="2022-07-31T09:31:37Z" changeset="124294228" uid="3816962" user="bking22"/>
  <node id="9922057796" lat="35.9654222" lon="-86.5286678" version="1" timestamp="2022-07-31T09:31:37Z" changeset="124294228" uid="3816962" user="bking22"/>
  <node id="9922057797" lat="35.9652477" lon="-86.5284922" version="1" timestamp="2022-07-31T09:31:37Z" changeset="124294228" uid="3816962" user="bking22"/>
  <node id="9922057798" lat="35.9652282" lon="-86.5286893" version="1" timestamp="2022-07-31T09:31:37Z" changeset="124294228" uid="3816962" user="bking22"/>
  <node id="9922057799" lat="35.9647419" lon="-86.5287255" version="1" timestamp="2022-07-31T09:31:37Z" changeset="124294228" uid="3816962" user="bking22"/>
  <node id="9922057800" lat="35.9645939" lon="-86.5287514" version="1" timestamp="2022-07-31T09:31:37Z" changeset="124294228" uid="3816962" user="bking22"/>
  <node id="9922057801" lat="35.9646172" lon="-86.5289018" version="1" timestamp="2022-07-31T09:31:37Z" changeset="124294228" uid="3816962" user="bking22"/>
  <node id="9922057802" lat="35.9648522" lon="-86.5292035" version="1" timestamp="2022-07-31T09:31:37Z" changeset="124294228" uid="3816962" user="bking22"/>
  <node id="9922057803" lat="35.9650612" lon="-86.5293826" version="1" timestamp="2022-07-31T09:31:37Z" changeset="124294228" uid="3816962" user="bking22"/>
  <node id="9922057804" lat="35.9653132" lon="-86.5296649" version="1" timestamp="2022-07-31T09:31:37Z" changeset="124294228" uid="3816962" user="bking22"/>
  <node id="9922057805" lat="35.9655095" lon="-86.5298437" version="1" timestamp="2022-07-31T09:31:37Z" changeset="124294228" uid="3816962" user="bking22"/>
  <node id="9922057806" lat="35.9657624" lon="-86.5301105" version="1" timestamp="2022-07-31T09:31:37Z" changeset="124294228" uid="3816962" user="bking22"/>
  <node id="9922057807" lat="35.9655167" lon="-86.5304447" version="1" timestamp="2022-07-31T09:31:37Z" changeset="124294228" uid="3816962" user="bking22"/>
  <node id="9922057808" lat="35.9652283" lon="-86.5306477" version="1" timestamp="2022-07-31T09:31:37Z" changeset="124294228" uid="3816962" user="bking22"/>
  <node id="9922057809" lat="35.9649659" lon="-86.5308942" version="1" timestamp="2022-07-31T09:31:37Z" changeset="124294228" uid="3816962" user="bking22"/>
  <node id="9922057810" lat="35.9648167" lon="-86.5311892" version="1" timestamp="2022-07-31T09:31:37Z" changeset="124294228" uid="3816962" user="bking22"/>
  <node id="9922057811" lat="35.9645905" lon="-86.5316124" version="1" timestamp="2022-07-31T09:31:37Z" changeset="124294228" uid="3816962" user="bking22"/>
  <node id="9922057812" lat="35.9645481" lon="-86.5320202" version="1" timestamp="2022-07-31T09:31:37Z" changeset="124294228" uid="3816962" user="bking22"/>
  <node id="9922057813" lat="35.9647673" lon="-86.5322817" version="1" timestamp="2022-07-31T09:31:37Z" changeset="124294228" uid="3816962" user="bking22"/>
  <node id="9922057814" lat="35.9648296" lon="-86.5325012" version="1" timestamp="2022-07-31T09:31:37Z" changeset="124294228" uid="3816962" user="bking22"/>
  <node id="9922057815" lat="35.9647881" lon="-86.5328748" version="1" timestamp="2022-07-31T09:31:37Z" changeset="124294228" uid="3816962" user="bking22"/>
  <node id="9922057816" lat="35.9646236" lon="-86.5330476" version="1" timestamp="2022-07-31T09:31:37Z" changeset="124294228" uid="3816962" user="bking22"/>
  <node id="9922057817" lat="35.9642702" lon="-86.5328421" version="1" timestamp="2022-07-31T09:31:37Z" changeset="124294228" uid="3816962" user="bking22"/>
  <node id="9922057818" lat="35.9640831" lon="-86.5328375" version="1" timestamp="2022-07-31T09:31:37Z" changeset="124294228" uid="3816962" user="bking22"/>
  <node id="9922057819" lat="35.9637524" lon="-86.5336150" version="1" timestamp="2022-07-31T09:31:37Z" changeset="124294228" uid="3816962" user="bking22"/>
  <node id="9922057820" lat="35.9642872" lon="-86.5341637" version="1" timestamp="2022-07-31T09:31:37Z" changeset="124294228" uid="3816962" user="bking22"/>
  <node id="9922057821" lat="35.9645877" lon="-86.5343435" version="1" timestamp="2022-07-31T09:31:37Z" changeset="124294228" uid="3816962" user="bking22"/>
  <node id="9922057822" lat="35.9648051" lon="-86.5343949" version="1" timestamp="2022-07-31T09:31:37Z" changeset="124294228" uid="3816962" user="bking22"/>
  <node id="9922057823" lat="35.9648051" lon="-86.5347078" version="1" timestamp="2022-07-31T09:31:37Z" changeset="124294228" uid="3816962" user="bking22"/>
  <node id="9922057824" lat="35.9645821" lon="-86.5348666" version="1" timestamp="2022-07-31T09:31:37Z" changeset="124294228" uid="3816962" user="bking22"/>
  <node id="9922057825" lat="35.9643269" lon="-86.5349903" version="1" timestamp="2022-07-31T09:31:37Z" changeset="124294228" uid="3816962" user="bking22"/>
  <node id="9922057826" lat="35.9639055" lon="-86.5349016" version="1" timestamp="2022-07-31T09:31:37Z" changeset="124294228" uid="3816962" user="bking22"/>
  <node id="9922057827" lat="35.9632383" lon="-86.5347405" version="1" timestamp="2022-07-31T09:31:37Z" changeset="124294228" uid="3816962" user="bking22"/>
  <node id="9922057828" lat="35.9629492" lon="-86.5350324" version="1" timestamp="2022-07-31T09:31:37Z" changeset="124294228" uid="3816962" user="bking22"/>
  <node id="9922057829" lat="35.9632686" lon="-86.5353943" version="1" timestamp="2022-07-31T09:31:37Z" changeset="124294228" uid="3816962" user="bking22"/>
  <node id="9922057830" lat="35.9632157" lon="-86.5356908" version="1" timestamp="2022-07-31T09:31:37Z" changeset="124294228" uid="3816962" user="bking22"/>
  <node id="9922057831" lat="35.9631133" lon="-86.5358048" version="1" timestamp="2022-07-31T09:31:37Z" changeset="124294228" uid="3816962" user="bking22"/>
  <node id="9922057832" lat="35.9629375" lon="-86.5359146" version="1" timestamp="2022-07-31T09:31:37Z" changeset="124294228" uid="3816962" user="bking22"/>
  <node id="9922057833" lat="35.9631964" lon="-86.5362531" version="1" timestamp="2022-07-31T09:31:37Z" changeset="124294228" uid="3816962" user="bking22"/>
  <node id="9922057834" lat="35.9635045" lon="-86.5363816" version="1" timestamp="2022-07-31T09:31:37Z" changeset="124294228" uid="3816962" user="bking22"/>
  <node id="9922057835" lat="35.9635706" lon="-86.5366104" version="1" timestamp="2022-07-31T09:31:37Z" changeset="124294228" uid="3816962" user="bking22"/>
  <node id="9922057836" lat="35.9634478" lon="-86.5368859" version="1" timestamp="2022-07-31T09:31:37Z" changeset="124294228" uid="3816962" user="bking22"/>
  <node id="9922057837" lat="35.9632890" lon="-86.5369746" version="1" timestamp="2022-07-31T09:31:37Z" changeset="124294228" uid="3816962" user="bking22"/>
  <node id="9922057838" lat="35.9631567" lon="-86.5369139" version="1" timestamp="2022-07-31T09:31:37Z" changeset="124294228" uid="3816962" user="bking22"/>
  <node id="9922057839" lat="35.9629810" lon="-86.5365590" version="1" timestamp="2022-07-31T09:31:37Z" changeset="124294228" uid="3816962" user="bking22"/>
  <node id="9922057840" lat="35.9629167" lon="-86.5363722" version="1" timestamp="2022-07-31T09:31:37Z" changeset="124294228" uid="3816962" user="bking22"/>
  <node id="9922057841" lat="35.9626162" lon="-86.5358889" version="1" timestamp="2022-07-31T09:31:37Z" changeset="124294228" uid="3816962" user="bking22"/>
  <node id="9922057842" lat="35.9623989" lon="-86.5355970" version="1" timestamp="2022-07-31T09:31:37Z" changeset="124294228" uid="3816962" user="bking22"/>
  <node id="9922057843" lat="35.9622477" lon="-86.5357301" version="1" timestamp="2022-07-31T09:31:37Z" changeset="124294228" uid="3816962" user="bking22"/>
  <node id="9922057844" lat="35.9624556" lon="-86.5361481" version="1" timestamp="2022-07-31T09:31:37Z" changeset="124294228" uid="3816962" user="bking22"/>
  <node id="9922057845" lat="35.9624858" lon="-86.5364890" version="1" timestamp="2022-07-31T09:31:37Z" changeset="124294228" uid="3816962" user="bking22"/>
  <node id="9922057846" lat="35.9622250" lon="-86.5365637" version="1" timestamp="2022-07-31T09:31:37Z" changeset="124294228" uid="3816962" user="bking22"/>
  <node id="9922057847" lat="35.9621135" lon="-86.5365754" version="1" timestamp="2022-07-31T09:31:37Z" changeset="124294228" uid="3816962" user="bking22"/>
  <node id="9922057848" lat="35.9620927" lon="-86.5363255" version="1" timestamp="2022-07-31T09:31:37Z" changeset="124294228" uid="3816962" user="bking22"/>
  <node id="9922057849" lat="35.9620549" lon="-86.5358959" version="1" timestamp="2022-07-31T09:31:37Z" changeset="124294228" uid="3816962" user="bking22"/>
  <node id="9922057850" lat="35.9614028" lon="-86.5366828" version="1" timestamp="2022-07-31T09:31:37Z" changeset="124294228" uid="3816962" user="bking22"/>
  <node id="9922057851" lat="35.9616032" lon="-86.5367622" version="1" timestamp="2022-07-31T09:31:37Z" changeset="124294228" uid="3816962" user="bking22"/>
  <node id="9922057852" lat="35.9617147" lon="-86.5370097" version="1" timestamp="2022-07-31T09:31:37Z" changeset="124294228" uid="3816962" user="bking22"/>
  <node id="9922057853" lat="35.9615881" lon="-86.5373296" version="1" timestamp="2022-07-31T09:31:37Z" changeset="124294228" uid="3816962" user="bking22"/>
  <node id="9922057854" lat="35.9616277" lon="-86.5376448" version="1" timestamp="2022-07-31T09:31:37Z" changeset="124294228" uid="3816962" user="bking22"/>
  <node id="9922057855" lat="35.9616353" lon="-86.5378269" version="1" timestamp="2022-07-31T09:31:37Z" changeset="124294228" uid="3816962" user="bking22"/>
  <node id="9922057856" lat="35.9615540" lon="-86.5381351" version="1" timestamp="2022-07-31T09:31:37Z" changeset="124294228" uid="3816962" user="bking22"/>
  <node id="9922057857" lat="35.9616372" lon="-86.5384994" version="1" timestamp="2022-07-31T09:31:37Z" changeset="124294228" uid="3816962" user="bking22"/>
  <node id="9922057858" lat="35.9617941" lon="-86.5385111" version="1" timestamp="2022-07-31T09:31:37Z" changeset="124294228" uid="3816962" user="bking22"/>
  <node id="9922057859" lat="35.9618867" lon="-86.5387633" version="1" timestamp="2022-07-31T09:31:37Z" changeset="124294228" uid="3816962" user="bking22"/>
  <node id="9922057860" lat="35.9620246" lon="-86.5388730" version="1" timestamp="2022-07-31T09:31:37Z" changeset="124294228" uid="3816962" user="bking22"/>
  <node id="9922057861" lat="35.9620624" lon="-86.5390715" version="1" timestamp="2022-07-31T09:31:37Z" changeset="124294228" uid="3816962" user="bking22"/>
  <node id="9922057862" lat="35.9619604" lon="-86.5392233" version="1" timestamp="2022-07-31T09:31:37Z" changeset="124294228" uid="3816962" user="bking22"/>
  <node id="9922057863" lat="35.9615484" lon="-86.5390691" version="1" timestamp="2022-07-31T09:31:37Z" changeset="124294228" uid="3816962" user="bking22"/>
  <node id="9922057864" lat="35.9613291" lon="-86.5389571" version="1" timestamp="2022-07-31T09:31:37Z" changeset="124294228" uid="3816962" user="bking22"/>
  <node id="9922057865" lat="35.9611893" lon="-86.5387329" version="1" timestamp="2022-07-31T09:31:37Z" changeset="124294228" uid="3816962" user="bking22"/>
  <node id="9922057866" lat="35.9610324" lon="-86.5386932" version="1" timestamp="2022-07-31T09:31:37Z" changeset="124294228" uid="3816962" user="bking22"/>
  <node id="9922057867" lat="35.9611227" lon="-86.5401872" version="1" timestamp="2022-07-31T09:31:37Z" changeset="124294228" uid="3816962" user="bking22"/>
  <node id="9922057868" lat="35.9612637" lon="-86.5410327" version="1" timestamp="2022-07-31T09:31:37Z" changeset="124294228" uid="3816962" user="bking22"/>
  <node id="9922057869" lat="35.9604633" lon="-86.5411226" version="1" timestamp="2022-07-31T09:31:37Z" changeset="124294228" uid="3816962" user="bking22"/>
  <node id="9922057870" lat="35.9602928" lon="-86.5410664" version="1" timestamp="2022-07-31T09:31:37Z" changeset="124294228" uid="3816962" user="bking22"/>
  <node id="9922057871" lat="35.9602064" lon="-86.5404035" version="1" timestamp="2022-07-31T09:31:37Z" changeset="124294228" uid="3816962" user="bking22"/>
  <node id="9922057872" lat="35.9601926" lon="-86.5399582" version="1" timestamp="2022-07-31T09:31:37Z" changeset="124294228" uid="3816962" user="bking22"/>
  <node id="9922057873" lat="35.9602342" lon="-86.5394002" version="1" timestamp="2022-07-31T09:31:37Z" changeset="124294228" uid="3816962" user="bking22"/>
  <node id="9922057874" lat="35.9609146" lon="-86.5393325" version="1" timestamp="2022-07-31T09:31:37Z" changeset="124294228" uid="3816962" user="bking22"/>
  <node id="9922057875" lat="35.9609469" lon="-86.5391981" version="1" timestamp="2022-07-31T09:31:37Z" changeset="124294228" uid="3816962" user="bking22"/>
  <node id="9922057876" lat="35.9608696" lon="-86.5379420" version="1" timestamp="2022-07-31T09:31:37Z" changeset="124294228" uid="3816962" user="bking22"/>
  <node id="9922057877" lat="35.9608979" lon="-86.5374586" version="1" timestamp="2022-07-31T09:31:37Z" changeset="124294228" uid="3816962" user="bking22"/>
  <node id="9922057878" lat="35.9610454" lon="-86.5370640" version="1" timestamp="2022-07-31T09:31:37Z" changeset="124294228" uid="3816962" user="bking22"/>
  <node id="9922057879" lat="35.9613287" lon="-86.5365588" version="1" timestamp="2022-07-31T09:31:37Z" changeset="124294228" uid="3816962" user="bking22"/>
  <node id="9922057880" lat="35.9611512" lon="-86.5362793" version="1" timestamp="2022-07-31T09:31:37Z" changeset="124294228" uid="3816962" user="bking22"/>
  <node id="9922057881" lat="35.9608166" lon="-86.5358309" version="1" timestamp="2022-07-31T09:31:37Z" changeset="124294228" uid="3816962" user="bking22"/>
  <node id="9922057882" lat="35.9605573" lon="-86.5354990" version="1" timestamp="2022-07-31T09:31:37Z" changeset="124294228" uid="3816962" user="bking22"/>
  <node id="9922057883" lat="35.9604442" lon="-86.5353340" version="1" timestamp="2022-07-31T09:31:37Z" changeset="124294228" uid="3816962" user="bking22"/>
  <node id="9922057884" lat="35.9603735" lon="-86.5348003" version="1" timestamp="2022-07-31T09:31:37Z" changeset="124294228" uid="3816962" user="bking22"/>
  <node id="9922057885" lat="35.9603232" lon="-86.5342471" version="1" timestamp="2022-07-31T09:31:37Z" changeset="124294228" uid="3816962" user="bking22"/>
  <node id="9922057886" lat="35.9602761" lon="-86.5337289" version="1" timestamp="2022-07-31T09:31:37Z" changeset="124294228" uid="3816962" user="bking22"/>
  <node id="9922057887" lat="35.9602274" lon="-86.5336047" version="1" timestamp="2022-07-31T09:31:37Z" changeset="124294228" uid="3816962" user="bking22"/>
  <node id="9922057888" lat="35.9600986" lon="-86.5335095" version="1" timestamp="2022-07-31T09:31:37Z" changeset="124294228" uid="3816962" user="bking22"/>
  <node id="9922057889" lat="35.9600028" lon="-86.5336415" version="1" timestamp="2022-07-31T09:31:37Z" changeset="124294228" uid="3816962" user="bking22"/>
  <node id="9922057890" lat="35.9597875" lon="-86.5338686" version="1" timestamp="2022-07-31T09:31:37Z" changeset="124294228" uid="3816962" user="bking22"/>
  <node id="9922057891" lat="35.9595943" lon="-86.5340860" version="1" timestamp="2022-07-31T09:31:37Z" changeset="124294228" uid="3816962" user="bking22"/>
  <node id="9922057892" lat="35.9594592" lon="-86.5341850" version="1" timestamp="2022-07-31T09:31:37Z" changeset="124294228" uid="3816962" user="bking22"/>
  <node id="9922057893" lat="35.9592816" lon="-86.5342917" version="1" timestamp="2022-07-31T09:31:37Z" changeset="124294228" uid="3816962" user="bking22"/>
  <node id="9922057894" lat="35.9590962" lon="-86.5341726" version="1" timestamp="2022-07-31T09:31:37Z" changeset="124294228" uid="3816962" user="bking22"/>
  <node id="9922057895" lat="35.9588233" lon="-86.5338777" version="1" timestamp="2022-07-31T09:31:37Z" changeset="124294228" uid="3816962" user="bking22"/>
  <node id="9922057896" lat="35.9586369" lon="-86.5340968" version="1" timestamp="2022-07-31T09:31:37Z" changeset="124294228" uid="3816962" user="bking22"/>
  <node id="9922057897" lat="35.9583390" lon="-86.5343974" version="1" timestamp="2022-07-31T09:31:37Z" changeset="124294228" uid="3816962" user="bking22"/>
  <node id="9922057898" lat="35.9580548" lon="-86.5347850" version="1" timestamp="2022-07-31T09:31:37Z" changeset="124294228" uid="3816962" user="bking22"/>
  <node id="9922057899" lat="35.9578592" lon="-86.5351053" version="1" timestamp="2022-07-31T09:31:37Z" changeset="124294228" uid="3816962" user="bking22"/>
  <node id="9922057900" lat="35.9576341" lon="-86.5353946" version="1" timestamp="2022-07-31T09:31:37Z" changeset="124294228" uid="3816962" user="bking22"/>
  <node id="9922057901" lat="35.9576637" lon="-86.5354817" version="1" timestamp="2022-07-31T09:31:37Z" changeset="124294228" uid="3816962" user="bking22"/>
  <node id="9922057902" lat="35.9576455" lon="-86.5355856" version="1" timestamp="2022-07-31T09:31:37Z" changeset="124294228" uid="3816962" user="bking22"/>
  <node id="9922057903" lat="35.9574227" lon="-86.5356811" version="1" timestamp="2022-07-31T09:31:37Z" changeset="124294228" uid="3816962" user="bking22"/>
  <node id="9922057904" lat="35.9572385" lon="-86.5358019" version="1" timestamp="2022-07-31T09:31:37Z" changeset="124294228" uid="3816962" user="bking22"/>
  <node id="9922057905" lat="35.9572726" lon="-86.5361446" version="1" timestamp="2022-07-31T09:31:37Z" changeset="124294228" uid="3816962" user="bking22"/>
  <node id="9922057906" lat="35.9572885" lon="-86.5365379" version="1" timestamp="2022-07-31T09:31:37Z" changeset="124294228" uid="3816962" user="bking22"/>
  <node id="9922057907" lat="35.9573021" lon="-86.5367598" version="1" timestamp="2022-07-31T09:31:37Z" changeset="124294228" uid="3816962" user="bking22"/>
  <node id="9922057908" lat="35.9571794" lon="-86.5368272" version="1" timestamp="2022-07-31T09:31:37Z" changeset="124294228" uid="3816962" user="bking22"/>
  <node id="9922057909" lat="35.9571907" lon="-86.5372064" version="1" timestamp="2022-07-31T09:31:37Z" changeset="124294228" uid="3816962" user="bking22"/>
  <node id="9922057910" lat="35.9573340" lon="-86.5373132" version="1" timestamp="2022-07-31T09:31:37Z" changeset="124294228" uid="3816962" user="bking22"/>
  <node id="9922057911" lat="35.9573408" lon="-86.5374705" version="1" timestamp="2022-07-31T09:31:37Z" changeset="124294228" uid="3816962" user="bking22"/>
  <node id="9922057912" lat="35.9573650" lon="-86.5376243" version="1" timestamp="2022-07-31T09:31:37Z" changeset="124294228" uid="3816962" user="bking22"/>
  <node id="9922057913" lat="35.9571208" lon="-86.5378050" version="1" timestamp="2022-07-31T09:31:37Z" changeset="124294228" uid="3816962" user="bking22"/>
  <node id="9922057914" lat="35.9572161" lon="-86.5380615" version="1" timestamp="2022-07-31T09:31:37Z" changeset="124294228" uid="3816962" user="bking22"/>
  <node id="9922057915" lat="35.9573728" lon="-86.5380196" version="1" timestamp="2022-07-31T09:31:37Z" changeset="124294228" uid="3816962" user="bking22"/>
  <node id="9922057916" lat="35.9575021" lon="-86.5379067" version="1" timestamp="2022-07-31T09:31:37Z" changeset="124294228" uid="3816962" user="bking22"/>
  <node id="9922057917" lat="35.9575831" lon="-86.5381229" version="1" timestamp="2022-07-31T09:31:37Z" changeset="124294228" uid="3816962" user="bking22"/>
  <node id="9922057918" lat="35.9576928" lon="-86.5385359" version="1" timestamp="2022-07-31T09:31:37Z" changeset="124294228" uid="3816962" user="bking22"/>
  <node id="9922057919" lat="35.9578103" lon="-86.5389312" version="1" timestamp="2022-07-31T09:31:37Z" changeset="124294228" uid="3816962" user="bking22"/>
  <node id="9922057920" lat="35.9578639" lon="-86.5389828" version="1" timestamp="2022-07-31T09:31:37Z" changeset="124294228" uid="3816962" user="bking22"/>
  <node id="9922057921" lat="35.9579082" lon="-86.5394062" version="1" timestamp="2022-07-31T09:31:37Z" changeset="124294228" uid="3816962" user="bking22"/>
  <node id="9922057922" lat="35.9578054" lon="-86.5396396" version="1" timestamp="2022-07-31T09:31:37Z" changeset="124294228" uid="3816962" user="bking22"/>
  <node id="9922057923" lat="35.9579066" lon="-86.5398998" version="1" timestamp="2022-07-31T09:31:37Z" changeset="124294228" uid="3816962" user="bking22"/>
  <node id="9922057924" lat="35.9582348" lon="-86.5397444" version="1" timestamp="2022-07-31T09:31:37Z" changeset="124294228" uid="3816962" user="bking22"/>
  <node id="9922057925" lat="35.9583771" lon="-86.5399471" version="1" timestamp="2022-07-31T09:31:37Z" changeset="124294228" uid="3816962" user="bking22"/>
  <node id="9922057926" lat="35.9584919" lon="-86.5402209" version="1" timestamp="2022-07-31T09:31:37Z" changeset="124294228" uid="3816962" user="bking22"/>
  <node id="9922057927" lat="35.9590089" lon="-86.5400722" version="1" timestamp="2022-07-31T09:31:37Z" changeset="124294228" uid="3816962" user="bking22"/>
  <node id="9922057928" lat="35.9591922" lon="-86.5398931" version="1" timestamp="2022-07-31T09:31:37Z" changeset="124294228" uid="3816962" user="bking22"/>
  <node id="9922057929" lat="35.9592743" lon="-86.5397342" version="1" timestamp="2022-07-31T09:31:37Z" changeset="124294228" uid="3816962" user="bking22"/>
  <node id="9922057930" lat="35.9598921" lon="-86.5402116" version="1" timestamp="2022-07-31T09:31:37Z" changeset="124294228" uid="3816962" user="bking22"/>
  <node id="9922057931" lat="35.9599352" lon="-86.5402487" version="1" timestamp="2022-07-31T09:31:37Z" changeset="124294228" uid="3816962" user="bking22"/>
  <node id="9922057932" lat="35.9597052" lon="-86.5406146" version="1" timestamp="2022-07-31T09:31:37Z" changeset="124294228" uid="3816962" user="bking22"/>
  <node id="9922057933" lat="35.9594716" lon="-86.5407773" version="1" timestamp="2022-07-31T09:31:37Z" changeset="124294228" uid="3816962" user="bking22"/>
  <node id="9922057934" lat="35.9592149" lon="-86.5408870" version="1" timestamp="2022-07-31T09:31:37Z" changeset="124294228" uid="3816962" user="bking22"/>
  <node id="9922057935" lat="35.9591063" lon="-86.5409805" version="1" timestamp="2022-07-31T09:31:37Z" changeset="124294228" uid="3816962" user="bking22"/>
  <node id="9922057936" lat="35.9590800" lon="-86.5410781" version="1" timestamp="2022-07-31T09:31:37Z" changeset="124294228" uid="3816962" user="bking22"/>
  <node id="9922057937" lat="35.9589846" lon="-86.5413139" version="1" timestamp="2022-07-31T09:31:37Z" changeset="124294228" uid="3816962" user="bking22"/>
  <node id="9922057938" lat="35.9593217" lon="-86.5415868" version="1" timestamp="2022-07-31T09:31:37Z" changeset="124294228" uid="3816962" user="bking22"/>
  <node id="9922057939" lat="35.9595920" lon="-86.5420041" version="1" timestamp="2022-07-31T09:31:37Z" changeset="124294228" uid="3816962" user="bking22"/>
  <node id="9922057940" lat="35.9578765" lon="-86.5391040" version="1" timestamp="2022-07-31T09:31:37Z" changeset="124294228" uid="3816962" user="bking22"/>
  <node id="9922057953" lat="35.9576639" lon="-86.5371984" version="1" timestamp="2022-07-31T09:31:37Z" changeset="124294228" uid="3816962" user="bking22"/>
  <node id="9922057954" lat="35.9577640" lon="-86.5371001" version="1" timestamp="2022-07-31T09:31:37Z" changeset="124294228" uid="3816962" user="bking22"/>
  <node id="9922057955" lat="35.9578481" lon="-86.5369568" version="1" timestamp="2022-07-31T09:31:37Z" changeset="124294228" uid="3816962" user="bking22"/>
  <node id="9922057956" lat="35.9585007" lon="-86.5368023" version="1" timestamp="2022-07-31T09:31:37Z" changeset="124294228" uid="3816962" user="bking22"/>
  <node id="9922057957" lat="35.9588599" lon="-86.5367462" version="1" timestamp="2022-07-31T09:31:37Z" changeset="124294228" uid="3816962" user="bking22"/>
  <node id="9922057958" lat="35.9589941" lon="-86.5370158" version="1" timestamp="2022-07-31T09:31:37Z" changeset="124294228" uid="3816962" user="bking22"/>
  <node id="9922057959" lat="35.9590677" lon="-86.5370944" version="1" timestamp="2022-07-31T09:31:37Z" changeset="124294228" uid="3816962" user="bking22"/>
  <node id="9922057960" lat="35.9591679" lon="-86.5370989" version="1" timestamp="2022-07-31T09:31:37Z" changeset="124294228" uid="3816962" user="bking22"/>
  <node id="9922057961" lat="35.9592292" lon="-86.5370275" version="1" timestamp="2022-07-31T09:31:37Z" changeset="124294228" uid="3816962" user="bking22"/>
  <node id="9922057962" lat="35.9592861" lon="-86.5368090" version="1" timestamp="2022-07-31T09:31:37Z" changeset="124294228" uid="3816962" user="bking22"/>
  <node id="9922057963" lat="35.9594924" lon="-86.5368859" version="1" timestamp="2022-07-31T09:31:37Z" changeset="124294228" uid="3816962" user="bking22"/>
  <node id="9922057964" lat="35.9598427" lon="-86.5370644" version="1" timestamp="2022-07-31T09:31:37Z" changeset="124294228" uid="3816962" user="bking22"/>
  <node id="9922057965" lat="35.9599181" lon="-86.5371479" version="1" timestamp="2022-07-31T09:31:37Z" changeset="124294228" uid="3816962" user="bking22"/>
  <node id="9922057966" lat="35.9599574" lon="-86.5374041" version="1" timestamp="2022-07-31T09:31:37Z" changeset="124294228" uid="3816962" user="bking22"/>
  <node id="9922057967" lat="35.9599936" lon="-86.5378020" version="1" timestamp="2022-07-31T09:31:37Z" changeset="124294228" uid="3816962" user="bking22"/>
  <node id="9922057968" lat="35.9599951" lon="-86.5381222" version="1" timestamp="2022-07-31T09:31:37Z" changeset="124294228" uid="3816962" user="bking22"/>
  <node id="9922057969" lat="35.9600171" lon="-86.5383784" version="1" timestamp="2022-07-31T09:31:37Z" changeset="124294228" uid="3816962" user="bking22"/>
  <node id="9922057970" lat="35.9600328" lon="-86.5386463" version="1" timestamp="2022-07-31T09:31:37Z" changeset="124294228" uid="3816962" user="bking22"/>
  <node id="9922057971" lat="35.9600674" lon="-86.5391315" version="1" timestamp="2022-07-31T09:31:37Z" changeset="124294228" uid="3816962" user="bking22"/>
  <node id="9922057972" lat="35.9600937" lon="-86.5393492" version="1" timestamp="2022-07-31T09:31:37Z" changeset="124294228" uid="3816962" user="bking22"/>
  <node id="9922057973" lat="35.9601307" lon="-86.5393595" version="1" timestamp="2022-07-31T09:31:37Z" changeset="124294228" uid="3816962" user="bking22"/>
  <node id="9922057974" lat="35.9601259" lon="-86.5391460" version="1" timestamp="2022-07-31T09:31:37Z" changeset="124294228" uid="3816962" user="bking22"/>
  <node id="9922057975" lat="35.9600804" lon="-86.5387054" version="1" timestamp="2022-07-31T09:31:37Z" changeset="124294228" uid="3816962" user="bking22"/>
  <node id="9922057976" lat="35.9600647" lon="-86.5383522" version="1" timestamp="2022-07-31T09:31:37Z" changeset="124294228" uid="3816962" user="bking22"/>
  <node id="9922057977" lat="35.9601605" lon="-86.5382629" version="1" timestamp="2022-07-31T09:31:37Z" changeset="124294228" uid="3816962" user="bking22"/>
  <node id="9922057978" lat="35.9602014" lon="-86.5380513" version="1" timestamp="2022-07-31T09:31:37Z" changeset="124294228" uid="3816962" user="bking22"/>
  <node id="9922057979" lat="35.9602830" lon="-86.5379776" version="1" timestamp="2022-07-31T09:31:37Z" changeset="124294228" uid="3816962" user="bking22"/>
  <node id="9922057980" lat="35.9602972" lon="-86.5378999" version="1" timestamp="2022-07-31T09:31:37Z" changeset="124294228" uid="3816962" user="bking22"/>
  <node id="9922057981" lat="35.9603773" lon="-86.5378068" version="1" timestamp="2022-07-31T09:31:37Z" changeset="124294228" uid="3816962" user="bking22"/>
  <node id="9922057982" lat="35.9604056" lon="-86.5375758" version="1" timestamp="2022-07-31T09:31:37Z" changeset="124294228" uid="3816962" user="bking22"/>
  <node id="9922057983" lat="35.9604323" lon="-86.5375040" version="1" timestamp="2022-07-31T09:31:37Z" changeset="124294228" uid="3816962" user="bking22"/>
  <node id="9922057984" lat="35.9603836" lon="-86.5374263" version="1" timestamp="2022-07-31T09:31:37Z" changeset="124294228" uid="3816962" user="bking22"/>
  <node id="9922057985" lat="35.9606412" lon="-86.5373836" version="1" timestamp="2022-07-31T09:31:37Z" changeset="124294228" uid="3816962" user="bking22"/>
  <node id="9922057986" lat="35.9608628" lon="-86.5373351" version="1" timestamp="2022-07-31T09:31:37Z" changeset="124294228" uid="3816962" user="bking22"/>
  <node id="9922057987" lat="35.9608926" lon="-86.5372303" version="1" timestamp="2022-07-31T09:31:37Z" changeset="124294228" uid="3816962" user="bking22"/>
  <node id="9922057988" lat="35.9608195" lon="-86.5371837" version="1" timestamp="2022-07-31T09:31:37Z" changeset="124294228" uid="3816962" user="bking22"/>
  <node id="9922057989" lat="35.9608683" lon="-86.5369477" version="1" timestamp="2022-07-31T09:31:37Z" changeset="124294228" uid="3816962" user="bking22"/>
  <node id="9922057990" lat="35.9607576" lon="-86.5368430" version="1" timestamp="2022-07-31T09:31:37Z" changeset="124294228" uid="3816962" user="bking22"/>
  <node id="9922057991" lat="35.9607174" lon="-86.5369034" version="1" timestamp="2022-07-31T09:31:37Z" changeset="124294228" uid="3816962" user="bking22"/>
  <node id="9922057992" lat="35.9607695" lon="-86.5370040" version="1" timestamp="2022-07-31T09:31:37Z" changeset="124294228" uid="3816962" user="bking22"/>
  <node id="9922057993" lat="35.9607424" lon="-86.5371314" version="1" timestamp="2022-07-31T09:31:37Z" changeset="124294228" uid="3816962" user="bking22"/>
  <node id="9922057994" lat="35.9606577" lon="-86.5371059" version="1" timestamp="2022-07-31T09:31:37Z" changeset="124294228" uid="3816962" user="bking22"/>
  <node id="9922057995" lat="35.9606035" lon="-86.5371958" version="1" timestamp="2022-07-31T09:31:37Z" changeset="124294228" uid="3816962" user="bking22"/>
  <node id="9922057996" lat="35.9605112" lon="-86.5372655" version="1" timestamp="2022-07-31T09:31:37Z" changeset="124294228" uid="3816962" user="bking22"/>
  <node id="9922057997" lat="35.9604330" lon="-86.5371663" version="1" timestamp="2022-07-31T09:31:37Z" changeset="124294228" uid="3816962" user="bking22"/>
  <node id="9922057998" lat="35.9603484" lon="-86.5371649" version="1" timestamp="2022-07-31T09:31:37Z" changeset="124294228" uid="3816962" user="bking22"/>
  <node id="9922057999" lat="35.9602887" lon="-86.5370952" version="1" timestamp="2022-07-31T09:31:37Z" changeset="124294228" uid="3816962" user="bking22"/>
  <node id="9922058000" lat="35.9602235" lon="-86.5369249" version="1" timestamp="2022-07-31T09:31:37Z" changeset="124294228" uid="3816962" user="bking22"/>
  <node id="9922058001" lat="35.9603244" lon="-86.5367029" version="1" timestamp="2022-07-31T09:31:37Z" changeset="124294228" uid="3816962" user="bking22"/>
  <node id="9922058002" lat="35.9605672" lon="-86.5366323" version="1" timestamp="2022-07-31T09:31:37Z" changeset="124294228" uid="3816962" user="bking22"/>
  <node id="9922058003" lat="35.9605387" lon="-86.5364793" version="1" timestamp="2022-07-31T09:31:37Z" changeset="124294228" uid="3816962" user="bking22"/>
  <node id="9922058004" lat="35.9603482" lon="-86.5362792" version="1" timestamp="2022-07-31T09:31:37Z" changeset="124294228" uid="3816962" user="bking22"/>
  <node id="9922058005" lat="35.9599719" lon="-86.5357085" version="1" timestamp="2022-07-31T09:31:37Z" changeset="124294228" uid="3816962" user="bking22"/>
  <node id="9922058006" lat="35.9599336" lon="-86.5355894" version="1" timestamp="2022-07-31T09:31:37Z" changeset="124294228" uid="3816962" user="bking22"/>
  <node id="9922058007" lat="35.9597561" lon="-86.5356263" version="1" timestamp="2022-07-31T09:31:37Z" changeset="124294228" uid="3816962" user="bking22"/>
  <node id="9922058008" lat="35.9596779" lon="-86.5358308" version="1" timestamp="2022-07-31T09:31:37Z" changeset="124294228" uid="3816962" user="bking22"/>
  <node id="9922058009" lat="35.9594886" lon="-86.5359212" version="1" timestamp="2022-07-31T09:31:37Z" changeset="124294228" uid="3816962" user="bking22"/>
  <node id="9922058010" lat="35.9593906" lon="-86.5360228" version="1" timestamp="2022-07-31T09:31:37Z" changeset="124294228" uid="3816962" user="bking22"/>
  <node id="9922058011" lat="35.9593867" lon="-86.5361002" version="1" timestamp="2022-07-31T09:31:37Z" changeset="124294228" uid="3816962" user="bking22"/>
  <node id="9922058012" lat="35.9591934" lon="-86.5360760" version="1" timestamp="2022-07-31T09:31:37Z" changeset="124294228" uid="3816962" user="bking22"/>
  <node id="9922058013" lat="35.9591320" lon="-86.5360454" version="1" timestamp="2022-07-31T09:31:37Z" changeset="124294228" uid="3816962" user="bking22"/>
  <node id="9922058014" lat="35.9591634" lon="-86.5359534" version="1" timestamp="2022-07-31T09:31:37Z" changeset="124294228" uid="3816962" user="bking22"/>
  <node id="9922058015" lat="35.9591843" lon="-86.5358421" version="1" timestamp="2022-07-31T09:31:37Z" changeset="124294228" uid="3816962" user="bking22"/>
  <node id="9922058016" lat="35.9591307" lon="-86.5357372" version="1" timestamp="2022-07-31T09:31:37Z" changeset="124294228" uid="3816962" user="bking22"/>
  <node id="9922058017" lat="35.9590968" lon="-86.5356162" version="1" timestamp="2022-07-31T09:31:37Z" changeset="124294228" uid="3816962" user="bking22"/>
  <node id="9922058018" lat="35.9591373" lon="-86.5354049" version="1" timestamp="2022-07-31T09:31:37Z" changeset="124294228" uid="3816962" user="bking22"/>
  <node id="9922058019" lat="35.9592003" lon="-86.5352333" version="1" timestamp="2022-07-31T09:31:37Z" changeset="124294228" uid="3816962" user="bking22"/>
  <node id="9922058020" lat="35.9592786" lon="-86.5351236" version="1" timestamp="2022-07-31T09:31:37Z" changeset="124294228" uid="3816962" user="bking22"/>
  <node id="9922058021" lat="35.9593645" lon="-86.5351811" version="1" timestamp="2022-07-31T09:31:37Z" changeset="124294228" uid="3816962" user="bking22"/>
  <node id="9922058022" lat="35.9594611" lon="-86.5352198" version="1" timestamp="2022-07-31T09:31:37Z" changeset="124294228" uid="3816962" user="bking22"/>
  <node id="9922058023" lat="35.9595604" lon="-86.5351343" version="1" timestamp="2022-07-31T09:31:37Z" changeset="124294228" uid="3816962" user="bking22"/>
  <node id="9922058024" lat="35.9595029" lon="-86.5349359" version="1" timestamp="2022-07-31T09:31:37Z" changeset="124294228" uid="3816962" user="bking22"/>
  <node id="9922058025" lat="35.9594115" lon="-86.5348471" version="1" timestamp="2022-07-31T09:31:37Z" changeset="124294228" uid="3816962" user="bking22"/>
  <node id="9922058026" lat="35.9592574" lon="-86.5348923" version="1" timestamp="2022-07-31T09:31:37Z" changeset="124294228" uid="3816962" user="bking22"/>
  <node id="9922058027" lat="35.9592280" lon="-86.5348044" version="1" timestamp="2022-07-31T09:31:37Z" changeset="124294228" uid="3816962" user="bking22"/>
  <node id="9922058028" lat="35.9593848" lon="-86.5347344" version="1" timestamp="2022-07-31T09:31:37Z" changeset="124294228" uid="3816962" user="bking22"/>
  <node id="9922058029" lat="35.9595096" lon="-86.5347998" version="1" timestamp="2022-07-31T09:31:37Z" changeset="124294228" uid="3816962" user="bking22"/>
  <node id="9922058030" lat="35.9596457" lon="-86.5349492" version="1" timestamp="2022-07-31T09:31:37Z" changeset="124294228" uid="3816962" user="bking22"/>
  <node id="9922058031" lat="35.9597988" lon="-86.5351360" version="1" timestamp="2022-07-31T09:31:37Z" changeset="124294228" uid="3816962" user="bking22"/>
  <node id="9922058032" lat="35.9600426" lon="-86.5354185" version="1" timestamp="2022-07-31T09:31:37Z" changeset="124294228" uid="3816962" user="bking22"/>
  <node id="9922058033" lat="35.9603015" lon="-86.5357548" version="1" timestamp="2022-07-31T09:31:37Z" changeset="124294228" uid="3816962" user="bking22"/>
  <node id="9922058034" lat="35.9604867" lon="-86.5360023" version="1" timestamp="2022-07-31T09:31:37Z" changeset="124294228" uid="3816962" user="bking22"/>
  <node id="9922058035" lat="35.9606946" lon="-86.5362755" version="1" timestamp="2022-07-31T09:31:37Z" changeset="124294228" uid="3816962" user="bking22"/>
  <node id="9922058036" lat="35.9608496" lon="-86.5364973" version="1" timestamp="2022-07-31T09:31:37Z" changeset="124294228" uid="3816962" user="bking22"/>
  <node id="9922058037" lat="35.9609554" lon="-86.5366257" version="1" timestamp="2022-07-31T09:31:37Z" changeset="124294228" uid="3816962" user="bking22"/>
  <node id="9922058038" lat="35.9609954" lon="-86.5366063" version="1" timestamp="2022-07-31T09:31:37Z" changeset="124294228" uid="3816962" user="bking22"/>
  <node id="9922058039" lat="35.9610599" lon="-86.5364441" version="1" timestamp="2022-07-31T09:31:37Z" changeset="124294228" uid="3816962" user="bking22"/>
  <node id="9922058040" lat="35.9609549" lon="-86.5363839" version="1" timestamp="2022-07-31T09:31:37Z" changeset="124294228" uid="3816962" user="bking22"/>
  <node id="9922058041" lat="35.9609744" lon="-86.5363069" version="1" timestamp="2022-07-31T09:31:37Z" changeset="124294228" uid="3816962" user="bking22"/>
  <node id="9922058042" lat="35.9610157" lon="-86.5362727" version="1" timestamp="2022-07-31T09:31:37Z" changeset="124294228" uid="3816962" user="bking22"/>
  <node id="9922058043" lat="35.9609894" lon="-86.5361596" version="1" timestamp="2022-07-31T09:31:37Z" changeset="124294228" uid="3816962" user="bking22"/>
  <node id="9922058044" lat="35.9610371" lon="-86.5361264" version="1" timestamp="2022-07-31T09:31:37Z" changeset="124294228" uid="3816962" user="bking22"/>
  <node id="9922058045" lat="35.9583741" lon="-86.5344730" version="1" timestamp="2022-07-31T09:31:37Z" changeset="124294228" uid="3816962" user="bking22"/>
  <node id="9922058046" lat="35.9582461" lon="-86.5346311" version="1" timestamp="2022-07-31T09:31:37Z" changeset="124294228" uid="3816962" user="bking22"/>
  <node id="9922058047" lat="35.9582069" lon="-86.5345776" version="1" timestamp="2022-07-31T09:31:37Z" changeset="124294228" uid="3816962" user="bking22"/>
  <node id="9922058048" lat="35.9579131" lon="-86.5350171" version="1" timestamp="2022-07-31T09:31:37Z" changeset="124294228" uid="3816962" user="bking22"/>
  <node id="9922058049" lat="35.9573555" lon="-86.5366785" version="1" timestamp="2022-07-31T09:31:37Z" changeset="124294228" uid="3816962" user="bking22"/>
  <node id="9922058064" lat="35.9618274" lon="-86.5386019" version="1" timestamp="2022-07-31T09:31:37Z" changeset="124294228" uid="3816962" user="bking22"/>
  <node id="9922058077" lat="35.9617036" lon="-86.5385043" version="1" timestamp="2022-07-31T09:31:37Z" changeset="124294228" uid="3816962" user="bking22"/>
  <node id="9922058078" lat="35.9616469" lon="-86.5368592" version="1" timestamp="2022-07-31T09:31:37Z" changeset="124294228" uid="3816962" user="bking22"/>
  <node id="9922058116" lat="35.9610682" lon="-86.5392850" version="1" timestamp="2022-07-31T09:31:37Z" changeset="124294228" uid="3816962" user="bking22"/>
  <node id="9922058320" lat="35.9546561" lon="-86.5436778" version="1" timestamp="2022-07-31T09:31:37Z" changeset="124294228" uid="3816962" user="bking22"/>
  <node id="9922058321" lat="35.9546435" lon="-86.5435541" version="1" timestamp="2022-07-31T09:31:37Z" changeset="124294228" uid="3816962" user="bking22"/>
  <node id="9922058322" lat="35.9546453" lon="-86.5434237" version="1" timestamp="2022-07-31T09:31:37Z" changeset="124294228" uid="3816962" user="bking22"/>
  <node id="9922058323" lat="35.9546624" lon="-86.5432776" version="1" timestamp="2022-07-31T09:31:37Z" changeset="124294228" uid="3816962" user="bking22"/>
  <node id="9922058324" lat="35.9547003" lon="-86.5431283" version="1" timestamp="2022-07-31T09:31:37Z" changeset="124294228" uid="3816962" user="bking22"/>
  <node id="9922058325" lat="35.9547445" lon="-86.5429622" version="1" timestamp="2022-07-31T09:31:37Z" changeset="124294228" uid="3816962" user="bking22"/>
  <node id="9922058326" lat="35.9548149" lon="-86.5426957" version="1" timestamp="2022-07-31T09:31:37Z" changeset="124294228" uid="3816962" user="bking22"/>
  <node id="9922058327" lat="35.9548718" lon="-86.5424951" version="1" timestamp="2022-07-31T09:31:37Z" changeset="124294228" uid="3816962" user="bking22"/>
  <node id="9922058328" lat="35.9549192" lon="-86.5423149" version="1" timestamp="2022-07-31T09:31:37Z" changeset="124294228" uid="3816962" user="bking22">
    <tag k="highway" v="crossing"/>
  </node>
  <node id="9922058329" lat="35.9549584" lon="-86.5421417" version="1" timestamp="2022-07-31T09:31:37Z" changeset="124294228" uid="3816962" user="bking22"/>
  <node id="9922058330" lat="35.9549954" lon="-86.5419511" version="1" timestamp="2022-07-31T09:31:37Z" changeset="124294228" uid="3816962" user="bking22"/>
  <node id="9922058331" lat="35.9550062" lon="-86.5418028" version="1" timestamp="2022-07-31T09:31:37Z" changeset="124294228" uid="3816962" user="bking22"/>
  <node id="9922058332" lat="35.9550008" lon="-86.5417058" version="1" timestamp="2022-07-31T09:31:37Z" changeset="124294228" uid="3816962" user="bking22"/>
  <node id="9922058333" lat="35.9549719" lon="-86.5415787" version="1" timestamp="2022-07-31T09:31:37Z" changeset="124294228" uid="3816962" user="bking22"/>
  <node id="9922058334" lat="35.9549422" lon="-86.5414528" version="1" timestamp="2022-07-31T09:31:37Z" changeset="124294228" uid="3816962" user="bking22"/>
  <node id="9922058335" lat="35.9548916" lon="-86.5412710" version="1" timestamp="2022-07-31T09:31:37Z" changeset="124294228" uid="3816962" user="bking22"/>
  <node id="9922058336" lat="35.9548483" lon="-86.5411384" version="1" timestamp="2022-07-31T09:31:37Z" changeset="124294228" uid="3816962" user="bking22"/>
  <node id="9922058337" lat="35.9547996" lon="-86.5409946" version="1" timestamp="2022-07-31T09:31:37Z" changeset="124294228" uid="3816962" user="bking22"/>
  <node id="9922058338" lat="35.9546660" lon="-86.5407170" version="1" timestamp="2022-07-31T09:31:37Z" changeset="124294228" uid="3816962" user="bking22"/>
  <node id="9922058339" lat="35.9544928" lon="-86.5403703" version="1" timestamp="2022-07-31T09:31:37Z" changeset="124294228" uid="3816962" user="bking22"/>
  <node id="9922058340" lat="35.9544215" lon="-86.5402098" version="1" timestamp="2022-07-31T09:31:37Z" changeset="124294228" uid="3816962" user="bking22"/>
  <node id="9922058341" lat="35.9543051" lon="-86.5399668" version="1" timestamp="2022-07-31T09:31:37Z" changeset="124294228" uid="3816962" user="bking22"/>
  <node id="9922058342" lat="35.9541851" lon="-86.5397248" version="1" timestamp="2022-07-31T09:31:37Z" changeset="124294228" uid="3816962" user="bking22"/>
  <node id="9922058343" lat="35.9540037" lon="-86.5392845" version="1" timestamp="2022-07-31T09:31:37Z" changeset="124294228" uid="3816962" user="bking22"/>
  <node id="9922058344" lat="35.9539134" lon="-86.5390426" version="1" timestamp="2022-07-31T09:31:37Z" changeset="124294228" uid="3816962" user="bking22"/>
  <node id="9922058345" lat="35.9538097" lon="-86.5387817" version="1" timestamp="2022-07-31T09:31:37Z" changeset="124294228" uid="3816962" user="bking22"/>
  <node id="9922058346" lat="35.9537700" lon="-86.5386669" version="1" timestamp="2022-07-31T09:31:37Z" changeset="124294228" uid="3816962" user="bking22"/>
  <node id="9922058347" lat="35.9537672" lon="-86.5386268" version="1" timestamp="2022-07-31T09:31:37Z" changeset="124294228" uid="3816962" user="bking22"/>
  <node id="9922058348" lat="35.9537754" lon="-86.5385956" version="1" timestamp="2022-07-31T09:31:37Z" changeset="124294228" uid="3816962" user="bking22"/>
  <node id="9922058349" lat="35.9538006" lon="-86.5385655" version="1" timestamp="2022-07-31T09:31:37Z" changeset="124294228" uid="3816962" user="bking22"/>
  <node id="9922058350" lat="35.9538485" lon="-86.5385365" version="1" timestamp="2022-07-31T09:31:37Z" changeset="124294228" uid="3816962" user="bking22"/>
  <node id="9922058351" lat="35.9540804" lon="-86.5383871" version="1" timestamp="2022-07-31T09:31:37Z" changeset="124294228" uid="3816962" user="bking22"/>
  <node id="9922058352" lat="35.9541778" lon="-86.5383124" version="1" timestamp="2022-07-31T09:31:37Z" changeset="124294228" uid="3816962" user="bking22"/>
  <node id="9922058353" lat="35.9542464" lon="-86.5382433" version="1" timestamp="2022-07-31T09:31:37Z" changeset="124294228" uid="3816962" user="bking22"/>
  <node id="9922058354" lat="35.9543024" lon="-86.5381385" version="1" timestamp="2022-07-31T09:31:37Z" changeset="124294228" uid="3816962" user="bking22"/>
  <node id="9922058355" lat="35.9543458" lon="-86.5380602" version="1" timestamp="2022-07-31T09:31:37Z" changeset="124294228" uid="3816962" user="bking22"/>
  <node id="9922058356" lat="35.9543894" lon="-86.5379148" version="1" timestamp="2022-07-31T09:31:37Z" changeset="124294228" uid="3816962" user="bking22"/>
  <node id="9922058357" lat="35.9543987" lon="-86.5379071" version="1" timestamp="2022-07-31T09:31:37Z" changeset="124294228" uid="3816962" user="bking22"/>
  <node id="9922058358" lat="35.9543915" lon="-86.5378899" version="1" timestamp="2022-07-31T09:31:37Z" changeset="124294228" uid="3816962" user="bking22"/>
  <node id="9922058359" lat="35.9543842" lon="-86.5378617" version="1" timestamp="2022-07-31T09:31:37Z" changeset="124294228" uid="3816962" user="bking22"/>
  <node id="9922058360" lat="35.9543889" lon="-86.5378092" version="1" timestamp="2022-07-31T09:31:37Z" changeset="124294228" uid="3816962" user="bking22"/>
  <node id="9922058361" lat="35.9543863" lon="-86.5377113" version="1" timestamp="2022-07-31T09:31:37Z" changeset="124294228" uid="3816962" user="bking22"/>
  <node id="9922058362" lat="35.9543728" lon="-86.5376267" version="1" timestamp="2022-07-31T09:31:37Z" changeset="124294228" uid="3816962" user="bking22"/>
  <node id="9922058363" lat="35.9543547" lon="-86.5375339" version="1" timestamp="2022-07-31T09:31:37Z" changeset="124294228" uid="3816962" user="bking22"/>
  <node id="9922058364" lat="35.9543184" lon="-86.5373719" version="1" timestamp="2022-07-31T09:31:37Z" changeset="124294228" uid="3816962" user="bking22"/>
  <node id="9922058365" lat="35.9542785" lon="-86.5371811" version="1" timestamp="2022-07-31T09:31:37Z" changeset="124294228" uid="3816962" user="bking22"/>
  <node id="9922058366" lat="35.9542422" lon="-86.5368789" version="1" timestamp="2022-07-31T09:31:37Z" changeset="124294228" uid="3816962" user="bking22"/>
  <node id="9922058367" lat="35.9542422" lon="-86.5367912" version="1" timestamp="2022-07-31T09:31:37Z" changeset="124294228" uid="3816962" user="bking22"/>
  <node id="9922058368" lat="35.9542365" lon="-86.5366170" version="1" timestamp="2022-07-31T09:31:37Z" changeset="124294228" uid="3816962" user="bking22"/>
  <node id="9922058369" lat="35.9542313" lon="-86.5364723" version="1" timestamp="2022-07-31T09:31:37Z" changeset="124294228" uid="3816962" user="bking22"/>
  <node id="9922058370" lat="35.9542199" lon="-86.5363340" version="1" timestamp="2022-07-31T09:31:37Z" changeset="124294228" uid="3816962" user="bking22"/>
  <node id="9922058371" lat="35.9541922" lon="-86.5359880" version="1" timestamp="2022-07-31T09:31:37Z" changeset="124294228" uid="3816962" user="bking22"/>
  <node id="9922058372" lat="35.9541816" lon="-86.5358424" version="1" timestamp="2022-07-31T09:31:37Z" changeset="124294228" uid="3816962" user="bking22"/>
  <node id="9922058373" lat="35.9541884" lon="-86.5358147" version="1" timestamp="2022-07-31T09:31:37Z" changeset="124294228" uid="3816962" user="bking22"/>
  <node id="9922058374" lat="35.9542090" lon="-86.5357808" version="1" timestamp="2022-07-31T09:31:37Z" changeset="124294228" uid="3816962" user="bking22"/>
  <node id="9922058375" lat="35.9542190" lon="-86.5357677" version="1" timestamp="2022-07-31T09:31:37Z" changeset="124294228" uid="3816962" user="bking22"/>
  <node id="9922058376" lat="35.9542090" lon="-86.5356599" version="1" timestamp="2022-07-31T09:31:37Z" changeset="124294228" uid="3816962" user="bking22"/>
  <node id="9922058377" lat="35.9541884" lon="-86.5356475" version="1" timestamp="2022-07-31T09:31:37Z" changeset="124294228" uid="3816962" user="bking22"/>
  <node id="9922058378" lat="35.9541703" lon="-86.5356275" version="1" timestamp="2022-07-31T09:31:37Z" changeset="124294228" uid="3816962" user="bking22"/>
  <node id="9922058379" lat="35.9541591" lon="-86.5355944" version="1" timestamp="2022-07-31T09:31:37Z" changeset="124294228" uid="3816962" user="bking22"/>
  <node id="9922058380" lat="35.9541498" lon="-86.5355489" version="1" timestamp="2022-07-31T09:31:37Z" changeset="124294228" uid="3816962" user="bking22"/>
  <node id="9922058381" lat="35.9541448" lon="-86.5354835" version="1" timestamp="2022-07-31T09:31:37Z" changeset="124294228" uid="3816962" user="bking22"/>
  <node id="9922058382" lat="35.9541373" lon="-86.5353964" version="1" timestamp="2022-07-31T09:31:37Z" changeset="124294228" uid="3816962" user="bking22"/>
  <node id="9922058383" lat="35.9541336" lon="-86.5352840" version="1" timestamp="2022-07-31T09:31:37Z" changeset="124294228" uid="3816962" user="bking22">
    <tag k="highway" v="crossing"/>
  </node>
  <node id="9922058384" lat="35.9541304" lon="-86.5351715" version="1" timestamp="2022-07-31T09:31:37Z" changeset="124294228" uid="3816962" user="bking22"/>
  <node id="9922058385" lat="35.9541267" lon="-86.5350306" version="1" timestamp="2022-07-31T09:31:37Z" changeset="124294228" uid="3816962" user="bking22"/>
  <node id="9922058386" lat="35.9541292" lon="-86.5349127" version="1" timestamp="2022-07-31T09:31:37Z" changeset="124294228" uid="3816962" user="bking22"/>
  <node id="9922058387" lat="35.9541335" lon="-86.5348033" version="1" timestamp="2022-07-31T09:31:37Z" changeset="124294228" uid="3816962" user="bking22"/>
  <node id="9922058388" lat="35.9541441" lon="-86.5347040" version="1" timestamp="2022-07-31T09:31:37Z" changeset="124294228" uid="3816962" user="bking22"/>
  <node id="9922058389" lat="35.9541691" lon="-86.5345769" version="1" timestamp="2022-07-31T09:31:37Z" changeset="124294228" uid="3816962" user="bking22"/>
  <node id="9922058390" lat="35.9542059" lon="-86.5344421" version="1" timestamp="2022-07-31T09:31:37Z" changeset="124294228" uid="3816962" user="bking22"/>
  <node id="9922058391" lat="35.9542526" lon="-86.5342950" version="1" timestamp="2022-07-31T09:31:37Z" changeset="124294228" uid="3816962" user="bking22"/>
  <node id="9922058392" lat="35.9543119" lon="-86.5341309" version="1" timestamp="2022-07-31T09:31:37Z" changeset="124294228" uid="3816962" user="bking22"/>
  <node id="9922058393" lat="35.9543331" lon="-86.5340801" version="1" timestamp="2022-07-31T09:31:37Z" changeset="124294228" uid="3816962" user="bking22"/>
  <node id="9922058394" lat="35.9543507" lon="-86.5340622" version="1" timestamp="2022-07-31T09:31:37Z" changeset="124294228" uid="3816962" user="bking22"/>
  <node id="9922058395" lat="35.9543507" lon="-86.5340471" version="1" timestamp="2022-07-31T09:31:37Z" changeset="124294228" uid="3816962" user="bking22"/>
  <node id="9922058396" lat="35.9544291" lon="-86.5339472" version="1" timestamp="2022-07-31T09:31:37Z" changeset="124294228" uid="3816962" user="bking22"/>
  <node id="9922058397" lat="35.9544230" lon="-86.5339343" version="1" timestamp="2022-07-31T09:31:37Z" changeset="124294228" uid="3816962" user="bking22"/>
  <node id="9922058398" lat="35.9544173" lon="-86.5339149" version="1" timestamp="2022-07-31T09:31:37Z" changeset="124294228" uid="3816962" user="bking22"/>
  <node id="9922058399" lat="35.9544169" lon="-86.5338936" version="1" timestamp="2022-07-31T09:31:37Z" changeset="124294228" uid="3816962" user="bking22"/>
  <node id="9922058400" lat="35.9544252" lon="-86.5338644" version="1" timestamp="2022-07-31T09:31:37Z" changeset="124294228" uid="3816962" user="bking22"/>
  <node id="9922058401" lat="35.9544495" lon="-86.5338078" version="1" timestamp="2022-07-31T09:31:37Z" changeset="124294228" uid="3816962" user="bking22"/>
  <node id="9922058402" lat="35.9544757" lon="-86.5337348" version="1" timestamp="2022-07-31T09:31:37Z" changeset="124294228" uid="3816962" user="bking22"/>
  <node id="9922058403" lat="35.9545004" lon="-86.5336547" version="1" timestamp="2022-07-31T09:31:37Z" changeset="124294228" uid="3816962" user="bking22"/>
  <node id="9922058404" lat="35.9543834" lon="-86.5340055" version="1" timestamp="2022-07-31T09:31:37Z" changeset="124294228" uid="3816962" user="bking22">
    <tag k="highway" v="crossing"/>
  </node>
  <node id="9922058405" lat="35.9542140" lon="-86.5357142" version="1" timestamp="2022-07-31T09:31:37Z" changeset="124294228" uid="3816962" user="bking22">
    <tag k="highway" v="crossing"/>
  </node>
  <node id="9922058406" lat="35.9542615" lon="-86.5370395" version="1" timestamp="2022-07-31T09:31:37Z" changeset="124294228" uid="3816962" user="bking22">
    <tag k="highway" v="crossing"/>
  </node>
  <node id="9922058407" lat="35.9543685" lon="-86.5379844" version="1" timestamp="2022-07-31T09:31:37Z" changeset="124294228" uid="3816962" user="bking22">
    <tag k="highway" v="crossing"/>
  </node>
  <node id="9922058408" lat="35.9542308" lon="-86.5398170" version="1" timestamp="2022-07-31T09:31:37Z" changeset="124294228" uid="3816962" user="bking22">
    <tag k="highway" v="crossing"/>
  </node>
  <node id="9922058409" lat="35.9547213" lon="-86.5408318" version="1" timestamp="2022-07-31T09:31:37Z" changeset="124294228" uid="3816962" user="bking22">
    <tag k="highway" v="crossing"/>
  </node>
  <node id="9922058410" lat="35.9547853" lon="-86.5428077" version="1" timestamp="2022-07-31T09:31:37Z" changeset="124294228" uid="3816962" user="bking22">
    <tag k="highway" v="crossing"/>
  </node>
  <node id="9922058411" lat="35.9544570" lon="-86.5339693" version="1" timestamp="2022-07-31T09:31:37Z" changeset="124294228" uid="3816962" user="bking22"/>
  <node id="9922058412" lat="35.9545047" lon="-86.5339954" version="1" timestamp="2022-07-31T09:31:37Z" changeset="124294228" uid="3816962" user="bking22"/>
  <node id="9922058413" lat="35.9545372" lon="-86.5340150" version="1" timestamp="2022-07-31T09:31:37Z" changeset="124294228" uid="3816962" user="bking22"/>
  <node id="9922058414" lat="35.9543725" lon="-86.5340607" version="1" timestamp="2022-07-31T09:31:37Z" changeset="124294228" uid="3816962" user="bking22"/>
  <node id="9922058415" lat="35.9544008" lon="-86.5340616" version="1" timestamp="2022-07-31T09:31:37Z" changeset="124294228" uid="3816962" user="bking22"/>
  <node id="9922058416" lat="35.9544459" lon="-86.5340873" version="1" timestamp="2022-07-31T09:31:37Z" changeset="124294228" uid="3816962" user="bking22"/>
  <node id="9922058417" lat="35.9545673" lon="-86.5341580" version="1" timestamp="2022-07-31T09:31:37Z" changeset="124294228" uid="3816962" user="bking22"/>
  <node id="9922058418" lat="35.9547252" lon="-86.5342514" version="1" timestamp="2022-07-31T09:31:37Z" changeset="124294228" uid="3816962" user="bking22"/>
  <node id="9922058419" lat="35.9548983" lon="-86.5343589" version="1" timestamp="2022-07-31T09:31:37Z" changeset="124294228" uid="3816962" user="bking22"/>
  <node id="9922058420" lat="35.9549900" lon="-86.5344262" version="1" timestamp="2022-07-31T09:31:37Z" changeset="124294228" uid="3816962" user="bking22"/>
  <node id="9922058421" lat="35.9551372" lon="-86.5345280" version="1" timestamp="2022-07-31T09:31:37Z" changeset="124294228" uid="3816962" user="bking22"/>
  <node id="9922058422" lat="35.9552512" lon="-86.5346150" version="1" timestamp="2022-07-31T09:31:37Z" changeset="124294228" uid="3816962" user="bking22"/>
  <node id="9922058423" lat="35.9553839" lon="-86.5347213" version="1" timestamp="2022-07-31T09:31:37Z" changeset="124294228" uid="3816962" user="bking22"/>
  <node id="9922058424" lat="35.9554985" lon="-86.5348241" version="1" timestamp="2022-07-31T09:31:37Z" changeset="124294228" uid="3816962" user="bking22">
    <tag k="highway" v="crossing"/>
  </node>
  <node id="9922058425" lat="35.9555554" lon="-86.5348820" version="1" timestamp="2022-07-31T09:31:37Z" changeset="124294228" uid="3816962" user="bking22"/>
  <node id="9922058426" lat="35.9556617" lon="-86.5349922" version="1" timestamp="2022-07-31T09:31:37Z" changeset="124294228" uid="3816962" user="bking22"/>
  <node id="9922058427" lat="35.9557695" lon="-86.5351112" version="1" timestamp="2022-07-31T09:31:37Z" changeset="124294228" uid="3816962" user="bking22"/>
  <node id="9922058428" lat="35.9558726" lon="-86.5352259" version="1" timestamp="2022-07-31T09:31:37Z" changeset="124294228" uid="3816962" user="bking22"/>
  <node id="9922058429" lat="35.9559260" lon="-86.5352854" version="1" timestamp="2022-07-31T09:31:37Z" changeset="124294228" uid="3816962" user="bking22"/>
  <node id="9922058430" lat="35.9559374" lon="-86.5353084" version="1" timestamp="2022-07-31T09:31:37Z" changeset="124294228" uid="3816962" user="bking22"/>
  <node id="9922058431" lat="35.9559405" lon="-86.5353334" version="1" timestamp="2022-07-31T09:31:37Z" changeset="124294228" uid="3816962" user="bking22"/>
  <node id="9922058432" lat="35.9559364" lon="-86.5353513" version="1" timestamp="2022-07-31T09:31:37Z" changeset="124294228" uid="3816962" user="bking22"/>
  <node id="9922058433" lat="35.9559265" lon="-86.5353693" version="1" timestamp="2022-07-31T09:31:37Z" changeset="124294228" uid="3816962" user="bking22"/>
  <node id="9922058434" lat="35.9559136" lon="-86.5353853" version="1" timestamp="2022-07-31T09:31:37Z" changeset="124294228" uid="3816962" user="bking22"/>
  <node id="9922058435" lat="35.9558877" lon="-86.5354141" version="1" timestamp="2022-07-31T09:31:37Z" changeset="124294228" uid="3816962" user="bking22"/>
  <node id="9922058436" lat="35.9558415" lon="-86.5354615" version="1" timestamp="2022-07-31T09:31:37Z" changeset="124294228" uid="3816962" user="bking22"/>
  <node id="9922058437" lat="35.9557571" lon="-86.5355383" version="1" timestamp="2022-07-31T09:31:37Z" changeset="124294228" uid="3816962" user="bking22"/>
  <node id="9922058438" lat="35.9556995" lon="-86.5355876" version="1" timestamp="2022-07-31T09:31:37Z" changeset="124294228" uid="3816962" user="bking22"/>
  <node id="9922058439" lat="35.9556586" lon="-86.5356107" version="1" timestamp="2022-07-31T09:31:37Z" changeset="124294228" uid="3816962" user="bking22"/>
  <node id="9922058440" lat="35.9556205" lon="-86.5356247" version="1" timestamp="2022-07-31T09:31:37Z" changeset="124294228" uid="3816962" user="bking22">
    <tag k="highway" v="crossing"/>
  </node>
  <node id="9922058441" lat="35.9555523" lon="-86.5356459" version="1" timestamp="2022-07-31T09:31:37Z" changeset="124294228" uid="3816962" user="bking22"/>
  <node id="9922058442" lat="35.9554912" lon="-86.5356523" version="1" timestamp="2022-07-31T09:31:37Z" changeset="124294228" uid="3816962" user="bking22"/>
  <node id="9922058443" lat="35.9554098" lon="-86.5356606" version="1" timestamp="2022-07-31T09:31:37Z" changeset="124294228" uid="3816962" user="bking22"/>
  <node id="9922058444" lat="35.9553020" lon="-86.5356708" version="1" timestamp="2022-07-31T09:31:37Z" changeset="124294228" uid="3816962" user="bking22"/>
  <node id="9922058445" lat="35.9551926" lon="-86.5356760" version="1" timestamp="2022-07-31T09:31:37Z" changeset="124294228" uid="3816962" user="bking22"/>
  <node id="9922058446" lat="35.9550724" lon="-86.5356772" version="1" timestamp="2022-07-31T09:31:37Z" changeset="124294228" uid="3816962" user="bking22"/>
  <node id="9922058447" lat="35.9549973" lon="-86.5356760" version="1" timestamp="2022-07-31T09:31:37Z" changeset="124294228" uid="3816962" user="bking22"/>
  <node id="9922058448" lat="35.9549615" lon="-86.5356728" version="1" timestamp="2022-07-31T09:31:37Z" changeset="124294228" uid="3816962" user="bking22"/>
  <node id="9922058449" lat="35.9549491" lon="-86.5356625" version="1" timestamp="2022-07-31T09:31:37Z" changeset="124294228" uid="3816962" user="bking22"/>
  <node id="9922058450" lat="35.9549397" lon="-86.5356484" version="1" timestamp="2022-07-31T09:31:37Z" changeset="124294228" uid="3816962" user="bking22"/>
  <node id="9922058451" lat="35.9549340" lon="-86.5356343" version="1" timestamp="2022-07-31T09:31:37Z" changeset="124294228" uid="3816962" user="bking22"/>
  <node id="9922058452" lat="35.9549319" lon="-86.5356113" version="1" timestamp="2022-07-31T09:31:37Z" changeset="124294228" uid="3816962" user="bking22"/>
  <node id="9922058453" lat="35.9549340" lon="-86.5355786" version="1" timestamp="2022-07-31T09:31:37Z" changeset="124294228" uid="3816962" user="bking22"/>
  <node id="9922058454" lat="35.9549371" lon="-86.5356708" version="1" timestamp="2022-07-31T09:31:37Z" changeset="124294228" uid="3816962" user="bking22"/>
  <node id="9922058455" lat="35.9548117" lon="-86.5356401" version="1" timestamp="2022-07-31T09:31:37Z" changeset="124294228" uid="3816962" user="bking22"/>
  <node id="9922058456" lat="35.9548060" lon="-86.5356228" version="1" timestamp="2022-07-31T09:31:37Z" changeset="124294228" uid="3816962" user="bking22"/>
  <node id="9922058457" lat="35.9548733" lon="-86.5356552" version="1" timestamp="2022-07-31T09:31:37Z" changeset="124294228" uid="3816962" user="bking22">
    <tag k="highway" v="crossing"/>
  </node>
  <node id="9922058458" lat="35.9548428" lon="-86.5355678" version="1" timestamp="2022-07-31T09:31:37Z" changeset="124294228" uid="3816962" user="bking22"/>
  <node id="9922058459" lat="35.9548366" lon="-86.5355921" version="1" timestamp="2022-07-31T09:31:37Z" changeset="124294228" uid="3816962" user="bking22"/>
  <node id="9922058460" lat="35.9548226" lon="-86.5356094" version="1" timestamp="2022-07-31T09:31:37Z" changeset="124294228" uid="3816962" user="bking22"/>
  <node id="9922058461" lat="35.9547780" lon="-86.5356363" version="1" timestamp="2022-07-31T09:31:37Z" changeset="124294228" uid="3816962" user="bking22"/>
  <node id="9922058462" lat="35.9547443" lon="-86.5356420" version="1" timestamp="2022-07-31T09:31:37Z" changeset="124294228" uid="3816962" user="bking22"/>
  <node id="9922058463" lat="35.9546832" lon="-86.5356375" version="1" timestamp="2022-07-31T09:31:37Z" changeset="124294228" uid="3816962" user="bking22"/>
  <node id="9922058464" lat="35.9546168" lon="-86.5356305" version="1" timestamp="2022-07-31T09:31:37Z" changeset="124294228" uid="3816962" user="bking22"/>
  <node id="9922058465" lat="35.9545334" lon="-86.5356292" version="1" timestamp="2022-07-31T09:31:37Z" changeset="124294228" uid="3816962" user="bking22"/>
  <node id="9922058466" lat="35.9544613" lon="-86.5356318" version="1" timestamp="2022-07-31T09:31:37Z" changeset="124294228" uid="3816962" user="bking22"/>
  <node id="9922058467" lat="35.9543877" lon="-86.5356369" version="1" timestamp="2022-07-31T09:31:37Z" changeset="124294228" uid="3816962" user="bking22"/>
  <node id="9922058468" lat="35.9542856" lon="-86.5356472" version="1" timestamp="2022-07-31T09:31:37Z" changeset="124294228" uid="3816962" user="bking22"/>
  <node id="9922058501" lat="35.9561155" lon="-86.5383401" version="1" timestamp="2022-07-31T09:31:37Z" changeset="124294228" uid="3816962" user="bking22"/>
  <node id="9922058502" lat="35.9560638" lon="-86.5383269" version="1" timestamp="2022-07-31T09:31:37Z" changeset="124294228" uid="3816962" user="bking22">
    <tag k="crossing" v="unmarked"/>
    <tag k="highway" v="crossing"/>
  </node>
  <node id="9922058503" lat="35.9561151" lon="-86.5383220" version="1" timestamp="2022-07-31T09:31:37Z" changeset="124294228" uid="3816962" user="bking22"/>
  <node id="9922058504" lat="35.9561205" lon="-86.5382955" version="1" timestamp="2022-07-31T09:31:37Z" changeset="124294228" uid="3816962" user="bking22"/>
  <node id="9922058505" lat="35.9561341" lon="-86.5382565" version="1" timestamp="2022-07-31T09:31:37Z" changeset="124294228" uid="3816962" user="bking22"/>
  <node id="9922058506" lat="35.9561520" lon="-86.5381977" version="1" timestamp="2022-07-31T09:31:37Z" changeset="124294228" uid="3816962" user="bking22"/>
  <node id="9922058507" lat="35.9561899" lon="-86.5380862" version="1" timestamp="2022-07-31T09:31:37Z" changeset="124294228" uid="3816962" user="bking22"/>
  <node id="9922058508" lat="35.9562077" lon="-86.5379722" version="1" timestamp="2022-07-31T09:31:37Z" changeset="124294228" uid="3816962" user="bking22">
    <tag k="highway" v="crossing"/>
  </node>
  <node id="9922058509" lat="35.9562129" lon="-86.5378539" version="1" timestamp="2022-07-31T09:31:37Z" changeset="124294228" uid="3816962" user="bking22"/>
  <node id="9922058510" lat="35.9562057" lon="-86.5377482" version="1" timestamp="2022-07-31T09:31:37Z" changeset="124294228" uid="3816962" user="bking22"/>
  <node id="9922058511" lat="35.9561864" lon="-86.5375770" version="1" timestamp="2022-07-31T09:31:37Z" changeset="124294228" uid="3816962" user="bking22"/>
  <node id="9922058512" lat="35.9561543" lon="-86.5372977" version="1" timestamp="2022-07-31T09:31:37Z" changeset="124294228" uid="3816962" user="bking22"/>
  <node id="9922058513" lat="35.9561423" lon="-86.5371735" version="1" timestamp="2022-07-31T09:31:37Z" changeset="124294228" uid="3816962" user="bking22">
    <tag k="highway" v="crossing"/>
  </node>
  <node id="9922058514" lat="35.9561469" lon="-86.5370497" version="1" timestamp="2022-07-31T09:31:37Z" changeset="124294228" uid="3816962" user="bking22"/>
  <node id="9922058515" lat="35.9561706" lon="-86.5369434" version="1" timestamp="2022-07-31T09:31:37Z" changeset="124294228" uid="3816962" user="bking22"/>
  <node id="9922058516" lat="35.9562098" lon="-86.5368232" version="1" timestamp="2022-07-31T09:31:37Z" changeset="124294228" uid="3816962" user="bking22"/>
  <node id="9922058517" lat="35.9562790" lon="-86.5366946" version="1" timestamp="2022-07-31T09:31:37Z" changeset="124294228" uid="3816962" user="bking22"/>
  <node id="9922058518" lat="35.9563576" lon="-86.5366006" version="1" timestamp="2022-07-31T09:31:37Z" changeset="124294228" uid="3816962" user="bking22"/>
  <node id="9922058519" lat="35.9564143" lon="-86.5365528" version="1" timestamp="2022-07-31T09:31:37Z" changeset="124294228" uid="3816962" user="bking22"/>
  <node id="9922058520" lat="35.9565228" lon="-86.5364851" version="1" timestamp="2022-07-31T09:31:37Z" changeset="124294228" uid="3816962" user="bking22"/>
  <node id="9922058521" lat="35.9566070" lon="-86.5364581" version="1" timestamp="2022-07-31T09:31:37Z" changeset="124294228" uid="3816962" user="bking22"/>
  <node id="9922058522" lat="35.9567355" lon="-86.5364304" version="1" timestamp="2022-07-31T09:31:37Z" changeset="124294228" uid="3816962" user="bking22"/>
  <node id="9922058523" lat="35.9568078" lon="-86.5364127" version="1" timestamp="2022-07-31T09:31:37Z" changeset="124294228" uid="3816962" user="bking22"/>
  <node id="9922058524" lat="35.9568302" lon="-86.5364150" version="1" timestamp="2022-07-31T09:31:37Z" changeset="124294228" uid="3816962" user="bking22"/>
  <node id="9922058525" lat="35.9568477" lon="-86.5364273" version="1" timestamp="2022-07-31T09:31:37Z" changeset="124294228" uid="3816962" user="bking22"/>
  <node id="9922058526" lat="35.9568683" lon="-86.5364450" version="1" timestamp="2022-07-31T09:31:37Z" changeset="124294228" uid="3816962" user="bking22"/>
  <node id="9922058527" lat="35.9568757" lon="-86.5364681" version="1" timestamp="2022-07-31T09:31:37Z" changeset="124294228" uid="3816962" user="bking22"/>
  <node id="9922058528" lat="35.9568832" lon="-86.5365082" version="1" timestamp="2022-07-31T09:31:37Z" changeset="124294228" uid="3816962" user="bking22"/>
  <node id="9922058529" lat="35.9568938" lon="-86.5366006" version="1" timestamp="2022-07-31T09:31:37Z" changeset="124294228" uid="3816962" user="bking22"/>
  <node id="9922058530" lat="35.9569244" lon="-86.5367932" version="1" timestamp="2022-07-31T09:31:37Z" changeset="124294228" uid="3816962" user="bking22"/>
  <node id="9922058531" lat="35.9569312" lon="-86.5368887" version="1" timestamp="2022-07-31T09:31:37Z" changeset="124294228" uid="3816962" user="bking22"/>
  <node id="9922058532" lat="35.9569325" lon="-86.5370027" version="1" timestamp="2022-07-31T09:31:37Z" changeset="124294228" uid="3816962" user="bking22"/>
  <node id="9922058533" lat="35.9569206" lon="-86.5371221" version="1" timestamp="2022-07-31T09:31:37Z" changeset="124294228" uid="3816962" user="bking22"/>
  <node id="9922058534" lat="35.9569044" lon="-86.5372700" version="1" timestamp="2022-07-31T09:31:37Z" changeset="124294228" uid="3816962" user="bking22"/>
  <node id="9922058535" lat="35.9568919" lon="-86.5373801" version="1" timestamp="2022-07-31T09:31:37Z" changeset="124294228" uid="3816962" user="bking22"/>
  <node id="9922058536" lat="35.9568947" lon="-86.5374581" version="1" timestamp="2022-07-31T09:31:37Z" changeset="124294228" uid="3816962" user="bking22">
    <tag k="highway" v="crossing"/>
  </node>
  <node id="9922058537" lat="35.9569013" lon="-86.5375804" version="1" timestamp="2022-07-31T09:31:37Z" changeset="124294228" uid="3816962" user="bking22"/>
  <node id="9922058538" lat="35.9569206" lon="-86.5376913" version="1" timestamp="2022-07-31T09:31:37Z" changeset="124294228" uid="3816962" user="bking22"/>
  <node id="9922058539" lat="35.9569630" lon="-86.5378500" version="1" timestamp="2022-07-31T09:31:37Z" changeset="124294228" uid="3816962" user="bking22"/>
  <node id="9922058540" lat="35.9570117" lon="-86.5379647" version="1" timestamp="2022-07-31T09:31:37Z" changeset="124294228" uid="3816962" user="bking22"/>
  <node id="9922058541" lat="35.9571283" lon="-86.5381904" version="1" timestamp="2022-07-31T09:31:37Z" changeset="124294228" uid="3816962" user="bking22"/>
  <node id="9922058542" lat="35.9571894" lon="-86.5383298" version="1" timestamp="2022-07-31T09:31:37Z" changeset="124294228" uid="3816962" user="bking22"/>
  <node id="9922058543" lat="35.9572330" lon="-86.5384377" version="1" timestamp="2022-07-31T09:31:37Z" changeset="124294228" uid="3816962" user="bking22"/>
  <node id="9922058544" lat="35.9572573" lon="-86.5385216" version="1" timestamp="2022-07-31T09:31:37Z" changeset="124294228" uid="3816962" user="bking22"/>
  <node id="9922058545" lat="35.9572567" lon="-86.5385509" version="1" timestamp="2022-07-31T09:31:37Z" changeset="124294228" uid="3816962" user="bking22"/>
  <node id="9922058546" lat="35.9572498" lon="-86.5385756" version="1" timestamp="2022-07-31T09:31:37Z" changeset="124294228" uid="3816962" user="bking22"/>
  <node id="9922058547" lat="35.9572392" lon="-86.5385925" version="1" timestamp="2022-07-31T09:31:37Z" changeset="124294228" uid="3816962" user="bking22"/>
  <node id="9922058548" lat="35.9572243" lon="-86.5386048" version="1" timestamp="2022-07-31T09:31:37Z" changeset="124294228" uid="3816962" user="bking22"/>
  <node id="9922058549" lat="35.9572081" lon="-86.5386148" version="1" timestamp="2022-07-31T09:31:37Z" changeset="124294228" uid="3816962" user="bking22"/>
  <node id="9922058550" lat="35.9571451" lon="-86.5386441" version="1" timestamp="2022-07-31T09:31:37Z" changeset="124294228" uid="3816962" user="bking22"/>
  <node id="9922058551" lat="35.9570784" lon="-86.5386726" version="1" timestamp="2022-07-31T09:31:37Z" changeset="124294228" uid="3816962" user="bking22"/>
  <node id="9922058552" lat="35.9570179" lon="-86.5386919" version="1" timestamp="2022-07-31T09:31:37Z" changeset="124294228" uid="3816962" user="bking22"/>
  <node id="9922058553" lat="35.9569668" lon="-86.5387034" version="1" timestamp="2022-07-31T09:31:37Z" changeset="124294228" uid="3816962" user="bking22"/>
  <node id="9922058554" lat="35.9568707" lon="-86.5387157" version="1" timestamp="2022-07-31T09:31:37Z" changeset="124294228" uid="3816962" user="bking22"/>
  <node id="9922058555" lat="35.9568096" lon="-86.5387134" version="1" timestamp="2022-07-31T09:31:37Z" changeset="124294228" uid="3816962" user="bking22"/>
  <node id="9922058556" lat="35.9567242" lon="-86.5386919" version="1" timestamp="2022-07-31T09:31:37Z" changeset="124294228" uid="3816962" user="bking22"/>
  <node id="9922058557" lat="35.9566270" lon="-86.5386549" version="1" timestamp="2022-07-31T09:31:37Z" changeset="124294228" uid="3816962" user="bking22"/>
  <node id="9922058558" lat="35.9565509" lon="-86.5386141" version="1" timestamp="2022-07-31T09:31:37Z" changeset="124294228" uid="3816962" user="bking22"/>
  <node id="9922058559" lat="35.9564617" lon="-86.5385617" version="1" timestamp="2022-07-31T09:31:37Z" changeset="124294228" uid="3816962" user="bking22"/>
  <node id="9922058560" lat="35.9563545" lon="-86.5385062" version="1" timestamp="2022-07-31T09:31:37Z" changeset="124294228" uid="3816962" user="bking22"/>
  <node id="9922058561" lat="35.9562709" lon="-86.5384592" version="1" timestamp="2022-07-31T09:31:37Z" changeset="124294228" uid="3816962" user="bking22"/>
  <node id="9922058562" lat="35.9561979" lon="-86.5384202" version="1" timestamp="2022-07-31T09:31:37Z" changeset="124294228" uid="3816962" user="bking22">
    <tag k="highway" v="crossing"/>
  </node>
  <node id="9922058563" lat="35.9561406" lon="-86.5383891" version="1" timestamp="2022-07-31T09:31:37Z" changeset="124294228" uid="3816962" user="bking22"/>
  <node id="9922058564" lat="35.9561219" lon="-86.5383683" version="1" timestamp="2022-07-31T09:31:37Z" changeset="124294228" uid="3816962" user="bking22"/>
  <node id="9922058565" lat="35.9567760" lon="-86.5363807" version="1" timestamp="2022-07-31T09:31:37Z" changeset="124294228" uid="3816962" user="bking22"/>
  <node id="9922058566" lat="35.9567656" lon="-86.5363096" version="1" timestamp="2022-07-31T09:31:37Z" changeset="124294228" uid="3816962" user="bking22"/>
  <node id="9922058567" lat="35.9567900" lon="-86.5363051" version="1" timestamp="2022-07-31T09:31:37Z" changeset="124294228" uid="3816962" user="bking22"/>
  <node id="9922058568" lat="35.9568112" lon="-86.5362904" version="1" timestamp="2022-07-31T09:31:37Z" changeset="124294228" uid="3816962" user="bking22"/>
  <node id="9922058569" lat="35.9568262" lon="-86.5362680" version="1" timestamp="2022-07-31T09:31:37Z" changeset="124294228" uid="3816962" user="bking22"/>
  <node id="9922058570" lat="35.9568381" lon="-86.5362373" version="1" timestamp="2022-07-31T09:31:37Z" changeset="124294228" uid="3816962" user="bking22"/>
  <node id="9922058571" lat="35.9568371" lon="-86.5361918" version="1" timestamp="2022-07-31T09:31:37Z" changeset="124294228" uid="3816962" user="bking22"/>
  <node id="9922058572" lat="35.9568179" lon="-86.5360708" version="1" timestamp="2022-07-31T09:31:37Z" changeset="124294228" uid="3816962" user="bking22"/>
  <node id="9922058573" lat="35.9568008" lon="-86.5359498" version="1" timestamp="2022-07-31T09:31:37Z" changeset="124294228" uid="3816962" user="bking22"/>
  <node id="9922058574" lat="35.9568453" lon="-86.5359658" version="1" timestamp="2022-07-31T09:31:37Z" changeset="124294228" uid="3816962" user="bking22"/>
  <node id="9922058575" lat="35.9569984" lon="-86.5359308" version="1" timestamp="2022-07-31T09:31:37Z" changeset="124294228" uid="3816962" user="bking22"/>
  <node id="9922058576" lat="35.9568971" lon="-86.5359540" version="1" timestamp="2022-07-31T09:31:37Z" changeset="124294228" uid="3816962" user="bking22"/>
  <node id="9922058577" lat="35.9569367" lon="-86.5362305" version="1" timestamp="2022-07-31T09:31:37Z" changeset="124294228" uid="3816962" user="bking22"/>
  <node id="9922058578" lat="35.9569989" lon="-86.5366678" version="1" timestamp="2022-07-31T09:31:37Z" changeset="124294228" uid="3816962" user="bking22"/>
  <node id="9922058579" lat="35.9570227" lon="-86.5368368" version="1" timestamp="2022-07-31T09:31:37Z" changeset="124294228" uid="3816962" user="bking22"/>
  <node id="9922058580" lat="35.9570238" lon="-86.5369745" version="1" timestamp="2022-07-31T09:31:37Z" changeset="124294228" uid="3816962" user="bking22"/>
  <node id="9922058581" lat="35.9570108" lon="-86.5371442" version="1" timestamp="2022-07-31T09:31:37Z" changeset="124294228" uid="3816962" user="bking22"/>
  <node id="9922058582" lat="35.9569932" lon="-86.5372953" version="1" timestamp="2022-07-31T09:31:37Z" changeset="124294228" uid="3816962" user="bking22"/>
  <node id="9922058583" lat="35.9569880" lon="-86.5373638" version="1" timestamp="2022-07-31T09:31:37Z" changeset="124294228" uid="3816962" user="bking22"/>
  <node id="9922058584" lat="35.9569880" lon="-86.5375002" version="1" timestamp="2022-07-31T09:31:37Z" changeset="124294228" uid="3816962" user="bking22"/>
  <node id="9922058585" lat="35.9570004" lon="-86.5376180" version="1" timestamp="2022-07-31T09:31:37Z" changeset="124294228" uid="3816962" user="bking22"/>
  <node id="9922058586" lat="35.9570289" lon="-86.5377364" version="1" timestamp="2022-07-31T09:31:37Z" changeset="124294228" uid="3816962" user="bking22"/>
  <node id="9922058587" lat="35.9570688" lon="-86.5378696" version="1" timestamp="2022-07-31T09:31:37Z" changeset="124294228" uid="3816962" user="bking22"/>
  <node id="9922058588" lat="35.9571393" lon="-86.5380104" version="1" timestamp="2022-07-31T09:31:37Z" changeset="124294228" uid="3816962" user="bking22"/>
  <node id="9922058589" lat="35.9572399" lon="-86.5382025" version="1" timestamp="2022-07-31T09:31:37Z" changeset="124294228" uid="3816962" user="bking22"/>
  <node id="9922058590" lat="35.9572860" lon="-86.5383146" version="1" timestamp="2022-07-31T09:31:37Z" changeset="124294228" uid="3816962" user="bking22"/>
  <node id="9922058591" lat="35.9573249" lon="-86.5384196" version="1" timestamp="2022-07-31T09:31:37Z" changeset="124294228" uid="3816962" user="bking22"/>
  <node id="9922058592" lat="35.9574047" lon="-86.5386891" version="1" timestamp="2022-07-31T09:31:37Z" changeset="124294228" uid="3816962" user="bking22"/>
  <node id="9922058593" lat="35.9574845" lon="-86.5389593" version="1" timestamp="2022-07-31T09:31:37Z" changeset="124294228" uid="3816962" user="bking22"/>
  <node id="9922058594" lat="35.9575757" lon="-86.5392750" version="1" timestamp="2022-07-31T09:31:37Z" changeset="124294228" uid="3816962" user="bking22"/>
  <node id="9922058595" lat="35.9576395" lon="-86.5394536" version="1" timestamp="2022-07-31T09:31:37Z" changeset="124294228" uid="3816962" user="bking22"/>
  <node id="9922058596" lat="35.9576726" lon="-86.5395042" version="1" timestamp="2022-07-31T09:31:37Z" changeset="124294228" uid="3816962" user="bking22"/>
  <node id="9922058597" lat="35.9577068" lon="-86.5395093" version="1" timestamp="2022-07-31T09:31:37Z" changeset="124294228" uid="3816962" user="bking22"/>
  <node id="9922058598" lat="35.9577462" lon="-86.5394984" version="1" timestamp="2022-07-31T09:31:37Z" changeset="124294228" uid="3816962" user="bking22"/>
  <node id="9922058599" lat="35.9578120" lon="-86.5394645" version="1" timestamp="2022-07-31T09:31:37Z" changeset="124294228" uid="3816962" user="bking22"/>
  <node id="9922058600" lat="35.9578779" lon="-86.5394421" version="1" timestamp="2022-07-31T09:31:37Z" changeset="124294228" uid="3816962" user="bking22"/>
  <node id="9922058601" lat="35.9575461" lon="-86.5393450" version="1" timestamp="2022-07-31T09:31:37Z" changeset="124294228" uid="3816962" user="bking22"/>
  <node id="9922058603" lat="35.9575939" lon="-86.5393258" version="1" timestamp="2022-07-31T09:31:37Z" changeset="124294228" uid="3816962" user="bking22">
    <tag k="highway" v="crossing"/>
  </node>
  <node id="9922058604" lat="35.9575038" lon="-86.5392213" version="1" timestamp="2022-07-31T09:31:37Z" changeset="124294228" uid="3816962" user="bking22"/>
  <node id="9922058606" lat="35.9575545" lon="-86.5392016" version="1" timestamp="2022-07-31T09:31:37Z" changeset="124294228" uid="3816962" user="bking22">
    <tag k="highway" v="crossing"/>
  </node>
  <node id="9922058607" lat="35.9574363" lon="-86.5389905" version="1" timestamp="2022-07-31T09:31:37Z" changeset="124294228" uid="3816962" user="bking22"/>
  <node id="9922058609" lat="35.9574873" lon="-86.5389690" version="1" timestamp="2022-07-31T09:31:37Z" changeset="124294228" uid="3816962" user="bking22">
    <tag k="highway" v="crossing"/>
  </node>
  <node id="9922058610" lat="35.9573813" lon="-86.5388025" version="1" timestamp="2022-07-31T09:31:37Z" changeset="124294228" uid="3816962" user="bking22"/>
  <node id="9922058612" lat="35.9574315" lon="-86.5387801" version="1" timestamp="2022-07-31T09:31:37Z" changeset="124294228" uid="3816962" user="bking22">
    <tag k="highway" v="crossing"/>
  </node>
  <node id="9922058614" lat="35.9573751" lon="-86.5385892" version="1" timestamp="2022-07-31T09:31:37Z" changeset="124294228" uid="3816962" user="bking22">
    <tag k="highway" v="crossing"/>
  </node>
  <node id="9922058615" lat="35.9572449" lon="-86.5383847" version="1" timestamp="2022-07-31T09:31:37Z" changeset="124294228" uid="3816962" user="bking22"/>
  <node id="9922058617" lat="35.9572106" lon="-86.5382882" version="1" timestamp="2022-07-31T09:31:37Z" changeset="124294228" uid="3816962" user="bking22"/>
  <node id="9922058619" lat="35.9572616" lon="-86.5382554" version="1" timestamp="2022-07-31T09:31:37Z" changeset="124294228" uid="3816962" user="bking22">
    <tag k="highway" v="crossing"/>
  </node>
  <node id="9922058634" lat="35.9574423" lon="-86.5390112" version="1" timestamp="2022-07-31T09:31:37Z" changeset="124294228" uid="3816962" user="bking22"/>
  <node id="9922058637" lat="35.9575294" lon="-86.5392976" version="1" timestamp="2022-07-31T09:31:37Z" changeset="124294228" uid="3816962" user="bking22"/>
  <node id="9922058639" lat="35.9575677" lon="-86.5394062" version="1" timestamp="2022-07-31T09:31:37Z" changeset="124294228" uid="3816962" user="bking22"/>
  <node id="9922058652" lat="35.9580259" lon="-86.5402794" version="1" timestamp="2022-07-31T09:31:37Z" changeset="124294228" uid="3816962" user="bking22"/>
  <node id="9922058655" lat="35.9578675" lon="-86.5399938" version="1" timestamp="2022-07-31T09:31:37Z" changeset="124294228" uid="3816962" user="bking22"/>
  <node id="9922058658" lat="35.9577534" lon="-86.5397797" version="1" timestamp="2022-07-31T09:31:37Z" changeset="124294228" uid="3816962" user="bking22"/>
  <node id="9922058764" lat="35.9579556" lon="-86.5401527" version="1" timestamp="2022-07-31T09:31:37Z" changeset="124294228" uid="3816962" user="bking22"/>
  <node id="9922058767" lat="35.9580058" lon="-86.5402431" version="1" timestamp="2022-07-31T09:31:37Z" changeset="124294228" uid="3816962" user="bking22"/>
  <node id="9922058770" lat="35.9581315" lon="-86.5404696" version="1" timestamp="2022-07-31T09:31:37Z" changeset="124294228" uid="3816962" user="bking22"/>
  <node id="9922058773" lat="35.9581905" lon="-86.5405752" version="1" timestamp="2022-07-31T09:31:37Z" changeset="124294228" uid="3816962" user="bking22"/>
  <node id="9922058775" lat="35.9583009" lon="-86.5407732" version="1" timestamp="2022-07-31T09:31:37Z" changeset="124294228" uid="3816962" user="bking22"/>
  <node id="9922058784" lat="35.9583764" lon="-86.5408916" version="1" timestamp="2022-07-31T09:31:37Z" changeset="124294228" uid="3816962" user="bking22"/>
  <node id="9922058787" lat="35.9584764" lon="-86.5409956" version="1" timestamp="2022-07-31T09:31:37Z" changeset="124294228" uid="3816962" user="bking22"/>
  <node id="9922058790" lat="35.9585553" lon="-86.5410634" version="1" timestamp="2022-07-31T09:31:37Z" changeset="124294228" uid="3816962" user="bking22"/>
  <node id="9922058793" lat="35.9586632" lon="-86.5411534" version="1" timestamp="2022-07-31T09:31:37Z" changeset="124294228" uid="3816962" user="bking22"/>
  <node id="9922058796" lat="35.9586992" lon="-86.5411835" version="1" timestamp="2022-07-31T09:31:37Z" changeset="124294228" uid="3816962" user="bking22"/>
  <node id="9922058799" lat="35.9588413" lon="-86.5413020" version="1" timestamp="2022-07-31T09:31:37Z" changeset="124294228" uid="3816962" user="bking22"/>
  <node id="9922058802" lat="35.9588995" lon="-86.5413506" version="1" timestamp="2022-07-31T09:31:37Z" changeset="124294228" uid="3816962" user="bking22"/>
  <node id="9922058805" lat="35.9589686" lon="-86.5414059" version="1" timestamp="2022-07-31T09:31:37Z" changeset="124294228" uid="3816962" user="bking22"/>
  <node id="9922058808" lat="35.9591505" lon="-86.5415432" version="1" timestamp="2022-07-31T09:31:37Z" changeset="124294228" uid="3816962" user="bking22"/>
  <node id="9922058811" lat="35.9593508" lon="-86.5417603" version="1" timestamp="2022-07-31T09:31:37Z" changeset="124294228" uid="3816962" user="bking22"/>
  <node id="9922058814" lat="35.9594088" lon="-86.5418593" version="1" timestamp="2022-07-31T09:31:37Z" changeset="124294228" uid="3816962" user="bking22"/>
  <node id="9922058855" lat="35.9561635" lon="-86.5378856" version="1" timestamp="2022-07-31T09:31:37Z" changeset="124294228" uid="3816962" user="bking22"/>
  <node id="9922058857" lat="35.9561330" lon="-86.5376049" version="1" timestamp="2022-07-31T09:31:37Z" changeset="124294228" uid="3816962" user="bking22"/>
  <node id="9922058859" lat="35.9561064" lon="-86.5374156" version="1" timestamp="2022-07-31T09:31:37Z" changeset="124294228" uid="3816962" user="bking22"/>
  <node id="9922058861" lat="35.9560979" lon="-86.5371762" version="1" timestamp="2022-07-31T09:31:37Z" changeset="124294228" uid="3816962" user="bking22"/>
  <node id="9922058863" lat="35.9561525" lon="-86.5368803" version="1" timestamp="2022-07-31T09:31:37Z" changeset="124294228" uid="3816962" user="bking22"/>
  <node id="9922058864" lat="35.9562530" lon="-86.5369181" version="1" timestamp="2022-07-31T09:31:37Z" changeset="124294228" uid="3816962" user="bking22"/>
  <node id="9922058865" lat="35.9563067" lon="-86.5365822" version="1" timestamp="2022-07-31T09:31:37Z" changeset="124294228" uid="3816962" user="bking22"/>
  <node id="9922058866" lat="35.9563840" lon="-86.5366901" version="1" timestamp="2022-07-31T09:31:37Z" changeset="124294228" uid="3816962" user="bking22"/>
  <node id="9922058867" lat="35.9564889" lon="-86.5364580" version="1" timestamp="2022-07-31T09:31:37Z" changeset="124294228" uid="3816962" user="bking22"/>
  <node id="9922058868" lat="35.9565293" lon="-86.5365869" version="1" timestamp="2022-07-31T09:31:37Z" changeset="124294228" uid="3816962" user="bking22"/>
  <node id="9922058869" lat="35.9569302" lon="-86.5365125" version="1" timestamp="2022-07-31T09:31:37Z" changeset="124294228" uid="3816962" user="bking22"/>
  <node id="9922058870" lat="35.9567749" lon="-86.5365461" version="1" timestamp="2022-07-31T09:31:37Z" changeset="124294228" uid="3816962" user="bking22"/>
  <node id="9922058871" lat="35.9569731" lon="-86.5368682" version="1" timestamp="2022-07-31T09:31:37Z" changeset="124294228" uid="3816962" user="bking22"/>
  <node id="9922058872" lat="35.9568260" lon="-86.5368711" version="1" timestamp="2022-07-31T09:31:37Z" changeset="124294228" uid="3816962" user="bking22"/>
  <node id="9922058873" lat="35.9569263" lon="-86.5374565" version="1" timestamp="2022-07-31T09:31:37Z" changeset="124294228" uid="3816962" user="bking22"/>
  <node id="9922058875" lat="35.9569342" lon="-86.5376113" version="1" timestamp="2022-07-31T09:31:37Z" changeset="124294228" uid="3816962" user="bking22"/>
  <node id="9922058877" lat="35.9569719" lon="-86.5377874" version="1" timestamp="2022-07-31T09:31:37Z" changeset="124294228" uid="3816962" user="bking22"/>
  <node id="9922058879" lat="35.9570146" lon="-86.5378915" version="1" timestamp="2022-07-31T09:31:37Z" changeset="124294228" uid="3816962" user="bking22"/>
  <node id="9922058881" lat="35.9565015" lon="-86.5364984" version="1" timestamp="2022-07-31T09:31:37Z" changeset="124294228" uid="3816962" user="bking22">
    <tag k="highway" v="crossing"/>
  </node>
  <node id="9922058882" lat="35.9568848" lon="-86.5365223" version="1" timestamp="2022-07-31T09:31:37Z" changeset="124294228" uid="3816962" user="bking22">
    <tag k="highway" v="crossing"/>
  </node>
  <node id="9922058883" lat="35.9563373" lon="-86.5366249" version="1" timestamp="2022-07-31T09:31:37Z" changeset="124294228" uid="3816962" user="bking22">
    <tag k="highway" v="crossing"/>
  </node>
  <node id="9922058884" lat="35.9561869" lon="-86.5368933" version="1" timestamp="2022-07-31T09:31:37Z" changeset="124294228" uid="3816962" user="bking22">
    <tag k="highway" v="crossing"/>
  </node>
  <node id="9922058885" lat="35.9569298" lon="-86.5368691" version="1" timestamp="2022-07-31T09:31:37Z" changeset="124294228" uid="3816962" user="bking22">
    <tag k="highway" v="crossing"/>
  </node>
  <node id="9922058886" lat="35.9561665" lon="-86.5374038" version="1" timestamp="2022-07-31T09:31:37Z" changeset="124294228" uid="3816962" user="bking22">
    <tag k="highway" v="crossing"/>
  </node>
  <node id="9922058887" lat="35.9561885" lon="-86.5375959" version="1" timestamp="2022-07-31T09:31:37Z" changeset="124294228" uid="3816962" user="bking22">
    <tag k="highway" v="crossing"/>
  </node>
  <node id="9922058888" lat="35.9569075" lon="-86.5376160" version="1" timestamp="2022-07-31T09:31:37Z" changeset="124294228" uid="3816962" user="bking22">
    <tag k="highway" v="crossing"/>
  </node>
  <node id="9922058889" lat="35.9569486" lon="-86.5377961" version="1" timestamp="2022-07-31T09:31:37Z" changeset="124294228" uid="3816962" user="bking22">
    <tag k="highway" v="crossing"/>
  </node>
  <node id="9922058890" lat="35.9562117" lon="-86.5378815" version="1" timestamp="2022-07-31T09:31:37Z" changeset="124294228" uid="3816962" user="bking22">
    <tag k="highway" v="crossing"/>
  </node>
  <node id="9922058891" lat="35.9569874" lon="-86.5379076" version="1" timestamp="2022-07-31T09:31:37Z" changeset="124294228" uid="3816962" user="bking22">
    <tag k="highway" v="crossing"/>
  </node>
  <node id="9922058892" lat="35.9564373" lon="-86.5385491" version="1" timestamp="2022-07-31T09:31:37Z" changeset="124294228" uid="3816962" user="bking22">
    <tag k="highway" v="crossing"/>
  </node>
  <node id="9922058893" lat="35.9568282" lon="-86.5387141" version="1" timestamp="2022-07-31T09:31:37Z" changeset="124294228" uid="3816962" user="bking22">
    <tag k="highway" v="crossing"/>
  </node>
  <node id="9922058894" lat="35.9570098" lon="-86.5386937" version="1" timestamp="2022-07-31T09:31:37Z" changeset="124294228" uid="3816962" user="bking22">
    <tag k="highway" v="crossing"/>
  </node>
  <node id="9922058895" lat="35.9573014" lon="-86.5383563" version="1" timestamp="2022-07-31T09:31:37Z" changeset="124294228" uid="3816962" user="bking22">
    <tag k="highway" v="crossing"/>
  </node>
  <node id="9922058896" lat="35.9569372" lon="-86.5376696" version="1" timestamp="2022-07-31T09:31:37Z" changeset="124294228" uid="3816962" user="bking22"/>
  <node id="9922058898" lat="35.9569327" lon="-86.5373493" version="1" timestamp="2022-07-31T09:31:37Z" changeset="124294228" uid="3816962" user="bking22"/>
  <node id="9922058900" lat="35.9569697" lon="-86.5367663" version="1" timestamp="2022-07-31T09:31:37Z" changeset="124294228" uid="3816962" user="bking22"/>
  <node id="9922058901" lat="35.9571075" lon="-86.5367393" version="1" timestamp="2022-07-31T09:31:37Z" changeset="124294228" uid="3816962" user="bking22"/>
  <node id="9922058902" lat="35.9569441" lon="-86.5366017" version="1" timestamp="2022-07-31T09:31:37Z" changeset="124294228" uid="3816962" user="bking22"/>
  <node id="9922058903" lat="35.9570977" lon="-86.5365780" version="1" timestamp="2022-07-31T09:31:37Z" changeset="124294228" uid="3816962" user="bking22"/>
  <node id="9922058904" lat="35.9569885" lon="-86.5365949" version="1" timestamp="2022-07-31T09:31:37Z" changeset="124294228" uid="3816962" user="bking22">
    <tag k="highway" v="crossing"/>
  </node>
  <node id="9922058905" lat="35.9570116" lon="-86.5367580" version="1" timestamp="2022-07-31T09:31:37Z" changeset="124294228" uid="3816962" user="bking22">
    <tag k="highway" v="crossing"/>
  </node>
  <node id="9922058906" lat="35.9569890" lon="-86.5373509" version="1" timestamp="2022-07-31T09:31:37Z" changeset="124294228" uid="3816962" user="bking22">
    <tag k="highway" v="crossing"/>
  </node>
  <node id="9922058907" lat="35.9570072" lon="-86.5376461" version="1" timestamp="2022-07-31T09:31:37Z" changeset="124294228" uid="3816962" user="bking22">
    <tag k="highway" v="crossing"/>
  </node>
  <node id="9922058920" lat="35.9541420" lon="-86.5382837" version="1" timestamp="2022-07-31T09:31:37Z" changeset="124294228" uid="3816962" user="bking22"/>
  <node id="9922058922" lat="35.9538628" lon="-86.5384609" version="1" timestamp="2022-07-31T09:31:37Z" changeset="124294228" uid="3816962" user="bking22"/>
  <node id="9922058928" lat="35.9541622" lon="-86.5383244" version="1" timestamp="2022-07-31T09:31:37Z" changeset="124294228" uid="3816962" user="bking22">
    <tag k="highway" v="crossing"/>
  </node>
  <node id="9922058929" lat="35.9538853" lon="-86.5385128" version="1" timestamp="2022-07-31T09:31:37Z" changeset="124294228" uid="3816962" user="bking22">
    <tag k="highway" v="crossing"/>
  </node>
  <node id="9922058930" lat="35.9539406" lon="-86.5391155" version="1" timestamp="2022-07-31T09:31:37Z" changeset="124294228" uid="3816962" user="bking22">
    <tag k="highway" v="crossing"/>
  </node>
  <node id="9922058931" lat="35.9539962" lon="-86.5392645" version="1" timestamp="2022-07-31T09:31:37Z" changeset="124294228" uid="3816962" user="bking22">
    <tag k="highway" v="crossing"/>
  </node>
  <node id="9922058945" lat="35.9544679" lon="-86.5403143" version="1" timestamp="2022-07-31T09:31:37Z" changeset="124294228" uid="3816962" user="bking22">
    <tag k="highway" v="crossing"/>
  </node>
  <node id="9922058946" lat="35.9549037" lon="-86.5413143" version="1" timestamp="2022-07-31T09:31:37Z" changeset="124294228" uid="3816962" user="bking22">
    <tag k="highway" v="crossing"/>
  </node>
  <node id="9922058947" lat="35.9549866" lon="-86.5416433" version="1" timestamp="2022-07-31T09:31:37Z" changeset="124294228" uid="3816962" user="bking22">
    <tag k="highway" v="crossing"/>
  </node>
  <node id="9922058948" lat="35.9550042" lon="-86.5417660" version="1" timestamp="2022-07-31T09:31:37Z" changeset="124294228" uid="3816962" user="bking22">
    <tag k="highway" v="crossing"/>
  </node>
  <node id="9922058949" lat="35.9549870" lon="-86.5419945" version="1" timestamp="2022-07-31T09:31:37Z" changeset="124294228" uid="3816962" user="bking22">
    <tag k="highway" v="crossing"/>
  </node>
  <node id="9922058950" lat="35.9546472" lon="-86.5434075" version="1" timestamp="2022-07-31T09:31:37Z" changeset="124294228" uid="3816962" user="bking22">
    <tag k="highway" v="crossing"/>
  </node>
  <node id="9922059053" lat="35.9541479" lon="-86.5364166" version="1" timestamp="2022-07-31T09:31:37Z" changeset="124294228" uid="3816962" user="bking22"/>
  <node id="9922059054" lat="35.9543341" lon="-86.5363966" version="1" timestamp="2022-07-31T09:31:37Z" changeset="124294228" uid="3816962" user="bking22"/>
  <node id="9922059055" lat="35.9541319" lon="-86.5361733" version="1" timestamp="2022-07-31T09:31:37Z" changeset="124294228" uid="3816962" user="bking22"/>
  <node id="9922059056" lat="35.9543079" lon="-86.5361547" version="1" timestamp="2022-07-31T09:31:37Z" changeset="124294228" uid="3816962" user="bking22"/>
  <node id="9922059057" lat="35.9540780" lon="-86.5352899" version="1" timestamp="2022-07-31T09:31:37Z" changeset="124294228" uid="3816962" user="bking22"/>
  <node id="9922059058" lat="35.9542329" lon="-86.5352736" version="1" timestamp="2022-07-31T09:31:37Z" changeset="124294228" uid="3816962" user="bking22"/>
  <node id="9922059059" lat="35.9540654" lon="-86.5350672" version="1" timestamp="2022-07-31T09:31:37Z" changeset="124294228" uid="3816962" user="bking22"/>
  <node id="9922059060" lat="35.9542090" lon="-86.5350791" version="1" timestamp="2022-07-31T09:31:37Z" changeset="124294228" uid="3816962" user="bking22"/>
  <node id="9922059061" lat="35.9540814" lon="-86.5346687" version="1" timestamp="2022-07-31T09:31:37Z" changeset="124294228" uid="3816962" user="bking22"/>
  <node id="9922059062" lat="35.9542449" lon="-86.5347063" version="1" timestamp="2022-07-31T09:31:37Z" changeset="124294228" uid="3816962" user="bking22"/>
  <node id="9922059063" lat="35.9541659" lon="-86.5343746" version="1" timestamp="2022-07-31T09:31:37Z" changeset="124294228" uid="3816962" user="bking22"/>
  <node id="9922059064" lat="35.9543122" lon="-86.5344421" version="1" timestamp="2022-07-31T09:31:37Z" changeset="124294228" uid="3816962" user="bking22"/>
  <node id="9922059065" lat="35.9542195" lon="-86.5343993" version="1" timestamp="2022-07-31T09:31:37Z" changeset="124294228" uid="3816962" user="bking22">
    <tag k="highway" v="crossing"/>
  </node>
  <node id="9922059066" lat="35.9541481" lon="-86.5346840" version="1" timestamp="2022-07-31T09:31:37Z" changeset="124294228" uid="3816962" user="bking22">
    <tag k="highway" v="crossing"/>
  </node>
  <node id="9922059067" lat="35.9541278" lon="-86.5350724" version="1" timestamp="2022-07-31T09:31:37Z" changeset="124294228" uid="3816962" user="bking22">
    <tag k="highway" v="crossing"/>
  </node>
  <node id="9922059068" lat="35.9542064" lon="-86.5361655" version="1" timestamp="2022-07-31T09:31:37Z" changeset="124294228" uid="3816962" user="bking22">
    <tag k="highway" v="crossing"/>
  </node>
  <node id="9922059069" lat="35.9542260" lon="-86.5364083" version="1" timestamp="2022-07-31T09:31:37Z" changeset="124294228" uid="3816962" user="bking22">
    <tag k="highway" v="crossing"/>
  </node>
  <node id="9922059070" lat="35.9535555" lon="-86.5382294" version="1" timestamp="2022-07-31T09:31:37Z" changeset="124294228" uid="3816962" user="bking22"/>
  <node id="9922059071" lat="35.9536456" lon="-86.5383903" version="1" timestamp="2022-07-31T09:31:37Z" changeset="124294228" uid="3816962" user="bking22"/>
  <node id="9922059072" lat="35.9536836" lon="-86.5384346" version="1" timestamp="2022-07-31T09:31:37Z" changeset="124294228" uid="3816962" user="bking22"/>
  <node id="9922059073" lat="35.9537086" lon="-86.5384400" version="1" timestamp="2022-07-31T09:31:37Z" changeset="124294228" uid="3816962" user="bking22"/>
  <node id="9922059074" lat="35.9537466" lon="-86.5384292" version="1" timestamp="2022-07-31T09:31:37Z" changeset="124294228" uid="3816962" user="bking22"/>
  <node id="9922059075" lat="35.9538150" lon="-86.5383877" version="1" timestamp="2022-07-31T09:31:37Z" changeset="124294228" uid="3816962" user="bking22"/>
  <node id="9922059076" lat="35.9540473" lon="-86.5382348" version="1" timestamp="2022-07-31T09:31:37Z" changeset="124294228" uid="3816962" user="bking22"/>
  <node id="9922059077" lat="35.9541471" lon="-86.5381463" version="1" timestamp="2022-07-31T09:31:37Z" changeset="124294228" uid="3816962" user="bking22"/>
  <node id="9922059078" lat="35.9542307" lon="-86.5380068" version="1" timestamp="2022-07-31T09:31:37Z" changeset="124294228" uid="3816962" user="bking22"/>
  <node id="9922059079" lat="35.9542590" lon="-86.5378888" version="1" timestamp="2022-07-31T09:31:37Z" changeset="124294228" uid="3816962" user="bking22"/>
  <node id="9922059080" lat="35.9542655" lon="-86.5377546" version="1" timestamp="2022-07-31T09:31:37Z" changeset="124294228" uid="3816962" user="bking22"/>
  <node id="9922059081" lat="35.9542514" lon="-86.5376366" version="1" timestamp="2022-07-31T09:31:37Z" changeset="124294228" uid="3816962" user="bking22"/>
  <node id="9922059082" lat="35.9542145" lon="-86.5374784" version="1" timestamp="2022-07-31T09:31:37Z" changeset="124294228" uid="3816962" user="bking22"/>
  <node id="9922059083" lat="35.9541558" lon="-86.5371981" version="1" timestamp="2022-07-31T09:31:37Z" changeset="124294228" uid="3816962" user="bking22"/>
  <node id="9922059084" lat="35.9541341" lon="-86.5370425" version="1" timestamp="2022-07-31T09:31:37Z" changeset="124294228" uid="3816962" user="bking22"/>
  <node id="9922059085" lat="35.9541168" lon="-86.5368132" version="1" timestamp="2022-07-31T09:31:37Z" changeset="124294228" uid="3816962" user="bking22"/>
  <node id="9922059086" lat="35.9541113" lon="-86.5365584" version="1" timestamp="2022-07-31T09:31:37Z" changeset="124294228" uid="3816962" user="bking22"/>
  <node id="9922059087" lat="35.9540961" lon="-86.5363465" version="1" timestamp="2022-07-31T09:31:37Z" changeset="124294228" uid="3816962" user="bking22"/>
  <node id="9922059088" lat="35.9540722" lon="-86.5360488" version="1" timestamp="2022-07-31T09:31:37Z" changeset="124294228" uid="3816962" user="bking22"/>
  <node id="9922059089" lat="35.9540484" lon="-86.5357832" version="1" timestamp="2022-07-31T09:31:37Z" changeset="124294228" uid="3816962" user="bking22"/>
  <node id="9922059090" lat="35.9540234" lon="-86.5355244" version="1" timestamp="2022-07-31T09:31:37Z" changeset="124294228" uid="3816962" user="bking22"/>
  <node id="9922059091" lat="35.9540038" lon="-86.5351824" version="1" timestamp="2022-07-31T09:31:37Z" changeset="124294228" uid="3816962" user="bking22"/>
  <node id="9922059092" lat="35.9540071" lon="-86.5349491" version="1" timestamp="2022-07-31T09:31:37Z" changeset="124294228" uid="3816962" user="bking22"/>
  <node id="9922059093" lat="35.9540180" lon="-86.5347117" version="1" timestamp="2022-07-31T09:31:37Z" changeset="124294228" uid="3816962" user="bking22"/>
  <node id="9922059094" lat="35.9540646" lon="-86.5344958" version="1" timestamp="2022-07-31T09:31:37Z" changeset="124294228" uid="3816962" user="bking22"/>
  <node id="9922059095" lat="35.9541347" lon="-86.5342509" version="1" timestamp="2022-07-31T09:31:37Z" changeset="124294228" uid="3816962" user="bking22">
    <tag k="highway" v="crossing"/>
  </node>
  <node id="9922059096" lat="35.9541934" lon="-86.5340878" version="1" timestamp="2022-07-31T09:31:37Z" changeset="124294228" uid="3816962" user="bking22">
    <tag k="highway" v="crossing"/>
  </node>
  <node id="9922059097" lat="35.9542644" lon="-86.5339030" version="1" timestamp="2022-07-31T09:31:37Z" changeset="124294228" uid="3816962" user="bking22"/>
  <node id="9922059098" lat="35.9543523" lon="-86.5336965" version="1" timestamp="2022-07-31T09:31:37Z" changeset="124294228" uid="3816962" user="bking22"/>
  <node id="9922059099" lat="35.9544066" lon="-86.5335489" version="1" timestamp="2022-07-31T09:31:37Z" changeset="124294228" uid="3816962" user="bking22"/>
  <node id="9922059100" lat="35.9544131" lon="-86.5334980" version="1" timestamp="2022-07-31T09:31:37Z" changeset="124294228" uid="3816962" user="bking22"/>
  <node id="9922059101" lat="35.9544740" lon="-86.5335057" version="1" timestamp="2022-07-31T09:31:37Z" changeset="124294228" uid="3816962" user="bking22"/>
  <node id="9922059102" lat="35.9543005" lon="-86.5334698" version="1" timestamp="2022-07-31T09:31:37Z" changeset="124294228" uid="3816962" user="bking22"/>
  <node id="9922059103" lat="35.9540134" lon="-86.5348125" version="1" timestamp="2022-07-31T09:31:37Z" changeset="124294228" uid="3816962" user="bking22"/>
  <node id="9922059104" lat="35.9539362" lon="-86.5348049" version="1" timestamp="2022-07-31T09:31:37Z" changeset="124294228" uid="3816962" user="bking22"/>
  <node id="9922059105" lat="35.9538393" lon="-86.5348010" version="1" timestamp="2022-07-31T09:31:37Z" changeset="124294228" uid="3816962" user="bking22"/>
  <node id="9922059106" lat="35.9537455" lon="-86.5348279" version="1" timestamp="2022-07-31T09:31:37Z" changeset="124294228" uid="3816962" user="bking22"/>
  <node id="9922059107" lat="35.9536766" lon="-86.5348657" version="1" timestamp="2022-07-31T09:31:37Z" changeset="124294228" uid="3816962" user="bking22"/>
  <node id="9922059108" lat="35.9535520" lon="-86.5349439" version="1" timestamp="2022-07-31T09:31:37Z" changeset="124294228" uid="3816962" user="bking22"/>
  <node id="9922059109" lat="35.9534590" lon="-86.5349884" version="1" timestamp="2022-07-31T09:31:37Z" changeset="124294228" uid="3816962" user="bking22"/>
  <node id="9922059110" lat="35.9533885" lon="-86.5350431" version="1" timestamp="2022-07-31T09:31:37Z" changeset="124294228" uid="3816962" user="bking22"/>
  <node id="9922059111" lat="35.9533368" lon="-86.5351246" version="1" timestamp="2022-07-31T09:31:37Z" changeset="124294228" uid="3816962" user="bking22"/>
  <node id="9922059112" lat="35.9533233" lon="-86.5351645" version="1" timestamp="2022-07-31T09:31:37Z" changeset="124294228" uid="3816962" user="bking22"/>
  <node id="9922059113" lat="35.9533285" lon="-86.5352850" version="1" timestamp="2022-07-31T09:31:37Z" changeset="124294228" uid="3816962" user="bking22"/>
  <node id="9922059114" lat="35.9533285" lon="-86.5353952" version="1" timestamp="2022-07-31T09:31:37Z" changeset="124294228" uid="3816962" user="bking22"/>
  <node id="9922059115" lat="35.9533113" lon="-86.5355240" version="1" timestamp="2022-07-31T09:31:37Z" changeset="124294228" uid="3816962" user="bking22"/>
  <node id="9922059116" lat="35.9532895" lon="-86.5356630" version="1" timestamp="2022-07-31T09:31:37Z" changeset="124294228" uid="3816962" user="bking22"/>
  <node id="9922059117" lat="35.9532482" lon="-86.5358131" version="1" timestamp="2022-07-31T09:31:37Z" changeset="124294228" uid="3816962" user="bking22"/>
  <node id="9922059118" lat="35.9532220" lon="-86.5359392" version="1" timestamp="2022-07-31T09:31:37Z" changeset="124294228" uid="3816962" user="bking22"/>
  <node id="9922059119" lat="35.9531762" lon="-86.5360809" version="1" timestamp="2022-07-31T09:31:37Z" changeset="124294228" uid="3816962" user="bking22"/>
  <node id="9922059120" lat="35.9531365" lon="-86.5361699" version="1" timestamp="2022-07-31T09:31:37Z" changeset="124294228" uid="3816962" user="bking22"/>
  <node id="9922059121" lat="35.9530892" lon="-86.5362820" version="1" timestamp="2022-07-31T09:31:37Z" changeset="124294228" uid="3816962" user="bking22"/>
  <node id="9922059122" lat="35.9530495" lon="-86.5363460" version="1" timestamp="2022-07-31T09:31:37Z" changeset="124294228" uid="3816962" user="bking22"/>
  <node id="9922059123" lat="35.9530112" lon="-86.5363979" version="1" timestamp="2022-07-31T09:31:37Z" changeset="124294228" uid="3816962" user="bking22"/>
  <node id="9922059124" lat="35.9529625" lon="-86.5364238" version="1" timestamp="2022-07-31T09:31:37Z" changeset="124294228" uid="3816962" user="bking22"/>
  <node id="9922059125" lat="35.9528934" lon="-86.5364340" version="1" timestamp="2022-07-31T09:31:37Z" changeset="124294228" uid="3816962" user="bking22"/>
  <node id="9922059126" lat="35.9528342" lon="-86.5364182" version="1" timestamp="2022-07-31T09:31:37Z" changeset="124294228" uid="3816962" user="bking22"/>
  <node id="9922059127" lat="35.9527862" lon="-86.5363756" version="1" timestamp="2022-07-31T09:31:37Z" changeset="124294228" uid="3816962" user="bking22"/>
  <node id="9922059128" lat="35.9527509" lon="-86.5363219" version="1" timestamp="2022-07-31T09:31:37Z" changeset="124294228" uid="3816962" user="bking22"/>
  <node id="9922059129" lat="35.9527292" lon="-86.5362690" version="1" timestamp="2022-07-31T09:31:37Z" changeset="124294228" uid="3816962" user="bking22"/>
  <node id="9922059130" lat="35.9527044" lon="-86.5361875" version="1" timestamp="2022-07-31T09:31:37Z" changeset="124294228" uid="3816962" user="bking22"/>
  <node id="9922059131" lat="35.9526774" lon="-86.5360884" version="1" timestamp="2022-07-31T09:31:37Z" changeset="124294228" uid="3816962" user="bking22"/>
  <node id="9922059132" lat="35.9526737" lon="-86.5359558" version="1" timestamp="2022-07-31T09:31:37Z" changeset="124294228" uid="3816962" user="bking22"/>
  <node id="9922059133" lat="35.9526707" lon="-86.5358548" version="1" timestamp="2022-07-31T09:31:37Z" changeset="124294228" uid="3816962" user="bking22"/>
  <node id="9922059134" lat="35.9526707" lon="-86.5357733" version="1" timestamp="2022-07-31T09:31:37Z" changeset="124294228" uid="3816962" user="bking22"/>
  <node id="9922059135" lat="35.9526737" lon="-86.5356788" version="1" timestamp="2022-07-31T09:31:37Z" changeset="124294228" uid="3816962" user="bking22"/>
  <node id="9922059136" lat="35.9526812" lon="-86.5355972" version="1" timestamp="2022-07-31T09:31:37Z" changeset="124294228" uid="3816962" user="bking22"/>
  <node id="9922059137" lat="35.9527112" lon="-86.5354953" version="1" timestamp="2022-07-31T09:31:37Z" changeset="124294228" uid="3816962" user="bking22"/>
  <node id="9922059138" lat="35.9527487" lon="-86.5353619" version="1" timestamp="2022-07-31T09:31:37Z" changeset="124294228" uid="3816962" user="bking22"/>
  <node id="9922059139" lat="35.9527764" lon="-86.5352229" version="1" timestamp="2022-07-31T09:31:37Z" changeset="124294228" uid="3816962" user="bking22"/>
  <node id="9922059140" lat="35.9527802" lon="-86.5351098" version="1" timestamp="2022-07-31T09:31:37Z" changeset="124294228" uid="3816962" user="bking22"/>
  <node id="9922059141" lat="35.9527802" lon="-86.5350394" version="1" timestamp="2022-07-31T09:31:37Z" changeset="124294228" uid="3816962" user="bking22"/>
  <node id="9922059142" lat="35.9527847" lon="-86.5350033" version="1" timestamp="2022-07-31T09:31:37Z" changeset="124294228" uid="3816962" user="bking22"/>
  <node id="9922059143" lat="35.9528072" lon="-86.5349838" version="1" timestamp="2022-07-31T09:31:37Z" changeset="124294228" uid="3816962" user="bking22"/>
  <node id="9922059144" lat="35.9528484" lon="-86.5349606" version="1" timestamp="2022-07-31T09:31:37Z" changeset="124294228" uid="3816962" user="bking22"/>
  <node id="9922059145" lat="35.9529002" lon="-86.5349495" version="1" timestamp="2022-07-31T09:31:37Z" changeset="124294228" uid="3816962" user="bking22"/>
  <node id="9922059146" lat="35.9529835" lon="-86.5349884" version="1" timestamp="2022-07-31T09:31:37Z" changeset="124294228" uid="3816962" user="bking22"/>
  <node id="9922059147" lat="35.9531065" lon="-86.5350496" version="1" timestamp="2022-07-31T09:31:37Z" changeset="124294228" uid="3816962" user="bking22"/>
  <node id="9922059148" lat="35.9532250" lon="-86.5351015" version="1" timestamp="2022-07-31T09:31:37Z" changeset="124294228" uid="3816962" user="bking22"/>
  <node id="9922059149" lat="35.9532738" lon="-86.5351200" version="1" timestamp="2022-07-31T09:31:37Z" changeset="124294228" uid="3816962" user="bking22"/>
  <node id="9922059150" lat="35.9533023" lon="-86.5351441" version="1" timestamp="2022-07-31T09:31:37Z" changeset="124294228" uid="3816962" user="bking22"/>
  <node id="9922059151" lat="35.9533278" lon="-86.5351510" version="1" timestamp="2022-07-31T09:31:37Z" changeset="124294228" uid="3816962" user="bking22"/>
  <node id="9922059152" lat="35.9534158" lon="-86.5332112" version="1" timestamp="2022-07-31T09:31:37Z" changeset="124294228" uid="3816962" user="bking22"/>
  <node id="9922059153" lat="35.9535628" lon="-86.5333253" version="1" timestamp="2022-07-31T09:31:37Z" changeset="124294228" uid="3816962" user="bking22"/>
  <node id="9922059154" lat="35.9535947" lon="-86.5331652" version="1" timestamp="2022-07-31T09:31:37Z" changeset="124294228" uid="3816962" user="bking22"/>
  <node id="9922059155" lat="35.9536720" lon="-86.5330950" version="1" timestamp="2022-07-31T09:31:37Z" changeset="124294228" uid="3816962" user="bking22"/>
  <node id="9922059156" lat="35.9537766" lon="-86.5331343" version="1" timestamp="2022-07-31T09:31:37Z" changeset="124294228" uid="3816962" user="bking22"/>
  <node id="9922059157" lat="35.9538979" lon="-86.5331673" version="1" timestamp="2022-07-31T09:31:37Z" changeset="124294228" uid="3816962" user="bking22"/>
  <node id="9922059158" lat="35.9535992" lon="-86.5335894" version="1" timestamp="2022-07-31T09:31:37Z" changeset="124294228" uid="3816962" user="bking22"/>
  <node id="9922059159" lat="35.9534628" lon="-86.5336765" version="1" timestamp="2022-07-31T09:31:37Z" changeset="124294228" uid="3816962" user="bking22"/>
  <node id="9922059160" lat="35.9533605" lon="-86.5337776" version="1" timestamp="2022-07-31T09:31:37Z" changeset="124294228" uid="3816962" user="bking22"/>
  <node id="9922059161" lat="35.9532331" lon="-86.5337579" version="1" timestamp="2022-07-31T09:31:37Z" changeset="124294228" uid="3816962" user="bking22"/>
  <node id="9922059162" lat="35.9530876" lon="-86.5339124" version="1" timestamp="2022-07-31T09:31:37Z" changeset="124294228" uid="3816962" user="bking22"/>
  <node id="9922059163" lat="35.9531097" lon="-86.5340275" version="1" timestamp="2022-07-31T09:31:37Z" changeset="124294228" uid="3816962" user="bking22"/>
  <node id="9922059164" lat="35.9530096" lon="-86.5340360" version="1" timestamp="2022-07-31T09:31:37Z" changeset="124294228" uid="3816962" user="bking22"/>
  <node id="9922059165" lat="35.9530324" lon="-86.5341371" version="1" timestamp="2022-07-31T09:31:37Z" changeset="124294228" uid="3816962" user="bking22"/>
  <node id="9922059166" lat="35.9531461" lon="-86.5342073" version="1" timestamp="2022-07-31T09:31:37Z" changeset="124294228" uid="3816962" user="bking22"/>
  <node id="9922059167" lat="35.9532416" lon="-86.5343225" version="1" timestamp="2022-07-31T09:31:37Z" changeset="124294228" uid="3816962" user="bking22"/>
  <node id="9922059168" lat="35.9532780" lon="-86.5344096" version="1" timestamp="2022-07-31T09:31:37Z" changeset="124294228" uid="3816962" user="bking22"/>
  <node id="9922059169" lat="35.9534326" lon="-86.5345809" version="1" timestamp="2022-07-31T09:31:37Z" changeset="124294228" uid="3816962" user="bking22"/>
  <node id="9922059170" lat="35.9535508" lon="-86.5347073" version="1" timestamp="2022-07-31T09:31:37Z" changeset="124294228" uid="3816962" user="bking22"/>
  <node id="9922059171" lat="35.9535827" lon="-86.5348703" version="1" timestamp="2022-07-31T09:31:37Z" changeset="124294228" uid="3816962" user="bking22"/>
  <node id="9922059172" lat="35.9535650" lon="-86.5349111" version="1" timestamp="2022-07-31T09:31:37Z" changeset="124294228" uid="3816962" user="bking22"/>
  <node id="9922059173" lat="35.9534684" lon="-86.5349530" version="1" timestamp="2022-07-31T09:31:37Z" changeset="124294228" uid="3816962" user="bking22"/>
  <node id="9922059174" lat="35.9533992" lon="-86.5349917" version="1" timestamp="2022-07-31T09:31:37Z" changeset="124294228" uid="3816962" user="bking22"/>
  <node id="9922059175" lat="35.9533169" lon="-86.5351321" version="1" timestamp="2022-07-31T09:31:37Z" changeset="124294228" uid="3816962" user="bking22"/>
  <node id="9922059176" lat="35.9533065" lon="-86.5353209" version="1" timestamp="2022-07-31T09:31:37Z" changeset="124294228" uid="3816962" user="bking22"/>
  <node id="9922059177" lat="35.9531994" lon="-86.5354145" version="1" timestamp="2022-07-31T09:31:37Z" changeset="124294228" uid="3816962" user="bking22"/>
  <node id="9922059178" lat="35.9530622" lon="-86.5355661" version="1" timestamp="2022-07-31T09:31:37Z" changeset="124294228" uid="3816962" user="bking22"/>
  <node id="9922059179" lat="35.9530413" lon="-86.5356597" version="1" timestamp="2022-07-31T09:31:37Z" changeset="124294228" uid="3816962" user="bking22"/>
  <node id="9922059180" lat="35.9529225" lon="-86.5357081" version="1" timestamp="2022-07-31T09:31:37Z" changeset="124294228" uid="3816962" user="bking22"/>
  <node id="9922059181" lat="35.9528089" lon="-86.5356790" version="1" timestamp="2022-07-31T09:31:37Z" changeset="124294228" uid="3816962" user="bking22"/>
  <node id="9922059182" lat="35.9527070" lon="-86.5356258" version="1" timestamp="2022-07-31T09:31:37Z" changeset="124294228" uid="3816962" user="bking22"/>
  <node id="9922059183" lat="35.9526606" lon="-86.5356748" version="1" timestamp="2022-07-31T09:31:37Z" changeset="124294228" uid="3816962" user="bking22"/>
  <node id="9922059184" lat="35.9526584" lon="-86.5358907" version="1" timestamp="2022-07-31T09:31:37Z" changeset="124294228" uid="3816962" user="bking22"/>
  <node id="9922059185" lat="35.9526693" lon="-86.5361214" version="1" timestamp="2022-07-31T09:31:37Z" changeset="124294228" uid="3816962" user="bking22"/>
  <node id="9922059186" lat="35.9527225" lon="-86.5362971" version="1" timestamp="2022-07-31T09:31:37Z" changeset="124294228" uid="3816962" user="bking22"/>
  <node id="9922059187" lat="35.9527952" lon="-86.5364138" version="1" timestamp="2022-07-31T09:31:37Z" changeset="124294228" uid="3816962" user="bking22"/>
  <node id="9922059188" lat="35.9528853" lon="-86.5364486" version="1" timestamp="2022-07-31T09:31:37Z" changeset="124294228" uid="3816962" user="bking22"/>
  <node id="9922059189" lat="35.9529874" lon="-86.5364339" version="1" timestamp="2022-07-31T09:31:37Z" changeset="124294228" uid="3816962" user="bking22"/>
  <node id="9922059190" lat="35.9530666" lon="-86.5363548" version="1" timestamp="2022-07-31T09:31:37Z" changeset="124294228" uid="3816962" user="bking22"/>
  <node id="9922059191" lat="35.9531231" lon="-86.5362515" version="1" timestamp="2022-07-31T09:31:37Z" changeset="124294228" uid="3816962" user="bking22"/>
  <node id="9922059192" lat="35.9531937" lon="-86.5360932" version="1" timestamp="2022-07-31T09:31:37Z" changeset="124294228" uid="3816962" user="bking22"/>
  <node id="9922059193" lat="35.9532403" lon="-86.5359511" version="1" timestamp="2022-07-31T09:31:37Z" changeset="124294228" uid="3816962" user="bking22"/>
  <node id="9922059194" lat="35.9532805" lon="-86.5357700" version="1" timestamp="2022-07-31T09:31:37Z" changeset="124294228" uid="3816962" user="bking22"/>
  <node id="9922059195" lat="35.9533272" lon="-86.5355501" version="1" timestamp="2022-07-31T09:31:37Z" changeset="124294228" uid="3816962" user="bking22"/>
  <node id="9922059196" lat="35.9533446" lon="-86.5353784" version="1" timestamp="2022-07-31T09:31:37Z" changeset="124294228" uid="3816962" user="bking22"/>
  <node id="9922059197" lat="35.9533456" lon="-86.5352296" version="1" timestamp="2022-07-31T09:31:37Z" changeset="124294228" uid="3816962" user="bking22"/>
  <node id="9922059198" lat="35.9533456" lon="-86.5351491" version="1" timestamp="2022-07-31T09:31:37Z" changeset="124294228" uid="3816962" user="bking22"/>
  <node id="9922059199" lat="35.9533945" lon="-86.5350713" version="1" timestamp="2022-07-31T09:31:37Z" changeset="124294228" uid="3816962" user="bking22"/>
  <node id="9922059200" lat="35.9534694" lon="-86.5350150" version="1" timestamp="2022-07-31T09:31:37Z" changeset="124294228" uid="3816962" user="bking22"/>
  <node id="9922059201" lat="35.9535563" lon="-86.5349774" version="1" timestamp="2022-07-31T09:31:37Z" changeset="124294228" uid="3816962" user="bking22"/>
  <node id="9922059202" lat="35.9535682" lon="-86.5368134" version="1" timestamp="2022-07-31T09:31:37Z" changeset="124294228" uid="3816962" user="bking22"/>
  <node id="9922059203" lat="35.9535253" lon="-86.5370382" version="1" timestamp="2022-07-31T09:31:37Z" changeset="124294228" uid="3816962" user="bking22"/>
  <node id="9922059204" lat="35.9534515" lon="-86.5371292" version="1" timestamp="2022-07-31T09:31:37Z" changeset="124294228" uid="3816962" user="bking22"/>
  <node id="9922059205" lat="35.9534119" lon="-86.5370755" version="1" timestamp="2022-07-31T09:31:37Z" changeset="124294228" uid="3816962" user="bking22"/>
  <node id="9922059206" lat="35.9533835" lon="-86.5366576" version="1" timestamp="2022-07-31T09:31:37Z" changeset="124294228" uid="3816962" user="bking22"/>
  <node id="9922059207" lat="35.9533911" lon="-86.5364825" version="1" timestamp="2022-07-31T09:31:37Z" changeset="124294228" uid="3816962" user="bking22"/>
  <node id="9922059208" lat="35.9534723" lon="-86.5364101" version="1" timestamp="2022-07-31T09:31:37Z" changeset="124294228" uid="3816962" user="bking22"/>
  <node id="9922059209" lat="35.9534081" lon="-86.5361929" version="1" timestamp="2022-07-31T09:31:37Z" changeset="124294228" uid="3816962" user="bking22"/>
  <node id="9922059210" lat="35.9533325" lon="-86.5361485" version="1" timestamp="2022-07-31T09:31:37Z" changeset="124294228" uid="3816962" user="bking22"/>
  <node id="9922059211" lat="35.9532606" lon="-86.5362373" version="1" timestamp="2022-07-31T09:31:37Z" changeset="124294228" uid="3816962" user="bking22"/>
  <node id="9922059212" lat="35.9532625" lon="-86.5363984" version="1" timestamp="2022-07-31T09:31:37Z" changeset="124294228" uid="3816962" user="bking22"/>
  <node id="9922059213" lat="35.9531964" lon="-86.5364918" version="1" timestamp="2022-07-31T09:31:37Z" changeset="124294228" uid="3816962" user="bking22"/>
  <node id="9922059214" lat="35.9532020" lon="-86.5366576" version="1" timestamp="2022-07-31T09:31:37Z" changeset="124294228" uid="3816962" user="bking22"/>
  <node id="9922059215" lat="35.9531861" lon="-86.5368007" version="1" timestamp="2022-07-31T09:31:37Z" changeset="124294228" uid="3816962" user="bking22"/>
  <node id="9922059216" lat="35.9532091" lon="-86.5369837" version="1" timestamp="2022-07-31T09:31:37Z" changeset="124294228" uid="3816962" user="bking22"/>
  <node id="9922059217" lat="35.9533018" lon="-86.5370089" version="1" timestamp="2022-07-31T09:31:37Z" changeset="124294228" uid="3816962" user="bking22"/>
  <node id="9922059218" lat="35.9533537" lon="-86.5370439" version="1" timestamp="2022-07-31T09:31:37Z" changeset="124294228" uid="3816962" user="bking22"/>
  <node id="9922059219" lat="35.9533537" lon="-86.5372322" version="1" timestamp="2022-07-31T09:31:37Z" changeset="124294228" uid="3816962" user="bking22"/>
  <node id="9922059220" lat="35.9533128" lon="-86.5372729" version="1" timestamp="2022-07-31T09:31:37Z" changeset="124294228" uid="3816962" user="bking22"/>
  <node id="9922059221" lat="35.9532107" lon="-86.5372263" version="1" timestamp="2022-07-31T09:31:37Z" changeset="124294228" uid="3816962" user="bking22"/>
  <node id="9922059222" lat="35.9531793" lon="-86.5372943" version="1" timestamp="2022-07-31T09:31:37Z" changeset="124294228" uid="3816962" user="bking22"/>
  <node id="9922059223" lat="35.9531808" lon="-86.5374573" version="1" timestamp="2022-07-31T09:31:37Z" changeset="124294228" uid="3816962" user="bking22"/>
  <node id="9922059224" lat="35.9531730" lon="-86.5375524" version="1" timestamp="2022-07-31T09:31:37Z" changeset="124294228" uid="3816962" user="bking22"/>
  <node id="9922059225" lat="35.9531180" lon="-86.5376068" version="1" timestamp="2022-07-31T09:31:37Z" changeset="124294228" uid="3816962" user="bking22"/>
  <node id="9922059226" lat="35.9530803" lon="-86.5375679" version="1" timestamp="2022-07-31T09:31:37Z" changeset="124294228" uid="3816962" user="bking22"/>
  <node id="9922059227" lat="35.9530567" lon="-86.5374961" version="1" timestamp="2022-07-31T09:31:37Z" changeset="124294228" uid="3816962" user="bking22"/>
  <node id="9922059228" lat="35.9530976" lon="-86.5374243" version="1" timestamp="2022-07-31T09:31:37Z" changeset="124294228" uid="3816962" user="bking22"/>
  <node id="9922059229" lat="35.9530803" lon="-86.5372419" version="1" timestamp="2022-07-31T09:31:37Z" changeset="124294228" uid="3816962" user="bking22"/>
  <node id="9922059230" lat="35.9530159" lon="-86.5372302" version="1" timestamp="2022-07-31T09:31:37Z" changeset="124294228" uid="3816962" user="bking22"/>
  <node id="9922059231" lat="35.9529672" lon="-86.5373738" version="1" timestamp="2022-07-31T09:31:37Z" changeset="124294228" uid="3816962" user="bking22"/>
  <node id="9922059232" lat="35.9529735" lon="-86.5374398" version="1" timestamp="2022-07-31T09:31:37Z" changeset="124294228" uid="3816962" user="bking22"/>
  <node id="9922059233" lat="35.9529153" lon="-86.5374224" version="1" timestamp="2022-07-31T09:31:37Z" changeset="124294228" uid="3816962" user="bking22"/>
  <node id="9922059234" lat="35.9528226" lon="-86.5373176" version="1" timestamp="2022-07-31T09:31:37Z" changeset="124294228" uid="3816962" user="bking22"/>
  <node id="9922059235" lat="35.9527299" lon="-86.5371895" version="1" timestamp="2022-07-31T09:31:37Z" changeset="124294228" uid="3816962" user="bking22"/>
  <node id="9922059236" lat="35.9526341" lon="-86.5368731" version="1" timestamp="2022-07-31T09:31:37Z" changeset="124294228" uid="3816962" user="bking22"/>
  <node id="9922059237" lat="35.9525901" lon="-86.5365237" version="1" timestamp="2022-07-31T09:31:37Z" changeset="124294228" uid="3816962" user="bking22"/>
  <node id="9922059238" lat="35.9525398" lon="-86.5364519" version="1" timestamp="2022-07-31T09:31:37Z" changeset="124294228" uid="3816962" user="bking22"/>
  <node id="9922059239" lat="35.9524345" lon="-86.5364480" version="1" timestamp="2022-07-31T09:31:37Z" changeset="124294228" uid="3816962" user="bking22"/>
  <node id="9922059240" lat="35.9523371" lon="-86.5364752" version="1" timestamp="2022-07-31T09:31:37Z" changeset="124294228" uid="3816962" user="bking22"/>
  <node id="9922059241" lat="35.9523073" lon="-86.5366013" version="1" timestamp="2022-07-31T09:31:37Z" changeset="124294228" uid="3816962" user="bking22"/>
  <node id="9922059242" lat="35.9522648" lon="-86.5367042" version="1" timestamp="2022-07-31T09:31:37Z" changeset="124294228" uid="3816962" user="bking22"/>
  <node id="9922059243" lat="35.9522240" lon="-86.5367624" version="1" timestamp="2022-07-31T09:31:37Z" changeset="124294228" uid="3816962" user="bking22"/>
  <node id="9922059244" lat="35.9521926" lon="-86.5366790" version="1" timestamp="2022-07-31T09:31:37Z" changeset="124294228" uid="3816962" user="bking22"/>
  <node id="9922059245" lat="35.9521659" lon="-86.5366363" version="1" timestamp="2022-07-31T09:31:37Z" changeset="124294228" uid="3816962" user="bking22"/>
  <node id="9922059246" lat="35.9521769" lon="-86.5365645" version="1" timestamp="2022-07-31T09:31:37Z" changeset="124294228" uid="3816962" user="bking22"/>
  <node id="9922059247" lat="35.9522083" lon="-86.5365354" version="1" timestamp="2022-07-31T09:31:37Z" changeset="124294228" uid="3816962" user="bking22"/>
  <node id="9922059248" lat="35.9522460" lon="-86.5364383" version="1" timestamp="2022-07-31T09:31:37Z" changeset="124294228" uid="3816962" user="bking22"/>
  <node id="9922059249" lat="35.9522114" lon="-86.5363684" version="1" timestamp="2022-07-31T09:31:37Z" changeset="124294228" uid="3816962" user="bking22"/>
  <node id="9922059250" lat="35.9522334" lon="-86.5362733" version="1" timestamp="2022-07-31T09:31:37Z" changeset="124294228" uid="3816962" user="bking22"/>
  <node id="9922059251" lat="35.9523434" lon="-86.5362035" version="1" timestamp="2022-07-31T09:31:37Z" changeset="124294228" uid="3816962" user="bking22"/>
  <node id="9922059252" lat="35.9523528" lon="-86.5360831" version="1" timestamp="2022-07-31T09:31:37Z" changeset="124294228" uid="3816962" user="bking22"/>
  <node id="9922059253" lat="35.9524141" lon="-86.5360152" version="1" timestamp="2022-07-31T09:31:37Z" changeset="124294228" uid="3816962" user="bking22"/>
  <node id="9922059254" lat="35.9524958" lon="-86.5359997" version="1" timestamp="2022-07-31T09:31:37Z" changeset="124294228" uid="3816962" user="bking22"/>
  <node id="9922059255" lat="35.9525068" lon="-86.5358056" version="1" timestamp="2022-07-31T09:31:37Z" changeset="124294228" uid="3816962" user="bking22"/>
  <node id="9922059256" lat="35.9524722" lon="-86.5356949" version="1" timestamp="2022-07-31T09:31:37Z" changeset="124294228" uid="3816962" user="bking22"/>
  <node id="9922059257" lat="35.9522963" lon="-86.5357221" version="1" timestamp="2022-07-31T09:31:37Z" changeset="124294228" uid="3816962" user="bking22"/>
  <node id="9922059258" lat="35.9520952" lon="-86.5357532" version="1" timestamp="2022-07-31T09:31:37Z" changeset="124294228" uid="3816962" user="bking22"/>
  <node id="9922059259" lat="35.9520559" lon="-86.5357143" version="1" timestamp="2022-07-31T09:31:37Z" changeset="124294228" uid="3816962" user="bking22"/>
  <node id="9922059260" lat="35.9521407" lon="-86.5356386" version="1" timestamp="2022-07-31T09:31:37Z" changeset="124294228" uid="3816962" user="bking22"/>
  <node id="9922059261" lat="35.9522428" lon="-86.5356581" version="1" timestamp="2022-07-31T09:31:37Z" changeset="124294228" uid="3816962" user="bking22"/>
  <node id="9922059262" lat="35.9524612" lon="-86.5356309" version="1" timestamp="2022-07-31T09:31:37Z" changeset="124294228" uid="3816962" user="bking22"/>
  <node id="9922059263" lat="35.9525649" lon="-86.5355105" version="1" timestamp="2022-07-31T09:31:37Z" changeset="124294228" uid="3816962" user="bking22"/>
  <node id="9922059264" lat="35.9526466" lon="-86.5353223" version="1" timestamp="2022-07-31T09:31:37Z" changeset="124294228" uid="3816962" user="bking22"/>
  <node id="9922059265" lat="35.9525445" lon="-86.5349069" version="1" timestamp="2022-07-31T09:31:37Z" changeset="124294228" uid="3816962" user="bking22"/>
  <node id="9922059266" lat="35.9524550" lon="-86.5346585" version="1" timestamp="2022-07-31T09:31:37Z" changeset="124294228" uid="3816962" user="bking22"/>
  <node id="9922059267" lat="35.9523701" lon="-86.5342761" version="1" timestamp="2022-07-31T09:31:37Z" changeset="124294228" uid="3816962" user="bking22"/>
  <node id="9922059268" lat="35.9522271" lon="-86.5340257" version="1" timestamp="2022-07-31T09:31:37Z" changeset="124294228" uid="3816962" user="bking22"/>
  <node id="9922059269" lat="35.9521109" lon="-86.5339034" version="1" timestamp="2022-07-31T09:31:37Z" changeset="124294228" uid="3816962" user="bking22"/>
  <node id="9922059270" lat="35.9519946" lon="-86.5338607" version="1" timestamp="2022-07-31T09:31:37Z" changeset="124294228" uid="3816962" user="bking22"/>
  <node id="9922059271" lat="35.9518516" lon="-86.5339015" version="1" timestamp="2022-07-31T09:31:37Z" changeset="124294228" uid="3816962" user="bking22"/>
  <node id="9922059272" lat="35.9516301" lon="-86.5339461" version="1" timestamp="2022-07-31T09:31:37Z" changeset="124294228" uid="3816962" user="bking22"/>
  <node id="9922059273" lat="35.9513551" lon="-86.5340277" version="1" timestamp="2022-07-31T09:31:37Z" changeset="124294228" uid="3816962" user="bking22"/>
  <node id="9922059274" lat="35.9513347" lon="-86.5339364" version="1" timestamp="2022-07-31T09:31:37Z" changeset="124294228" uid="3816962" user="bking22"/>
  <node id="9922059275" lat="35.9513747" lon="-86.5338515" version="1" timestamp="2022-07-31T09:31:37Z" changeset="124294228" uid="3816962" user="bking22"/>
  <node id="9922059276" lat="35.9531884" lon="-86.5358543" version="1" timestamp="2022-07-31T09:31:37Z" changeset="124294228" uid="3816962" user="bking22"/>
  <node id="9922059277" lat="35.9532483" lon="-86.5355832" version="1" timestamp="2022-07-31T09:31:37Z" changeset="124294228" uid="3816962" user="bking22"/>
  <node id="9922059278" lat="35.9531236" lon="-86.5355431" version="1" timestamp="2022-07-31T09:31:37Z" changeset="124294228" uid="3816962" user="bking22"/>
  <node id="9922059279" lat="35.9530600" lon="-86.5358120" version="1" timestamp="2022-07-31T09:31:37Z" changeset="124294228" uid="3816962" user="bking22"/>
  <node id="9922059280" lat="35.9531714" lon="-86.5360917" version="1" timestamp="2022-07-31T09:31:37Z" changeset="124294228" uid="3816962" user="bking22"/>
  <node id="9922059281" lat="35.9532073" lon="-86.5361164" version="1" timestamp="2022-07-31T09:31:37Z" changeset="124294228" uid="3816962" user="bking22"/>
  <node id="9922059282" lat="35.9532539" lon="-86.5361740" version="1" timestamp="2022-07-31T09:31:37Z" changeset="124294228" uid="3816962" user="bking22"/>
  <node id="9922059283" lat="35.9532954" lon="-86.5362816" version="1" timestamp="2022-07-31T09:31:37Z" changeset="124294228" uid="3816962" user="bking22"/>
  <node id="9922059284" lat="35.9533052" lon="-86.5364084" version="1" timestamp="2022-07-31T09:31:37Z" changeset="124294228" uid="3816962" user="bking22"/>
  <node id="9922059285" lat="35.9533353" lon="-86.5366049" version="1" timestamp="2022-07-31T09:31:37Z" changeset="124294228" uid="3816962" user="bking22"/>
  <node id="9922059286" lat="35.9533586" lon="-86.5367445" version="1" timestamp="2022-07-31T09:31:37Z" changeset="124294228" uid="3816962" user="bking22"/>
  <node id="9922059287" lat="35.9533897" lon="-86.5369379" version="1" timestamp="2022-07-31T09:31:37Z" changeset="124294228" uid="3816962" user="bking22"/>
  <node id="9922059288" lat="35.9533991" lon="-86.5370550" version="1" timestamp="2022-07-31T09:31:37Z" changeset="124294228" uid="3816962" user="bking22"/>
  <node id="9922059289" lat="35.9533913" lon="-86.5371690" version="1" timestamp="2022-07-31T09:31:37Z" changeset="124294228" uid="3816962" user="bking22"/>
  <node id="9922059290" lat="35.9533819" lon="-86.5372510" version="1" timestamp="2022-07-31T09:31:37Z" changeset="124294228" uid="3816962" user="bking22"/>
  <node id="9922059291" lat="35.9533591" lon="-86.5373387" version="1" timestamp="2022-07-31T09:31:37Z" changeset="124294228" uid="3816962" user="bking22"/>
  <node id="9922059292" lat="35.9533819" lon="-86.5375160" version="1" timestamp="2022-07-31T09:31:37Z" changeset="124294228" uid="3816962" user="bking22"/>
  <node id="9922059293" lat="35.9533939" lon="-86.5376767" version="1" timestamp="2022-07-31T09:31:37Z" changeset="124294228" uid="3816962" user="bking22"/>
  <node id="9922059294" lat="35.9533949" lon="-86.5377645" version="1" timestamp="2022-07-31T09:31:37Z" changeset="124294228" uid="3816962" user="bking22"/>
  <node id="9922059295" lat="35.9533876" lon="-86.5378567" version="1" timestamp="2022-07-31T09:31:37Z" changeset="124294228" uid="3816962" user="bking22"/>
  <node id="9922059296" lat="35.9533680" lon="-86.5379329" version="1" timestamp="2022-07-31T09:31:37Z" changeset="124294228" uid="3816962" user="bking22"/>
  <node id="9922059297" lat="35.9533461" lon="-86.5379898" version="1" timestamp="2022-07-31T09:31:37Z" changeset="124294228" uid="3816962" user="bking22"/>
  <node id="9922059298" lat="35.9538328" lon="-86.5384789" version="1" timestamp="2022-07-31T09:31:37Z" changeset="124294228" uid="3816962" user="bking22"/>
  <node id="9922059300" lat="35.9543294" lon="-86.5377704" version="1" timestamp="2022-07-31T09:31:37Z" changeset="124294228" uid="3816962" user="bking22"/>
  <node id="9922059302" lat="35.9542743" lon="-86.5374666" version="1" timestamp="2022-07-31T09:31:37Z" changeset="124294228" uid="3816962" user="bking22"/>
  <node id="9922059304" lat="35.9542102" lon="-86.5371223" version="1" timestamp="2022-07-31T09:31:37Z" changeset="124294228" uid="3816962" user="bking22"/>
  <node id="9922059306" lat="35.9541916" lon="-86.5370204" version="1" timestamp="2022-07-31T09:31:37Z" changeset="124294228" uid="3816962" user="bking22"/>
  <node id="9922059308" lat="35.9541619" lon="-86.5366294" version="1" timestamp="2022-07-31T09:31:37Z" changeset="124294228" uid="3816962" user="bking22"/>
  <node id="9922059309" lat="35.9540033" lon="-86.5366416" version="1" timestamp="2022-07-31T09:31:37Z" changeset="124294228" uid="3816962" user="bking22"/>
  <node id="9922059310" lat="35.9541460" lon="-86.5363867" version="1" timestamp="2022-07-31T09:31:37Z" changeset="124294228" uid="3816962" user="bking22"/>
  <node id="9922059311" lat="35.9540055" lon="-86.5364056" version="1" timestamp="2022-07-31T09:31:37Z" changeset="124294228" uid="3816962" user="bking22"/>
  <node id="9922059312" lat="35.9541369" lon="-86.5362485" version="1" timestamp="2022-07-31T09:31:37Z" changeset="124294228" uid="3816962" user="bking22"/>
  <node id="9922059313" lat="35.9539827" lon="-86.5362742" version="1" timestamp="2022-07-31T09:31:37Z" changeset="124294228" uid="3816962" user="bking22"/>
  <node id="9922059314" lat="35.9541221" lon="-86.5360233" version="1" timestamp="2022-07-31T09:31:37Z" changeset="124294228" uid="3816962" user="bking22"/>
  <node id="9922059315" lat="35.9539588" lon="-86.5360368" version="1" timestamp="2022-07-31T09:31:37Z" changeset="124294228" uid="3816962" user="bking22"/>
  <node id="9922059316" lat="35.9541104" lon="-86.5358450" version="1" timestamp="2022-07-31T09:31:37Z" changeset="124294228" uid="3816962" user="bking22"/>
  <node id="9922059317" lat="35.9539458" lon="-86.5358557" version="1" timestamp="2022-07-31T09:31:37Z" changeset="124294228" uid="3816962" user="bking22"/>
  <node id="9922059318" lat="35.9541013" lon="-86.5357042" version="1" timestamp="2022-07-31T09:31:37Z" changeset="124294228" uid="3816962" user="bking22"/>
  <node id="9922059319" lat="35.9539349" lon="-86.5357163" version="1" timestamp="2022-07-31T09:31:37Z" changeset="124294228" uid="3816962" user="bking22"/>
  <node id="9922059320" lat="35.9540871" lon="-86.5354519" version="1" timestamp="2022-07-31T09:31:37Z" changeset="124294228" uid="3816962" user="bking22"/>
  <node id="9922059321" lat="35.9539099" lon="-86.5354722" version="1" timestamp="2022-07-31T09:31:37Z" changeset="124294228" uid="3816962" user="bking22"/>
  <node id="9922059322" lat="35.9540768" lon="-86.5352692" version="1" timestamp="2022-07-31T09:31:37Z" changeset="124294228" uid="3816962" user="bking22"/>
  <node id="9922059323" lat="35.9538969" lon="-86.5352858" version="1" timestamp="2022-07-31T09:31:37Z" changeset="124294228" uid="3816962" user="bking22"/>
  <node id="9922059324" lat="35.9540672" lon="-86.5350993" version="1" timestamp="2022-07-31T09:31:37Z" changeset="124294228" uid="3816962" user="bking22"/>
  <node id="9922059325" lat="35.9538958" lon="-86.5350967" version="1" timestamp="2022-07-31T09:31:37Z" changeset="124294228" uid="3816962" user="bking22"/>
  <node id="9922059326" lat="35.9540636" lon="-86.5349264" version="1" timestamp="2022-07-31T09:31:37Z" changeset="124294228" uid="3816962" user="bking22"/>
  <node id="9922059327" lat="35.9538958" lon="-86.5349210" version="1" timestamp="2022-07-31T09:31:37Z" changeset="124294228" uid="3816962" user="bking22"/>
  <node id="9922059328" lat="35.9540801" lon="-86.5346804" version="1" timestamp="2022-07-31T09:31:37Z" changeset="124294228" uid="3816962" user="bking22"/>
  <node id="9922059329" lat="35.9539088" lon="-86.5346313" version="1" timestamp="2022-07-31T09:31:37Z" changeset="124294228" uid="3816962" user="bking22"/>
  <node id="9922059330" lat="35.9541446" lon="-86.5344347" version="1" timestamp="2022-07-31T09:31:37Z" changeset="124294228" uid="3816962" user="bking22"/>
  <node id="9922059331" lat="35.9539664" lon="-86.5343738" version="1" timestamp="2022-07-31T09:31:37Z" changeset="124294228" uid="3816962" user="bking22"/>
  <node id="9922059332" lat="35.9541991" lon="-86.5342811" version="1" timestamp="2022-07-31T09:31:37Z" changeset="124294228" uid="3816962" user="bking22"/>
  <node id="9922059333" lat="35.9540391" lon="-86.5342062" version="1" timestamp="2022-07-31T09:31:37Z" changeset="124294228" uid="3816962" user="bking22"/>
  <node id="9922059334" lat="35.9542549" lon="-86.5341235" version="1" timestamp="2022-07-31T09:31:37Z" changeset="124294228" uid="3816962" user="bking22"/>
  <node id="9922059335" lat="35.9540923" lon="-86.5340292" version="1" timestamp="2022-07-31T09:31:37Z" changeset="124294228" uid="3816962" user="bking22"/>
  <node id="9922059336" lat="35.9543176" lon="-86.5339491" version="1" timestamp="2022-07-31T09:31:37Z" changeset="124294228" uid="3816962" user="bking22"/>
  <node id="9922059337" lat="35.9541683" lon="-86.5338588" version="1" timestamp="2022-07-31T09:31:37Z" changeset="124294228" uid="3816962" user="bking22"/>
  <node id="9922059338" lat="35.9543892" lon="-86.5337760" version="1" timestamp="2022-07-31T09:31:37Z" changeset="124294228" uid="3816962" user="bking22"/>
  <node id="9922059339" lat="35.9542454" lon="-86.5336939" version="1" timestamp="2022-07-31T09:31:37Z" changeset="124294228" uid="3816962" user="bking22"/>
  <node id="9922059340" lat="35.9543323" lon="-86.5337435" version="1" timestamp="2022-07-31T09:31:37Z" changeset="124294228" uid="3816962" user="bking22">
    <tag k="highway" v="crossing"/>
  </node>
  <node id="9922059341" lat="35.9542601" lon="-86.5339143" version="1" timestamp="2022-07-31T09:31:37Z" changeset="124294228" uid="3816962" user="bking22">
    <tag k="highway" v="crossing"/>
  </node>
  <node id="9922059342" lat="35.9540877" lon="-86.5344152" version="1" timestamp="2022-07-31T09:31:37Z" changeset="124294228" uid="3816962" user="bking22">
    <tag k="highway" v="crossing"/>
  </node>
  <node id="9922059343" lat="35.9540280" lon="-86.5346655" version="1" timestamp="2022-07-31T09:31:37Z" changeset="124294228" uid="3816962" user="bking22">
    <tag k="highway" v="crossing"/>
  </node>
  <node id="9922059344" lat="35.9540082" lon="-86.5349246" version="1" timestamp="2022-07-31T09:31:37Z" changeset="124294228" uid="3816962" user="bking22">
    <tag k="highway" v="crossing"/>
  </node>
  <node id="9922059345" lat="35.9540050" lon="-86.5350983" version="1" timestamp="2022-07-31T09:31:37Z" changeset="124294228" uid="3816962" user="bking22">
    <tag k="highway" v="crossing"/>
  </node>
  <node id="9922059346" lat="35.9540092" lon="-86.5352755" version="1" timestamp="2022-07-31T09:31:37Z" changeset="124294228" uid="3816962" user="bking22">
    <tag k="highway" v="crossing"/>
  </node>
  <node id="9922059347" lat="35.9540197" lon="-86.5354596" version="1" timestamp="2022-07-31T09:31:37Z" changeset="124294228" uid="3816962" user="bking22">
    <tag k="highway" v="crossing"/>
  </node>
  <node id="9922059348" lat="35.9540412" lon="-86.5357085" version="1" timestamp="2022-07-31T09:31:37Z" changeset="124294228" uid="3816962" user="bking22">
    <tag k="highway" v="crossing"/>
  </node>
  <node id="9922059349" lat="35.9540542" lon="-86.5358487" version="1" timestamp="2022-07-31T09:31:37Z" changeset="124294228" uid="3816962" user="bking22">
    <tag k="highway" v="crossing"/>
  </node>
  <node id="9922059350" lat="35.9540703" lon="-86.5360276" version="1" timestamp="2022-07-31T09:31:37Z" changeset="124294228" uid="3816962" user="bking22">
    <tag k="highway" v="crossing"/>
  </node>
  <node id="9922059351" lat="35.9540889" lon="-86.5362565" version="1" timestamp="2022-07-31T09:31:37Z" changeset="124294228" uid="3816962" user="bking22">
    <tag k="highway" v="crossing"/>
  </node>
  <node id="9922059352" lat="35.9540995" lon="-86.5363929" version="1" timestamp="2022-07-31T09:31:37Z" changeset="124294228" uid="3816962" user="bking22">
    <tag k="highway" v="crossing"/>
  </node>
  <node id="9922059353" lat="35.9541129" lon="-86.5366332" version="1" timestamp="2022-07-31T09:31:37Z" changeset="124294228" uid="3816962" user="bking22">
    <tag k="highway" v="crossing"/>
  </node>
  <node id="9922059354" lat="35.9541330" lon="-86.5370282" version="1" timestamp="2022-07-31T09:31:37Z" changeset="124294228" uid="3816962" user="bking22">
    <tag k="highway" v="crossing"/>
  </node>
  <node id="9922059355" lat="35.9541472" lon="-86.5371364" version="1" timestamp="2022-07-31T09:31:37Z" changeset="124294228" uid="3816962" user="bking22">
    <tag k="highway" v="crossing"/>
  </node>
  <node id="9922059356" lat="35.9542165" lon="-86.5374873" version="1" timestamp="2022-07-31T09:31:37Z" changeset="124294228" uid="3816962" user="bking22">
    <tag k="highway" v="crossing"/>
  </node>
  <node id="9922059357" lat="35.9542645" lon="-86.5377758" version="1" timestamp="2022-07-31T09:31:37Z" changeset="124294228" uid="3816962" user="bking22">
    <tag k="highway" v="crossing"/>
  </node>
  <node id="9922059358" lat="35.9537983" lon="-86.5383977" version="1" timestamp="2022-07-31T09:31:37Z" changeset="124294228" uid="3816962" user="bking22">
    <tag k="highway" v="crossing"/>
  </node>
  <node id="9922059359" lat="35.9545136" lon="-86.5340785" version="1" timestamp="2022-07-31T09:31:37Z" changeset="124294228" uid="3816962" user="bking22"/>
  <node id="9922059360" lat="35.9545690" lon="-86.5339295" version="1" timestamp="2022-07-31T09:31:37Z" changeset="124294228" uid="3816962" user="bking22"/>
  <node id="9922059361" lat="35.9545429" lon="-86.5340950" version="1" timestamp="2022-07-31T09:31:37Z" changeset="124294228" uid="3816962" user="bking22"/>
  <node id="9922059362" lat="35.9544909" lon="-86.5342254" version="1" timestamp="2022-07-31T09:31:37Z" changeset="124294228" uid="3816962" user="bking22"/>
  <node id="9922059363" lat="35.9546755" lon="-86.5341694" version="1" timestamp="2022-07-31T09:31:37Z" changeset="124294228" uid="3816962" user="bking22"/>
  <node id="9922059364" lat="35.9546306" lon="-86.5342867" version="1" timestamp="2022-07-31T09:31:37Z" changeset="124294228" uid="3816962" user="bking22"/>
  <node id="9922059365" lat="35.9547787" lon="-86.5342273" version="1" timestamp="2022-07-31T09:31:37Z" changeset="124294228" uid="3816962" user="bking22"/>
  <node id="9922059366" lat="35.9547286" lon="-86.5343674" version="1" timestamp="2022-07-31T09:31:37Z" changeset="124294228" uid="3816962" user="bking22"/>
  <node id="9922059367" lat="35.9549293" lon="-86.5343118" version="1" timestamp="2022-07-31T09:31:37Z" changeset="124294228" uid="3816962" user="bking22"/>
  <node id="9922059368" lat="35.9548631" lon="-86.5344513" version="1" timestamp="2022-07-31T09:31:37Z" changeset="124294228" uid="3816962" user="bking22"/>
  <node id="9922059369" lat="35.9551016" lon="-86.5344346" version="1" timestamp="2022-07-31T09:31:37Z" changeset="124294228" uid="3816962" user="bking22"/>
  <node id="9922059370" lat="35.9550329" lon="-86.5345642" version="1" timestamp="2022-07-31T09:31:37Z" changeset="124294228" uid="3816962" user="bking22"/>
  <node id="9922059371" lat="35.9551987" lon="-86.5345142" version="1" timestamp="2022-07-31T09:31:37Z" changeset="124294228" uid="3816962" user="bking22"/>
  <node id="9922059372" lat="35.9551413" lon="-86.5346336" version="1" timestamp="2022-07-31T09:31:37Z" changeset="124294228" uid="3816962" user="bking22"/>
  <node id="9922059373" lat="35.9553795" lon="-86.5346624" version="1" timestamp="2022-07-31T09:31:37Z" changeset="124294228" uid="3816962" user="bking22"/>
  <node id="9922059374" lat="35.9553215" lon="-86.5347675" version="1" timestamp="2022-07-31T09:31:37Z" changeset="124294228" uid="3816962" user="bking22"/>
  <node id="9922059375" lat="35.9555157" lon="-86.5347978" version="1" timestamp="2022-07-31T09:31:37Z" changeset="124294228" uid="3816962" user="bking22"/>
  <node id="9922059376" lat="35.9554417" lon="-86.5349111" version="1" timestamp="2022-07-31T09:31:37Z" changeset="124294228" uid="3816962" user="bking22"/>
  <node id="9922059377" lat="35.9556465" lon="-86.5349301" version="1" timestamp="2022-07-31T09:31:37Z" changeset="124294228" uid="3816962" user="bking22"/>
  <node id="9922059378" lat="35.9555684" lon="-86.5350434" version="1" timestamp="2022-07-31T09:31:37Z" changeset="124294228" uid="3816962" user="bking22"/>
  <node id="9922059379" lat="35.9558461" lon="-86.5351376" version="1" timestamp="2022-07-31T09:31:37Z" changeset="124294228" uid="3816962" user="bking22"/>
  <node id="9922059380" lat="35.9557734" lon="-86.5352419" version="1" timestamp="2022-07-31T09:31:37Z" changeset="124294228" uid="3816962" user="bking22"/>
  <node id="9922059381" lat="35.9556356" lon="-86.5356892" version="1" timestamp="2022-07-31T09:31:37Z" changeset="124294228" uid="3816962" user="bking22"/>
  <node id="9922059382" lat="35.9555984" lon="-86.5355307" version="1" timestamp="2022-07-31T09:31:37Z" changeset="124294228" uid="3816962" user="bking22"/>
  <node id="9922059383" lat="35.9553856" lon="-86.5357309" version="1" timestamp="2022-07-31T09:31:37Z" changeset="124294228" uid="3816962" user="bking22"/>
  <node id="9922059384" lat="35.9553777" lon="-86.5355791" version="1" timestamp="2022-07-31T09:31:37Z" changeset="124294228" uid="3816962" user="bking22"/>
  <node id="9922059385" lat="35.9552419" lon="-86.5357326" version="1" timestamp="2022-07-31T09:31:37Z" changeset="124294228" uid="3816962" user="bking22"/>
  <node id="9922059386" lat="35.9552314" lon="-86.5355871" version="1" timestamp="2022-07-31T09:31:37Z" changeset="124294228" uid="3816962" user="bking22"/>
  <node id="9922059387" lat="35.9550629" lon="-86.5357347" version="1" timestamp="2022-07-31T09:31:37Z" changeset="124294228" uid="3816962" user="bking22"/>
  <node id="9922059388" lat="35.9550655" lon="-86.5355920" version="1" timestamp="2022-07-31T09:31:37Z" changeset="124294228" uid="3816962" user="bking22"/>
  <node id="9922059389" lat="35.9546202" lon="-86.5356954" version="1" timestamp="2022-07-31T09:31:37Z" changeset="124294228" uid="3816962" user="bking22"/>
  <node id="9922059390" lat="35.9546293" lon="-86.5355371" version="1" timestamp="2022-07-31T09:31:37Z" changeset="124294228" uid="3816962" user="bking22"/>
  <node id="9922059391" lat="35.9544556" lon="-86.5357007" version="1" timestamp="2022-07-31T09:31:37Z" changeset="124294228" uid="3816962" user="bking22"/>
  <node id="9922059392" lat="35.9544478" lon="-86.5355355" version="1" timestamp="2022-07-31T09:31:37Z" changeset="124294228" uid="3816962" user="bking22"/>
  <node id="9922059393" lat="35.9543721" lon="-86.5357054" version="1" timestamp="2022-07-31T09:31:37Z" changeset="124294228" uid="3816962" user="bking22"/>
  <node id="9922059394" lat="35.9543577" lon="-86.5355258" version="1" timestamp="2022-07-31T09:31:37Z" changeset="124294228" uid="3816962" user="bking22"/>
  <node id="9922059395" lat="35.9543668" lon="-86.5356390" version="1" timestamp="2022-07-31T09:31:37Z" changeset="124294228" uid="3816962" user="bking22">
    <tag k="highway" v="crossing"/>
  </node>
  <node id="9922059396" lat="35.9544524" lon="-86.5356324" version="1" timestamp="2022-07-31T09:31:37Z" changeset="124294228" uid="3816962" user="bking22">
    <tag k="highway" v="crossing"/>
  </node>
  <node id="9922059397" lat="35.9546239" lon="-86.5356313" version="1" timestamp="2022-07-31T09:31:37Z" changeset="124294228" uid="3816962" user="bking22">
    <tag k="highway" v="crossing"/>
  </node>
  <node id="9922059398" lat="35.9545271" lon="-86.5341346" version="1" timestamp="2022-07-31T09:31:37Z" changeset="124294228" uid="3816962" user="bking22">
    <tag k="highway" v="crossing"/>
  </node>
  <node id="9922059399" lat="35.9546591" lon="-86.5342123" version="1" timestamp="2022-07-31T09:31:37Z" changeset="124294228" uid="3816962" user="bking22">
    <tag k="highway" v="crossing"/>
  </node>
  <node id="9922059400" lat="35.9547619" lon="-86.5342742" version="1" timestamp="2022-07-31T09:31:37Z" changeset="124294228" uid="3816962" user="bking22">
    <tag k="highway" v="crossing"/>
  </node>
  <node id="9922059401" lat="35.9549047" lon="-86.5343636" version="1" timestamp="2022-07-31T09:31:37Z" changeset="124294228" uid="3816962" user="bking22">
    <tag k="highway" v="crossing"/>
  </node>
  <node id="9922059402" lat="35.9550749" lon="-86.5344849" version="1" timestamp="2022-07-31T09:31:37Z" changeset="124294228" uid="3816962" user="bking22">
    <tag k="highway" v="crossing"/>
  </node>
  <node id="9922059403" lat="35.9551774" lon="-86.5345586" version="1" timestamp="2022-07-31T09:31:37Z" changeset="124294228" uid="3816962" user="bking22">
    <tag k="highway" v="crossing"/>
  </node>
  <node id="9922059404" lat="35.9553583" lon="-86.5347008" version="1" timestamp="2022-07-31T09:31:37Z" changeset="124294228" uid="3816962" user="bking22">
    <tag k="highway" v="crossing"/>
  </node>
  <node id="9922059405" lat="35.9556279" lon="-86.5349571" version="1" timestamp="2022-07-31T09:31:37Z" changeset="124294228" uid="3816962" user="bking22">
    <tag k="highway" v="crossing"/>
  </node>
  <node id="9922059406" lat="35.9558230" lon="-86.5351707" version="1" timestamp="2022-07-31T09:31:37Z" changeset="124294228" uid="3816962" user="bking22">
    <tag k="highway" v="crossing"/>
  </node>
  <node id="9922059407" lat="35.9550640" lon="-86.5356771" version="1" timestamp="2022-07-31T09:31:37Z" changeset="124294228" uid="3816962" user="bking22">
    <tag k="highway" v="crossing"/>
  </node>
  <node id="9922059408" lat="35.9552376" lon="-86.5356739" version="1" timestamp="2022-07-31T09:31:37Z" changeset="124294228" uid="3816962" user="bking22">
    <tag k="highway" v="crossing"/>
  </node>
  <node id="9922059409" lat="35.9553821" lon="-86.5356632" version="1" timestamp="2022-07-31T09:31:37Z" changeset="124294228" uid="3816962" user="bking22">
    <tag k="highway" v="crossing"/>
  </node>
  <node id="9922059410" lat="35.9583940" lon="-86.5333191" version="1" timestamp="2022-07-31T09:31:37Z" changeset="124294228" uid="3816962" user="bking22"/>
  <node id="9922059412" lat="35.9582980" lon="-86.5331299" version="1" timestamp="2022-07-31T09:31:37Z" changeset="124294228" uid="3816962" user="bking22"/>
  <node id="9922059414" lat="35.9581630" lon="-86.5326977" version="1" timestamp="2022-07-31T09:31:37Z" changeset="124294228" uid="3816962" user="bking22"/>
  <node id="9922059417" lat="35.9581656" lon="-86.5322242" version="1" timestamp="2022-07-31T09:31:37Z" changeset="124294228" uid="3816962" user="bking22"/>
  <node id="9922059419" lat="35.9582515" lon="-86.5317480" version="1" timestamp="2022-07-31T09:31:37Z" changeset="124294228" uid="3816962" user="bking22"/>
  <node id="9922059421" lat="35.9587672" lon="-86.5338691" version="1" timestamp="2022-07-31T09:31:37Z" changeset="124294228" uid="3816962" user="bking22"/>
  <node id="9922059423" lat="35.9587303" lon="-86.5339068" version="1" timestamp="2022-07-31T09:31:37Z" changeset="124294228" uid="3816962" user="bking22"/>
  <node id="9922059424" lat="35.9586310" lon="-86.5337666" version="1" timestamp="2022-07-31T09:31:37Z" changeset="124294228" uid="3816962" user="bking22"/>
  <node id="9922059425" lat="35.9586100" lon="-86.5337416" version="1" timestamp="2022-07-31T09:31:37Z" changeset="124294228" uid="3816962" user="bking22"/>
  <node id="9922059426" lat="35.9585815" lon="-86.5337203" version="1" timestamp="2022-07-31T09:31:37Z" changeset="124294228" uid="3816962" user="bking22"/>
  <node id="9922059427" lat="35.9585665" lon="-86.5337185" version="1" timestamp="2022-07-31T09:31:37Z" changeset="124294228" uid="3816962" user="bking22"/>
  <node id="9922059428" lat="35.9585625" lon="-86.5336982" version="1" timestamp="2022-07-31T09:31:37Z" changeset="124294228" uid="3816962" user="bking22"/>
  <node id="9922059429" lat="35.9584975" lon="-86.5336008" version="1" timestamp="2022-07-31T09:31:37Z" changeset="124294228" uid="3816962" user="bking22"/>
  <node id="9922059430" lat="35.9584854" lon="-86.5335971" version="1" timestamp="2022-07-31T09:31:37Z" changeset="124294228" uid="3816962" user="bking22"/>
  <node id="9922059431" lat="35.9584889" lon="-86.5335737" version="1" timestamp="2022-07-31T09:31:37Z" changeset="124294228" uid="3816962" user="bking22"/>
  <node id="9922059432" lat="35.9584871" lon="-86.5335577" version="1" timestamp="2022-07-31T09:31:37Z" changeset="124294228" uid="3816962" user="bking22"/>
  <node id="9922059433" lat="35.9584617" lon="-86.5335156" version="1" timestamp="2022-07-31T09:31:37Z" changeset="124294228" uid="3816962" user="bking22"/>
  <node id="9922059434" lat="35.9583447" lon="-86.5333115" version="1" timestamp="2022-07-31T09:31:37Z" changeset="124294228" uid="3816962" user="bking22"/>
  <node id="9922059435" lat="35.9582630" lon="-86.5331596" version="1" timestamp="2022-07-31T09:31:37Z" changeset="124294228" uid="3816962" user="bking22"/>
  <node id="9922059436" lat="35.9582052" lon="-86.5330280" version="1" timestamp="2022-07-31T09:31:37Z" changeset="124294228" uid="3816962" user="bking22"/>
  <node id="9922059437" lat="35.9581623" lon="-86.5329094" version="1" timestamp="2022-07-31T09:31:37Z" changeset="124294228" uid="3816962" user="bking22">
    <tag k="highway" v="crossing"/>
  </node>
  <node id="9922059438" lat="35.9581452" lon="-86.5328371" version="1" timestamp="2022-07-31T09:31:37Z" changeset="124294228" uid="3816962" user="bking22"/>
  <node id="9922059439" lat="35.9580874" lon="-86.5327926" version="1" timestamp="2022-07-31T09:31:37Z" changeset="124294228" uid="3816962" user="bking22"/>
  <node id="9922059440" lat="35.9580559" lon="-86.5327908" version="1" timestamp="2022-07-31T09:31:37Z" changeset="124294228" uid="3816962" user="bking22"/>
  <node id="9922059441" lat="35.9585195" lon="-86.5336338" version="1" timestamp="2022-07-31T09:31:37Z" changeset="124294228" uid="3816962" user="bking22">
    <tag k="highway" v="crossing"/>
  </node>
  <node id="9922059442" lat="35.9582120" lon="-86.5328884" version="1" timestamp="2022-07-31T09:31:37Z" changeset="124294228" uid="3816962" user="bking22"/>
  <node id="9922059443" lat="35.9580379" lon="-86.5329622" version="1" timestamp="2022-07-31T09:31:37Z" changeset="124294228" uid="3816962" user="bking22"/>
  <node id="9922059444" lat="35.9583357" lon="-86.5332128" version="1" timestamp="2022-07-31T09:31:37Z" changeset="124294228" uid="3816962" user="bking22"/>
  <node id="9922059446" lat="35.9583049" lon="-86.5332375" version="1" timestamp="2022-07-31T09:31:37Z" changeset="124294228" uid="3816962" user="bking22">
    <tag k="highway" v="crossing"/>
  </node>
  <node id="9922059447" lat="35.9580597" lon="-86.5326675" version="1" timestamp="2022-07-31T09:31:37Z" changeset="124294228" uid="3816962" user="bking22"/>
  <node id="9922059448" lat="35.9580799" lon="-86.5326527" version="1" timestamp="2022-07-31T09:31:37Z" changeset="124294228" uid="3816962" user="bking22"/>
  <node id="9922059449" lat="35.9581032" lon="-86.5326147" version="1" timestamp="2022-07-31T09:31:37Z" changeset="124294228" uid="3816962" user="bking22"/>
  <node id="9922059450" lat="35.9581092" lon="-86.5325813" version="1" timestamp="2022-07-31T09:31:37Z" changeset="124294228" uid="3816962" user="bking22"/>
  <node id="9922059451" lat="35.9581047" lon="-86.5324711" version="1" timestamp="2022-07-31T09:31:37Z" changeset="124294228" uid="3816962" user="bking22"/>
  <node id="9922059452" lat="35.9581084" lon="-86.5323311" version="1" timestamp="2022-07-31T09:31:37Z" changeset="124294228" uid="3816962" user="bking22"/>
  <node id="9922059453" lat="35.9581219" lon="-86.5322051" version="1" timestamp="2022-07-31T09:31:37Z" changeset="124294228" uid="3816962" user="bking22"/>
  <node id="9922059454" lat="35.9581392" lon="-86.5320939" version="1" timestamp="2022-07-31T09:31:37Z" changeset="124294228" uid="3816962" user="bking22"/>
  <node id="9922059455" lat="35.9581571" lon="-86.5323534" version="1" timestamp="2022-07-31T09:31:37Z" changeset="124294228" uid="3816962" user="bking22"/>
  <node id="9922059456" lat="35.9579644" lon="-86.5323330" version="1" timestamp="2022-07-31T09:31:37Z" changeset="124294228" uid="3816962" user="bking22"/>
  <node id="9922059457" lat="35.9581080" lon="-86.5323482" version="1" timestamp="2022-07-31T09:31:37Z" changeset="124294228" uid="3816962" user="bking22">
    <tag k="highway" v="crossing"/>
  </node>
  <node id="9922059458" lat="35.9582641" lon="-86.5313501" version="1" timestamp="2022-07-31T09:31:37Z" changeset="124294228" uid="3816962" user="bking22"/>
  <node id="9922059460" lat="35.9582372" lon="-86.5311153" version="1" timestamp="2022-07-31T09:31:37Z" changeset="124294228" uid="3816962" user="bking22"/>
  <node id="9922059462" lat="35.9581713" lon="-86.5308011" version="1" timestamp="2022-07-31T09:31:37Z" changeset="124294228" uid="3816962" user="bking22"/>
  <node id="9922059465" lat="35.9581224" lon="-86.5305681" version="1" timestamp="2022-07-31T09:31:37Z" changeset="124294228" uid="3816962" user="bking22"/>
  <node id="9922059467" lat="35.9579963" lon="-86.5297871" version="1" timestamp="2022-07-31T09:31:37Z" changeset="124294228" uid="3816962" user="bking22"/>
  <node id="9922059468" lat="35.9581759" lon="-86.5297569" version="1" timestamp="2022-07-31T09:31:37Z" changeset="124294228" uid="3816962" user="bking22"/>
  <node id="9922059469" lat="35.9579800" lon="-86.5296483" version="1" timestamp="2022-07-31T09:31:37Z" changeset="124294228" uid="3816962" user="bking22"/>
  <node id="9922059470" lat="35.9581527" lon="-86.5296272" version="1" timestamp="2022-07-31T09:31:37Z" changeset="124294228" uid="3816962" user="bking22"/>
  <node id="9922059471" lat="35.9579623" lon="-86.5292695" version="1" timestamp="2022-07-31T09:31:37Z" changeset="124294228" uid="3816962" user="bking22"/>
  <node id="9922059472" lat="35.9581354" lon="-86.5292686" version="1" timestamp="2022-07-31T09:31:37Z" changeset="124294228" uid="3816962" user="bking22"/>
  <node id="9922059473" lat="35.9580154" lon="-86.5280489" version="1" timestamp="2022-07-31T09:31:37Z" changeset="124294228" uid="3816962" user="bking22"/>
  <node id="9922059474" lat="35.9582014" lon="-86.5280630" version="1" timestamp="2022-07-31T09:31:37Z" changeset="124294228" uid="3816962" user="bking22"/>
  <node id="9922059475" lat="35.9580281" lon="-86.5276358" version="1" timestamp="2022-07-31T09:31:37Z" changeset="124294228" uid="3816962" user="bking22"/>
  <node id="9922059476" lat="35.9582217" lon="-86.5276321" version="1" timestamp="2022-07-31T09:31:37Z" changeset="124294228" uid="3816962" user="bking22"/>
  <node id="9922059477" lat="35.9579499" lon="-86.5267495" version="1" timestamp="2022-07-31T09:31:37Z" changeset="124294228" uid="3816962" user="bking22"/>
  <node id="9922059478" lat="35.9581122" lon="-86.5267046" version="1" timestamp="2022-07-31T09:31:37Z" changeset="124294228" uid="3816962" user="bking22"/>
  <node id="9922059479" lat="35.9579048" lon="-86.5264923" version="1" timestamp="2022-07-31T09:31:37Z" changeset="124294228" uid="3816962" user="bking22"/>
  <node id="9922059480" lat="35.9580829" lon="-86.5264451" version="1" timestamp="2022-07-31T09:31:37Z" changeset="124294228" uid="3816962" user="bking22"/>
  <node id="9922059481" lat="35.9578592" lon="-86.5262321" version="1" timestamp="2022-07-31T09:31:37Z" changeset="124294228" uid="3816962" user="bking22"/>
  <node id="9922059482" lat="35.9580657" lon="-86.5261727" version="1" timestamp="2022-07-31T09:31:37Z" changeset="124294228" uid="3816962" user="bking22"/>
  <node id="9922059484" lat="35.9578279" lon="-86.5257863" version="1" timestamp="2022-07-31T09:31:37Z" changeset="124294228" uid="3816962" user="bking22">
    <tag k="highway" v="crossing"/>
  </node>
  <node id="9922059485" lat="35.9579064" lon="-86.5262185" version="1" timestamp="2022-07-31T09:31:37Z" changeset="124294228" uid="3816962" user="bking22">
    <tag k="highway" v="crossing"/>
  </node>
  <node id="9922059486" lat="35.9579511" lon="-86.5264800" version="1" timestamp="2022-07-31T09:31:37Z" changeset="124294228" uid="3816962" user="bking22">
    <tag k="highway" v="crossing"/>
  </node>
  <node id="9922059487" lat="35.9579937" lon="-86.5267374" version="1" timestamp="2022-07-31T09:31:37Z" changeset="124294228" uid="3816962" user="bking22">
    <tag k="highway" v="crossing"/>
  </node>
  <node id="9922059488" lat="35.9580760" lon="-86.5276349" version="1" timestamp="2022-07-31T09:31:37Z" changeset="124294228" uid="3816962" user="bking22">
    <tag k="highway" v="crossing"/>
  </node>
  <node id="9922059489" lat="35.9580670" lon="-86.5280528" version="1" timestamp="2022-07-31T09:31:37Z" changeset="124294228" uid="3816962" user="bking22">
    <tag k="highway" v="crossing"/>
  </node>
  <node id="9922059490" lat="35.9580343" lon="-86.5296416" version="1" timestamp="2022-07-31T09:31:37Z" changeset="124294228" uid="3816962" user="bking22">
    <tag k="highway" v="crossing"/>
  </node>
  <node id="9922059491" lat="35.9580444" lon="-86.5297790" version="1" timestamp="2022-07-31T09:31:37Z" changeset="124294228" uid="3816962" user="bking22">
    <tag k="highway" v="crossing"/>
  </node>
  <node id="9922059492" lat="35.9581700" lon="-86.5305540" version="1" timestamp="2022-07-31T09:31:37Z" changeset="124294228" uid="3816962" user="bking22">
    <tag k="highway" v="crossing"/>
  </node>
  <node id="9922059493" lat="35.9582224" lon="-86.5307961" version="1" timestamp="2022-07-31T09:31:37Z" changeset="124294228" uid="3816962" user="bking22">
    <tag k="highway" v="crossing"/>
  </node>
  <node id="9922059494" lat="35.9583188" lon="-86.5313376" version="1" timestamp="2022-07-31T09:31:37Z" changeset="124294228" uid="3816962" user="bking22">
    <tag k="highway" v="crossing"/>
  </node>
  <node id="9922059495" lat="35.9582989" lon="-86.5317535" version="1" timestamp="2022-07-31T09:31:37Z" changeset="124294228" uid="3816962" user="bking22">
    <tag k="highway" v="crossing"/>
  </node>
  <node id="9922059496" lat="35.9582132" lon="-86.5322388" version="1" timestamp="2022-07-31T09:31:37Z" changeset="124294228" uid="3816962" user="bking22">
    <tag k="highway" v="crossing"/>
  </node>
  <node id="9922059497" lat="35.9582048" lon="-86.5325391" version="1" timestamp="2022-07-31T09:31:37Z" changeset="124294228" uid="3816962" user="bking22">
    <tag k="highway" v="crossing"/>
  </node>
  <node id="9922059498" lat="35.9582152" lon="-86.5326836" version="1" timestamp="2022-07-31T09:31:37Z" changeset="124294228" uid="3816962" user="bking22">
    <tag k="highway" v="crossing"/>
  </node>
  <node id="9922059499" lat="35.9584416" lon="-86.5332761" version="1" timestamp="2022-07-31T09:31:37Z" changeset="124294228" uid="3816962" user="bking22">
    <tag k="highway" v="crossing"/>
  </node>
  <node id="10177406525" lat="35.9505810" lon="-86.5360880" version="1" timestamp="2022-11-11T23:51:53Z" changeset="128796863" uid="12497850" user="unikingr"/>
  <node id="10177406526" lat="35.9506240" lon="-86.5360021" version="1" timestamp="2022-11-11T23:51:53Z" changeset="128796863" uid="12497850" user="unikingr"/>
  <node id="10177406527" lat="35.9506803" lon="-86.5355032" version="1" timestamp="2022-11-11T23:51:53Z" changeset="128796863" uid="12497850" user="unikingr"/>
  <node id="10177406528" lat="35.9507962" lon="-86.5344441" version="1" timestamp="2022-11-11T23:51:53Z" changeset="128796863" uid="12497850" user="unikingr"/>
  <node id="10177406529" lat="35.9508061" lon="-86.5341946" version="1" timestamp="2022-11-11T23:51:53Z" changeset="128796863" uid="12497850" user="unikingr"/>
  <node id="10177406530" lat="35.9507813" lon="-86.5341680" version="1" timestamp="2022-11-11T23:51:53Z" changeset="128796863" uid="12497850" user="unikingr"/>
  <node id="10177406531" lat="35.9507151" lon="-86.5341455" version="1" timestamp="2022-11-11T23:51:53Z" changeset="128796863" uid="12497850" user="unikingr"/>
  <node id="10177406532" lat="35.9505909" lon="-86.5341701" version="1" timestamp="2022-11-11T23:51:53Z" changeset="128796863" uid="12497850" user="unikingr"/>
  <node id="10177406533" lat="35.9500646" lon="-86.5342764" version="1" timestamp="2022-11-11T23:51:53Z" changeset="128796863" uid="12497850" user="unikingr"/>
  <node id="10177406534" lat="35.9498957" lon="-86.5343152" version="1" timestamp="2022-11-11T23:51:53Z" changeset="128796863" uid="12497850" user="unikingr"/>
  <node id="10177406535" lat="35.9498229" lon="-86.5343623" version="1" timestamp="2022-11-11T23:51:53Z" changeset="128796863" uid="12497850" user="unikingr"/>
  <node id="10177406536" lat="35.9497964" lon="-86.5344318" version="1" timestamp="2022-11-11T23:51:53Z" changeset="128796863" uid="12497850" user="unikingr"/>
  <node id="10177406537" lat="35.9498014" lon="-86.5345238" version="1" timestamp="2022-11-11T23:51:53Z" changeset="128796863" uid="12497850" user="unikingr"/>
  <node id="10177406538" lat="35.9498494" lon="-86.5346015" version="1" timestamp="2022-11-11T23:51:53Z" changeset="128796863" uid="12497850" user="unikingr"/>
  <node id="10177406539" lat="35.9498908" lon="-86.5347181" version="1" timestamp="2022-11-11T23:51:53Z" changeset="128796863" uid="12497850" user="unikingr"/>
  <node id="10177406540" lat="35.9498659" lon="-86.5348591" version="1" timestamp="2022-11-11T23:51:53Z" changeset="128796863" uid="12497850" user="unikingr"/>
  <node id="10177406541" lat="35.9498113" lon="-86.5349389" version="1" timestamp="2022-11-11T23:51:53Z" changeset="128796863" uid="12497850" user="unikingr"/>
  <node id="10177406542" lat="35.9497401" lon="-86.5350002" version="1" timestamp="2022-11-11T23:51:53Z" changeset="128796863" uid="12497850" user="unikingr"/>
  <node id="10177406543" lat="35.9496673" lon="-86.5349143" version="1" timestamp="2022-11-11T23:51:53Z" changeset="128796863" uid="12497850" user="unikingr"/>
  <node id="10177406544" lat="35.9495663" lon="-86.5348346" version="1" timestamp="2022-11-11T23:51:53Z" changeset="128796863" uid="12497850" user="unikingr"/>
  <node id="10177406545" lat="35.9495117" lon="-86.5346035" version="1" timestamp="2022-11-11T23:51:53Z" changeset="128796863" uid="12497850" user="unikingr"/>
  <node id="10177406546" lat="35.9494323" lon="-86.5343193" version="1" timestamp="2022-11-11T23:51:53Z" changeset="128796863" uid="12497850" user="unikingr"/>
  <node id="10177406547" lat="35.9493909" lon="-86.5339758" version="1" timestamp="2022-11-11T23:51:53Z" changeset="128796863" uid="12497850" user="unikingr"/>
  <node id="10177406548" lat="35.9493280" lon="-86.5332254" version="1" timestamp="2022-11-11T23:51:53Z" changeset="128796863" uid="12497850" user="unikingr"/>
  <node id="10177406549" lat="35.9492287" lon="-86.5322481" version="1" timestamp="2022-11-11T23:51:53Z" changeset="128796863" uid="12497850" user="unikingr"/>
  <node id="10177406550" lat="35.9491906" lon="-86.5318064" version="1" timestamp="2022-11-11T23:51:53Z" changeset="128796863" uid="12497850" user="unikingr"/>
  <node id="10177406551" lat="35.9491674" lon="-86.5317185" version="1" timestamp="2022-11-11T23:51:53Z" changeset="128796863" uid="12497850" user="unikingr"/>
  <node id="10177406552" lat="35.9491095" lon="-86.5316571" version="1" timestamp="2022-11-11T23:51:53Z" changeset="128796863" uid="12497850" user="unikingr"/>
  <node id="10177406553" lat="35.9489936" lon="-86.5316653" version="1" timestamp="2022-11-11T23:51:53Z" changeset="128796863" uid="12497850" user="unikingr"/>
  <node id="10177406554" lat="35.9489291" lon="-86.5316735" version="1" timestamp="2022-11-11T23:51:53Z" changeset="128796863" uid="12497850" user="unikingr"/>
  <node id="10177406555" lat="35.9487966" lon="-86.5316265" version="1" timestamp="2022-11-11T23:51:53Z" changeset="128796863" uid="12497850" user="unikingr"/>
  <node id="10177406556" lat="35.9485798" lon="-86.5315795" version="1" timestamp="2022-11-11T23:51:53Z" changeset="128796863" uid="12497850" user="unikingr"/>
  <node id="10177406557" lat="35.9483183" lon="-86.5315570" version="1" timestamp="2022-11-11T23:51:53Z" changeset="128796863" uid="12497850" user="unikingr"/>
  <node id="10177406558" lat="35.9482322" lon="-86.5315570" version="1" timestamp="2022-11-11T23:51:53Z" changeset="128796863" uid="12497850" user="unikingr"/>
  <node id="10177406559" lat="35.9481676" lon="-86.5316040" version="1" timestamp="2022-11-11T23:51:53Z" changeset="128796863" uid="12497850" user="unikingr"/>
  <node id="10177406560" lat="35.9480617" lon="-86.5316183" version="1" timestamp="2022-11-11T23:51:53Z" changeset="128796863" uid="12497850" user="unikingr"/>
  <node id="10177406561" lat="35.9479822" lon="-86.5317021" version="1" timestamp="2022-11-11T23:51:53Z" changeset="128796863" uid="12497850" user="unikingr"/>
  <node id="10177406562" lat="35.9479673" lon="-86.5316285" version="1" timestamp="2022-11-11T23:51:53Z" changeset="128796863" uid="12497850" user="unikingr"/>
  <node id="10177406563" lat="35.9479342" lon="-86.5315672" version="1" timestamp="2022-11-11T23:51:53Z" changeset="128796863" uid="12497850" user="unikingr"/>
  <node id="10177406564" lat="35.9478101" lon="-86.5315345" version="1" timestamp="2022-11-11T23:51:53Z" changeset="128796863" uid="12497850" user="unikingr"/>
  <node id="10177406565" lat="35.9473847" lon="-86.5314956" version="1" timestamp="2022-11-11T23:51:53Z" changeset="128796863" uid="12497850" user="unikingr"/>
  <node id="10177406566" lat="35.9469626" lon="-86.5314649" version="1" timestamp="2022-11-11T23:51:53Z" changeset="128796863" uid="12497850" user="unikingr"/>
  <node id="10177406567" lat="35.9467871" lon="-86.5314629" version="1" timestamp="2022-11-11T23:51:53Z" changeset="128796863" uid="12497850" user="unikingr"/>
  <node id="10177406568" lat="35.9467573" lon="-86.5315345" version="1" timestamp="2022-11-11T23:51:53Z" changeset="128796863" uid="12497850" user="unikingr"/>
  <node id="10177406569" lat="35.9466133" lon="-86.5314609" version="1" timestamp="2022-11-11T23:51:53Z" changeset="128796863" uid="12497850" user="unikingr"/>
  <node id="10177406570" lat="35.9465355" lon="-86.5314711" version="1" timestamp="2022-11-11T23:51:53Z" changeset="128796863" uid="12497850" user="unikingr"/>
  <node id="10177406571" lat="35.9462955" lon="-86.5314179" version="1" timestamp="2022-11-11T23:51:53Z" changeset="128796863" uid="12497850" user="unikingr"/>
  <node id="10177406572" lat="35.9455605" lon="-86.5313382" version="1" timestamp="2022-11-11T23:51:53Z" changeset="128796863" uid="12497850" user="unikingr"/>
  <node id="10177406573" lat="35.9454695" lon="-86.5313668" version="1" timestamp="2022-11-11T23:51:53Z" changeset="128796863" uid="12497850" user="unikingr"/>
  <node id="10177406574" lat="35.9454132" lon="-86.5314711" version="1" timestamp="2022-11-11T23:51:53Z" changeset="128796863" uid="12497850" user="unikingr"/>
  <node id="10177406575" lat="35.9453520" lon="-86.5317737" version="1" timestamp="2022-11-11T23:51:53Z" changeset="128796863" uid="12497850" user="unikingr"/>
  <node id="10177406576" lat="35.9453371" lon="-86.5323483" version="1" timestamp="2022-11-11T23:51:53Z" changeset="128796863" uid="12497850" user="unikingr"/>
  <node id="10177406577" lat="35.9453867" lon="-86.5329658" version="1" timestamp="2022-11-11T23:51:53Z" changeset="128796863" uid="12497850" user="unikingr"/>
  <node id="10177406578" lat="35.9454380" lon="-86.5336507" version="1" timestamp="2022-11-11T23:51:53Z" changeset="128796863" uid="12497850" user="unikingr"/>
  <node id="10177406579" lat="35.9455274" lon="-86.5338368" version="1" timestamp="2022-11-11T23:51:53Z" changeset="128796863" uid="12497850" user="unikingr"/>
  <node id="10177406580" lat="35.9456830" lon="-86.5340269" version="1" timestamp="2022-11-11T23:51:53Z" changeset="128796863" uid="12497850" user="unikingr"/>
  <node id="10177406581" lat="35.9458403" lon="-86.5342968" version="1" timestamp="2022-11-11T23:51:53Z" changeset="128796863" uid="12497850" user="unikingr"/>
  <node id="10177406582" lat="35.9458303" lon="-86.5343807" version="1" timestamp="2022-11-11T23:51:53Z" changeset="128796863" uid="12497850" user="unikingr"/>
  <node id="10177406583" lat="35.9457608" lon="-86.5343868" version="1" timestamp="2022-11-11T23:51:53Z" changeset="128796863" uid="12497850" user="unikingr"/>
  <node id="10177406584" lat="35.9456996" lon="-86.5343745" version="1" timestamp="2022-11-11T23:51:53Z" changeset="128796863" uid="12497850" user="unikingr"/>
  <node id="10177406585" lat="35.9455076" lon="-86.5341251" version="1" timestamp="2022-11-11T23:51:53Z" changeset="128796863" uid="12497850" user="unikingr"/>
  <node id="10177406586" lat="35.9455142" lon="-86.5342641" version="1" timestamp="2022-11-11T23:51:53Z" changeset="128796863" uid="12497850" user="unikingr"/>
  <node id="10177406587" lat="35.9455671" lon="-86.5348448" version="1" timestamp="2022-11-11T23:51:53Z" changeset="128796863" uid="12497850" user="unikingr"/>
  <node id="10177406588" lat="35.9458072" lon="-86.5349961" version="1" timestamp="2022-11-11T23:51:53Z" changeset="128796863" uid="12497850" user="unikingr"/>
  <node id="10177406589" lat="35.9462905" lon="-86.5352844" version="1" timestamp="2022-11-11T23:51:53Z" changeset="128796863" uid="12497850" user="unikingr"/>
  <node id="10177406590" lat="35.9463451" lon="-86.5351638" version="1" timestamp="2022-11-11T23:51:53Z" changeset="128796863" uid="12497850" user="unikingr"/>
  <node id="10177406591" lat="35.9464130" lon="-86.5351249" version="1" timestamp="2022-11-11T23:51:53Z" changeset="128796863" uid="12497850" user="unikingr"/>
  <node id="10177406592" lat="35.9464759" lon="-86.5351740" version="1" timestamp="2022-11-11T23:51:53Z" changeset="128796863" uid="12497850" user="unikingr"/>
  <node id="10177406593" lat="35.9465322" lon="-86.5352599" version="1" timestamp="2022-11-11T23:51:53Z" changeset="128796863" uid="12497850" user="unikingr"/>
  <node id="10177406594" lat="35.9465206" lon="-86.5354030" version="1" timestamp="2022-11-11T23:51:53Z" changeset="128796863" uid="12497850" user="unikingr"/>
  <node id="10177406595" lat="35.9474923" lon="-86.5359714" version="1" timestamp="2022-11-11T23:51:53Z" changeset="128796863" uid="12497850" user="unikingr"/>
  <node id="10177406596" lat="35.9476760" lon="-86.5361882" version="1" timestamp="2022-11-11T23:51:53Z" changeset="128796863" uid="12497850" user="unikingr"/>
  <node id="10177406597" lat="35.9478515" lon="-86.5363927" version="1" timestamp="2022-11-11T23:51:53Z" changeset="128796863" uid="12497850" user="unikingr"/>
  <node id="10177406598" lat="35.9481246" lon="-86.5363681" version="1" timestamp="2022-11-11T23:51:53Z" changeset="128796863" uid="12497850" user="unikingr"/>
  <node id="10177406599" lat="35.9490987" lon="-86.5359441" version="1" timestamp="2022-11-11T23:51:53Z" changeset="128796863" uid="12497850" user="unikingr"/>
  <node id="10177406600" lat="35.9492893" lon="-86.5355019" version="1" timestamp="2022-11-11T23:51:53Z" changeset="128796863" uid="12497850" user="unikingr"/>
  <node id="10177406601" lat="35.9493949" lon="-86.5354828" version="1" timestamp="2022-11-11T23:51:53Z" changeset="128796863" uid="12497850" user="unikingr"/>
  <node id="10177406602" lat="35.9495030" lon="-86.5356960" version="1" timestamp="2022-11-11T23:51:53Z" changeset="128796863" uid="12497850" user="unikingr"/>
  <node id="10177406603" lat="35.9496498" lon="-86.5358487" version="1" timestamp="2022-11-11T23:51:53Z" changeset="128796863" uid="12497850" user="unikingr"/>
  <node id="10177406604" lat="35.9499357" lon="-86.5360618" version="1" timestamp="2022-11-11T23:51:53Z" changeset="128796863" uid="12497850" user="unikingr"/>
  <node id="10177406605" lat="35.9502061" lon="-86.5361413" version="1" timestamp="2022-11-11T23:51:53Z" changeset="128796863" uid="12497850" user="unikingr"/>
  <node id="10177406606" lat="35.9504688" lon="-86.5361572" version="1" timestamp="2022-11-11T23:51:53Z" changeset="128796863" uid="12497850" user="unikingr"/>
  <node id="10215340728" lat="35.9563016" lon="-86.5211492" version="1" timestamp="2022-11-24T18:28:31Z" changeset="129339611" uid="12842151" user="DLance"/>
  <node id="10215340922" lat="35.9577767" lon="-86.5247725" version="1" timestamp="2022-11-24T18:28:31Z" changeset="129339611" uid="12842151" user="DLance"/>
  <node id="10215340927" lat="35.9577553" lon="-86.5243289" version="1" timestamp="2022-11-24T18:28:31Z" changeset="129339611" uid="12842151" user="DLance"/>
  <node id="10215340937" lat="35.9577406" lon="-86.5240023" version="1" timestamp="2022-11-24T18:28:31Z" changeset="129339611" uid="12842151" user="DLance"/>
  <node id="10215340958" lat="35.9577820" lon="-86.5248837" version="1" timestamp="2022-11-24T18:28:31Z" changeset="129339611" uid="12842151" user="DLance"/>
  <node id="10217216891" lat="35.9559540" lon="-86.5213736" version="1" timestamp="2022-11-25T14:08:50Z" changeset="129370897" uid="12842151" user="DLance"/>
  <node id="10217216898" lat="35.9557249" lon="-86.5215415" version="1" timestamp="2022-11-25T14:08:50Z" changeset="129370897" uid="12842151" user="DLance"/>
  <node id="10217217073" lat="35.9554772" lon="-86.5210785" version="1" timestamp="2022-11-25T14:08:50Z" changeset="129370897" uid="12842151" user="DLance"/>
  <node id="10309494920" lat="35.8683178" lon="-86.4418095" version="1" timestamp="2023-01-05T20:40:31Z" changeset="130923423" uid="6793986" user="underclockd">
    <tag k="power" v="tower"/>
  </node>
  <node id="10309494921" lat="35.8705977" lon="-86.4439811" version="1" timestamp="2023-01-05T20:40:31Z" changeset="130923423" uid="6793986" user="underclockd">
    <tag k="power" v="tower"/>
  </node>
  <node id="10309494922" lat="35.8853970" lon="-86.4580226" version="1" timestamp="2023-01-05T20:40:31Z" changeset="130923423" uid="6793986" user="underclockd">
    <tag k="power" v="tower"/>
  </node>
  <node id="11234175393" lat="35.9665634" lon="-86.5270844" version="1" timestamp="2023-10-02T16:40:21Z" changeset="142047968" uid="12785610" user="zluuzki">
    <tag k="power" v="tower"/>
  </node>
  <node id="11234175442" lat="35.9661547" lon="-86.5263827" version="1" timestamp="2023-10-02T16:40:21Z" changeset="142047968" uid="12785610" user="zluuzki">
    <tag k="power" v="portal"/>
  </node>
  <node id="11234175518" lat="35.9399866" lon="-86.5255727" version="1" timestamp="2023-10-02T16:40:21Z" changeset="142047968" uid="12785610" user="zluuzki">
    <tag k="power" v="tower"/>
  </node>
  <node id="11234175520" lat="35.8954864" lon="-86.4708837" version="1" timestamp="2023-10-02T16:40:21Z" changeset="142047968" uid="12785610" user="zluuzki">
    <tag k="line_management" v="branch"/>
  </node>
  <node id="11652248420" lat="35.9617373" lon="-86.5229120" version="1" timestamp="2024-02-22T08:36:01Z" changeset="147762406" uid="12195445" user="smikhnouski_lyft"/>
  <way id="19594999" version="4" timestamp="2021-03-10T04:25:23Z" changeset="100744979" uid="12497850" user="unikingr">
    <nd ref="203478650"/>
    <nd ref="203478656"/>
    <nd ref="203478659"/>
    <nd ref="203478661"/>
    <nd ref="203478662"/>
    <nd ref="203478666"/>
    <nd ref="2335509647"/>
    <nd ref="8502373270"/>
    <nd ref="203478669"/>
    <tag k="highway" v="residential"/>
    <tag k="name" v="D Ann Drive"/>
    <tag k="tiger:cfcc" v="A41"/>
    <tag k="tiger:county" v="Rutherford, TN"/>
    <tag k="tiger:name_base" v="D Ann"/>
    <tag k="tiger:name_type" v="Dr"/>
    <tag k="tiger:reviewed" v="no"/>
    <tag k="tiger:zip_left" v="37167"/>
    <tag k="tiger:zip_right" v="37167"/>
  </way>
  <way id="19596010" version="11" timestamp="2022-07-31T09:31:37Z" changeset="124294228" uid="3816962" user="bking22">
    <nd ref="203491250"/>
    <nd ref="203491258"/>
    <nd ref="2477818904"/>
    <nd ref="2477822188"/>
    <nd ref="6690333004"/>
    <nd ref="6690333007"/>
    <nd ref="2477818903"/>
    <nd ref="2477818901"/>
    <nd ref="2477822179"/>
    <nd ref="2477818900"/>
    <nd ref="2477822168"/>
    <nd ref="2477818899"/>
    <nd ref="6688176644"/>
    <nd ref="2477818902"/>
    <nd ref="2477822185"/>
    <nd ref="2477818905"/>
    <nd ref="2477818906"/>
    <nd ref="2477831508"/>
    <nd ref="2477818907"/>
    <nd ref="2477831527"/>
    <nd ref="2477818908"/>
    <nd ref="3464383596"/>
    <nd ref="2477831541"/>
    <nd ref="2477822221"/>
    <nd ref="2477822227"/>
    <nd ref="3464383597"/>
    <nd ref="2477822236"/>
    <nd ref="2477822239"/>
    <nd ref="2477822231"/>
    <nd ref="2477822234"/>
    <nd ref="2477831549"/>
    <nd ref="2477822245"/>
    <nd ref="2477822249"/>
    <nd ref="9922058574"/>
    <nd ref="2477831551"/>
    <nd ref="9922058869"/>
    <nd ref="9922058902"/>
    <nd ref="9922058900"/>
    <nd ref="2477822268"/>
    <nd ref="9922058871"/>
    <nd ref="2477822266"/>
    <nd ref="9922058898"/>
    <nd ref="2477822257"/>
    <nd ref="9922058873"/>
    <nd ref="9922058875"/>
    <nd ref="9922058896"/>
    <nd ref="2477822263"/>
    <nd ref="9922058877"/>
    <nd ref="9922058879"/>
    <nd ref="2477822274"/>
    <nd ref="2477822280"/>
    <nd ref="9922058617"/>
    <nd ref="9922058615"/>
    <nd ref="2477822281"/>
    <nd ref="9922058610"/>
    <nd ref="9922058607"/>
    <nd ref="9922058634"/>
    <nd ref="9922058604"/>
    <nd ref="2477835351"/>
    <nd ref="9922058637"/>
    <nd ref="9922058601"/>
    <nd ref="9922058639"/>
    <nd ref="3464383598"/>
    <nd ref="2477835355"/>
    <nd ref="9922058658"/>
    <nd ref="2477822283"/>
    <nd ref="9922058655"/>
    <nd ref="9922058764"/>
    <nd ref="9922058767"/>
    <nd ref="9922058652"/>
    <nd ref="2477835374"/>
    <nd ref="9922058770"/>
    <nd ref="9922058773"/>
    <nd ref="9922058775"/>
    <nd ref="2477822285"/>
    <nd ref="9922058784"/>
    <nd ref="2477822287"/>
    <nd ref="9922058787"/>
    <nd ref="2477822289"/>
    <nd ref="9922058790"/>
    <nd ref="9922058793"/>
    <nd ref="9922058796"/>
    <nd ref="9922058799"/>
    <nd ref="9922058802"/>
    <nd ref="2477822291"/>
    <nd ref="9922058805"/>
    <nd ref="9922058808"/>
    <nd ref="2477822293"/>
    <nd ref="9922058811"/>
    <nd ref="2477822294"/>
    <nd ref="9922058814"/>
    <nd ref="2611401970"/>
    <nd ref="2611401971"/>
    <tag k="highway" v="residential"/>
    <tag k="lanes" v="2"/>
    <tag k="name" v="Wildwood Drive"/>
    <tag k="tiger:cfcc" v="A41"/>
    <tag k="tiger:county" v="Rutherford, TN"/>
    <tag k="tiger:name_base" v="Wildwood"/>
    <tag k="tiger:name_type" v="Dr"/>
    <tag k="tiger:reviewed" v="no"/>
  </way>
  <way id="19597636" version="11" timestamp="2022-07-31T09:31:37Z" changeset="124294228" uid="3816962" user="bking22">
    <nd ref="203505563"/>
    <nd ref="6197266695"/>
    <nd ref="6197266659"/>
    <nd ref="6691145681"/>
    <nd ref="6197266670"/>
    <nd ref="203511952"/>
    <nd ref="2477826407"/>
    <nd ref="2477826408"/>
    <nd ref="203511958"/>
    <nd ref="9922059481"/>
    <nd ref="9922059479"/>
    <nd ref="9922059477"/>
    <nd ref="203478669"/>
    <nd ref="9922059475"/>
    <nd ref="9922059473"/>
    <nd ref="203449542"/>
    <nd ref="2477824546"/>
    <nd ref="9922059471"/>
    <nd ref="2477824547"/>
    <nd ref="9922059469"/>
    <nd ref="9922059467"/>
    <nd ref="2477824548"/>
    <nd ref="3464383601"/>
    <nd ref="9922059465"/>
    <nd ref="9922059462"/>
    <nd ref="9922059460"/>
    <nd ref="2477824558"/>
    <nd ref="9922059458"/>
    <nd ref="3464383603"/>
    <nd ref="2477824561"/>
    <nd ref="2477824560"/>
    <nd ref="9922059419"/>
    <nd ref="3464383602"/>
    <nd ref="2477824557"/>
    <nd ref="9922059417"/>
    <nd ref="2477824553"/>
    <nd ref="9922059455"/>
    <nd ref="2477824551"/>
    <nd ref="9922059414"/>
    <nd ref="2477824555"/>
    <nd ref="9922059442"/>
    <nd ref="2477824559"/>
    <nd ref="9922059412"/>
    <nd ref="9922059444"/>
    <nd ref="2477824562"/>
    <nd ref="9922059410"/>
    <nd ref="2477831557"/>
    <nd ref="9922059421"/>
    <nd ref="2477824565"/>
    <tag k="highway" v="residential"/>
    <tag k="name" v="Country Village Drive"/>
    <tag k="tiger:cfcc" v="A41"/>
    <tag k="tiger:county" v="Rutherford, TN"/>
    <tag k="tiger:name_base" v="Country Village"/>
    <tag k="tiger:name_type" v="Dr"/>
    <tag k="tiger:reviewed" v="no"/>
  </way>
  <way id="19598349" version="5" timestamp="2021-03-10T04:25:23Z" changeset="100744979" uid="12497850" user="unikingr">
    <nd ref="2477822185"/>
    <nd ref="2477822194"/>
    <nd ref="2477822197"/>
    <nd ref="2477822210"/>
    <nd ref="2477822219"/>
    <nd ref="2477822252"/>
    <nd ref="2477822254"/>
    <nd ref="2477822271"/>
    <nd ref="2477822277"/>
    <nd ref="203449553"/>
    <nd ref="203449542"/>
    <nd ref="8502373271"/>
    <nd ref="203520514"/>
    <nd ref="203520558"/>
    <nd ref="203520562"/>
    <nd ref="203520564"/>
    <nd ref="203520570"/>
    <nd ref="203520572"/>
    <tag k="highway" v="residential"/>
    <tag k="lanes" v="2"/>
    <tag k="name" v="Hermitage Drive"/>
    <tag k="tiger:cfcc" v="A41"/>
    <tag k="tiger:county" v="Rutherford, TN"/>
    <tag k="tiger:name_base" v="Hermitage"/>
    <tag k="tiger:name_type" v="Dr"/>
    <tag k="tiger:reviewed" v="no"/>
    <tag k="tiger:zip_left" v="37167"/>
    <tag k="tiger:zip_right" v="37167"/>
  </way>
  <way id="19600070" version="6" timestamp="2019-08-06T08:16:31Z" changeset="73053543" uid="10173462" user="jedidy">
    <nd ref="203539207"/>
    <nd ref="6687236112"/>
    <nd ref="3464329183"/>
    <nd ref="203539210"/>
    <tag k="highway" v="residential"/>
    <tag k="name" v="Old Almaville Road"/>
    <tag k="tiger:cfcc" v="A41"/>
    <tag k="tiger:county" v="Rutherford, TN"/>
    <tag k="tiger:name_base" v="Old Almaville"/>
    <tag k="tiger:name_type" v="Rd"/>
    <tag k="tiger:reviewed" v="no"/>
    <tag k="tiger:zip_left" v="37167"/>
    <tag k="tiger:zip_right" v="37167"/>
  </way>
  <way id="19600639" version="5" timestamp="2019-12-11T05:23:16Z" changeset="78239508" uid="10145809" user="vaidhev">
    <nd ref="203544276"/>
    <nd ref="203488972"/>
    <nd ref="2477845597"/>
    <nd ref="203544278"/>
    <nd ref="7048298356"/>
    <nd ref="7048298353"/>
    <nd ref="3573119302"/>
    <nd ref="2477845618"/>
    <nd ref="2477845622"/>
    <tag k="highway" v="residential"/>
    <tag k="name" v="Summerfield Drive"/>
    <tag k="tiger:cfcc" v="A41"/>
    <tag k="tiger:county" v="Rutherford, TN"/>
    <tag k="tiger:name_base" v="Summerfield"/>
    <tag k="tiger:name_type" v="Dr"/>
    <tag k="tiger:reviewed" v="no"/>
    <tag k="tiger:zip_left" v="37167"/>
    <tag k="tiger:zip_right" v="37167"/>
  </way>
  <way id="19605705" version="4" timestamp="2013-09-30T16:33:31Z" changeset="18113744" uid="510836" user="Rub21">
    <nd ref="2477845613"/>
    <nd ref="2477845615"/>
    <nd ref="2477845616"/>
    <nd ref="2477845620"/>
    <nd ref="2477851688"/>
    <nd ref="2477845625"/>
    <nd ref="2477851695"/>
    <nd ref="2477845627"/>
    <nd ref="2477845629"/>
    <nd ref="2477845630"/>
    <nd ref="2477845636"/>
    <nd ref="2477845638"/>
    <nd ref="2477845639"/>
    <nd ref="2477845641"/>
    <tag k="highway" v="residential"/>
    <tag k="name" v="Tarrytown Drive"/>
    <tag k="tiger:cfcc" v="A41"/>
    <tag k="tiger:county" v="Rutherford, TN"/>
    <tag k="tiger:name_base" v="Tarrytown"/>
    <tag k="tiger:name_type" v="Dr"/>
    <tag k="tiger:reviewed" v="no"/>
    <tag k="tiger:zip_left" v="37167"/>
    <tag k="tiger:zip_right" v="37167"/>
  </way>
  <way id="19606270" version="4" timestamp="2019-08-07T13:21:08Z" changeset="73112100" uid="10192121" user="jamenimm">
    <nd ref="2477845623"/>
    <nd ref="6691090185"/>
    <nd ref="6691090186"/>
    <nd ref="2477845641"/>
    <nd ref="2477845659"/>
    <tag k="highway" v="residential"/>
    <tag k="name" v="Valley Drive"/>
    <tag k="tiger:cfcc" v="A41"/>
    <tag k="tiger:county" v="Rutherford, TN"/>
    <tag k="tiger:name_base" v="Valley"/>
    <tag k="tiger:name_type" v="Dr"/>
    <tag k="tiger:reviewed" v="no"/>
    <tag k="tiger:zip_left" v="37167"/>
    <tag k="tiger:zip_right" v="37167"/>
  </way>
  <way id="107376816" version="8" timestamp="2023-10-02T16:40:21Z" changeset="142047968" uid="12785610" user="zluuzki">
    <nd ref="11234175442"/>
    <nd ref="11234175393"/>
    <nd ref="1233809502"/>
    <nd ref="1233897766"/>
    <nd ref="1233897773"/>
    <nd ref="1233897755"/>
    <nd ref="1233897786"/>
    <nd ref="6688176645"/>
    <nd ref="1233897756"/>
    <nd ref="1233897777"/>
    <nd ref="1233897764"/>
    <nd ref="1233897783"/>
    <nd ref="1233897776"/>
    <nd ref="1233897759"/>
    <nd ref="11234175518"/>
    <nd ref="1233897775"/>
    <nd ref="203430849"/>
    <nd ref="1233897778"/>
    <nd ref="1233897762"/>
    <nd ref="1234346065"/>
    <nd ref="1234346072"/>
    <nd ref="1234346075"/>
    <nd ref="1234346077"/>
    <nd ref="1234346070"/>
    <nd ref="1234346066"/>
    <nd ref="203430886"/>
    <nd ref="1234346064"/>
    <nd ref="1234346069"/>
    <nd ref="1234346074"/>
    <nd ref="1234346076"/>
    <nd ref="1234346068"/>
    <nd ref="1234346067"/>
    <nd ref="1234346071"/>
    <nd ref="1234346073"/>
    <nd ref="1234167682"/>
    <nd ref="1234167679"/>
    <nd ref="1234167683"/>
    <nd ref="1234167650"/>
    <nd ref="11234175520"/>
    <nd ref="1234167645"/>
    <nd ref="1234167654"/>
    <nd ref="1234167643"/>
    <nd ref="1234167627"/>
    <nd ref="1234167651"/>
    <nd ref="1234167632"/>
    <nd ref="10309494922"/>
    <nd ref="1234167675"/>
    <nd ref="1234167641"/>
    <nd ref="1234167664"/>
    <nd ref="1234167649"/>
    <nd ref="1234167680"/>
    <nd ref="10309494921"/>
    <nd ref="10309494920"/>
    <nd ref="1234167678"/>
    <nd ref="1234167677"/>
    <nd ref="1234167676"/>
    <nd ref="1234167659"/>
    <nd ref="1234167642"/>
    <nd ref="1234167673"/>
    <nd ref="1234167652"/>
    <nd ref="1234167653"/>
    <nd ref="1234167663"/>
    <nd ref="1234167684"/>
    <nd ref="1234167674"/>
    <nd ref="1234167644"/>
    <nd ref="1234167631"/>
    <nd ref="1234167619"/>
    <nd ref="1234167666"/>
    <nd ref="1234167638"/>
    <nd ref="2000909456"/>
    <nd ref="2000909498"/>
    <tag k="cables" v="3"/>
    <tag k="circuits" v="1"/>
    <tag k="operator" v="Tennessee Valley Authority"/>
    <tag k="operator:short" v="TVA"/>
    <tag k="operator:wikidata" v="Q1367577"/>
    <tag k="power" v="line"/>
    <tag k="voltage" v="161000"/>
    <tag k="wires" v="single"/>
  </way>
  <way id="108162123" version="22" timestamp="2022-11-25T14:08:50Z" changeset="129370897" uid="12842151" user="DLance">
    <nd ref="203505474"/>
    <nd ref="203505478"/>
    <nd ref="3464322585"/>
    <nd ref="503511133"/>
    <nd ref="3464322587"/>
    <nd ref="3464322588"/>
    <nd ref="7852399001"/>
    <nd ref="203505484"/>
    <nd ref="3464322592"/>
    <nd ref="203505505"/>
    <nd ref="203505511"/>
    <nd ref="6195347861"/>
    <nd ref="6687306281"/>
    <nd ref="203505526"/>
    <nd ref="3464329144"/>
    <nd ref="3464329146"/>
    <nd ref="3464329150"/>
    <nd ref="7831315638"/>
    <nd ref="7831315633"/>
    <nd ref="7831315643"/>
    <nd ref="203505537"/>
    <nd ref="203505544"/>
    <nd ref="6224566956"/>
    <nd ref="6224566955"/>
    <nd ref="8519322154"/>
    <nd ref="6215118985"/>
    <nd ref="2477851687"/>
    <nd ref="6215118998"/>
    <nd ref="6687236108"/>
    <nd ref="203505547"/>
    <nd ref="203505549"/>
    <nd ref="203505551"/>
    <nd ref="8503726922"/>
    <nd ref="203505553"/>
    <nd ref="7937300477"/>
    <nd ref="7937300473"/>
    <nd ref="7937300470"/>
    <nd ref="203491250"/>
    <nd ref="6690333008"/>
    <nd ref="10217216898"/>
    <nd ref="2477826384"/>
    <nd ref="10217216891"/>
    <nd ref="203505558"/>
    <nd ref="10215340728"/>
    <nd ref="2477826401"/>
    <nd ref="2335509621"/>
    <nd ref="203505560"/>
    <nd ref="6197266696"/>
    <nd ref="203505563"/>
    <tag k="highway" v="tertiary"/>
    <tag k="lanes" v="2"/>
    <tag k="name" v="Almaville Road"/>
    <tag k="tiger:cfcc" v="A31"/>
    <tag k="tiger:county" v="Rutherford, TN"/>
    <tag k="tiger:name_base" v="Almaville"/>
    <tag k="tiger:name_base_1" v="State Highway 102"/>
    <tag k="tiger:name_type" v="Rd"/>
    <tag k="tiger:reviewed" v="no"/>
  </way>
  <way id="240015075" version="2" timestamp="2015-04-18T22:32:48Z" changeset="30317927" uid="371121" user="AndrewSnow">
    <nd ref="2477822188"/>
    <nd ref="2477822173"/>
    <nd ref="2477822136"/>
    <nd ref="3464329185"/>
    <nd ref="2477822133"/>
    <nd ref="2477822129"/>
    <nd ref="2477822125"/>
    <nd ref="2477822131"/>
    <tag k="highway" v="residential"/>
    <tag k="name" v="Battlewood Avenue"/>
    <tag k="tiger:cfcc" v="A41"/>
    <tag k="tiger:county" v="Rutherford, TN"/>
    <tag k="tiger:name_base" v="Battlewood"/>
    <tag k="tiger:name_type" v="Ave"/>
    <tag k="tiger:reviewed" v="no"/>
    <tag k="tiger:zip_left" v="37167"/>
    <tag k="tiger:zip_right" v="37167"/>
  </way>
  <way id="240015077" version="1" timestamp="2013-09-30T16:05:12Z" changeset="18113285" uid="510836" user="Rub21">
    <nd ref="2477822191"/>
    <nd ref="2477822168"/>
    <nd ref="2477822156"/>
    <tag k="highway" v="residential"/>
    <tag k="name" v="Chinquapin Place"/>
    <tag k="tiger:cfcc" v="A41"/>
    <tag k="tiger:county" v="Rutherford, TN"/>
    <tag k="tiger:name_base" v="Chinquapin"/>
    <tag k="tiger:name_type" v="Pl"/>
    <tag k="tiger:reviewed" v="no"/>
  </way>
  <way id="240015079" version="2" timestamp="2013-09-30T16:33:30Z" changeset="18113744" uid="510836" user="Rub21">
    <nd ref="2477822179"/>
    <nd ref="2477822159"/>
    <nd ref="2477822154"/>
    <nd ref="2477822151"/>
    <nd ref="2477822148"/>
    <nd ref="2477822145"/>
    <nd ref="2477822142"/>
    <tag k="highway" v="residential"/>
    <tag k="name" v="Greystone Place"/>
  </way>
  <way id="240015081" version="2" timestamp="2013-09-30T16:33:31Z" changeset="18113744" uid="510836" user="Rub21">
    <nd ref="2477822260"/>
    <nd ref="2477822242"/>
    <nd ref="2477822224"/>
    <nd ref="2477822216"/>
    <nd ref="2477822213"/>
    <nd ref="2477822207"/>
    <nd ref="2477822205"/>
    <nd ref="2477822200"/>
    <nd ref="2477822194"/>
    <tag k="highway" v="residential"/>
    <tag k="name" v="Swanridge Court"/>
  </way>
  <way id="240015240" version="2" timestamp="2021-03-10T04:25:23Z" changeset="100744979" uid="12497850" user="unikingr">
    <nd ref="2477824548"/>
    <nd ref="8502373273"/>
    <nd ref="2477824572"/>
    <nd ref="2477824576"/>
    <tag k="highway" v="residential"/>
    <tag k="name" v="Connie Court"/>
    <tag k="tiger:cfcc" v="A41"/>
    <tag k="tiger:county" v="Rutherford, TN"/>
    <tag k="tiger:name_base" v="Connie"/>
    <tag k="tiger:name_type" v="Ct"/>
    <tag k="tiger:reviewed" v="no"/>
    <tag k="tiger:zip_left" v="37167"/>
    <tag k="tiger:zip_right" v="37167"/>
  </way>
  <way id="240015242" version="3" timestamp="2021-03-10T04:25:23Z" changeset="100744979" uid="12497850" user="unikingr">
    <nd ref="2477824574"/>
    <nd ref="2477824573"/>
    <nd ref="2477824570"/>
    <nd ref="2477824567"/>
    <nd ref="2477824566"/>
    <nd ref="2477824564"/>
    <nd ref="2477824563"/>
    <nd ref="8502373276"/>
    <nd ref="2477824561"/>
    <nd ref="2477824549"/>
    <nd ref="2477824545"/>
    <nd ref="2477824544"/>
    <nd ref="2477824543"/>
    <tag k="highway" v="residential"/>
    <tag k="lanes" v="2"/>
    <tag k="name" v="Forrest Crossing Road"/>
    <tag k="tiger:cfcc" v="A41"/>
    <tag k="tiger:county" v="Rutherford, TN"/>
    <tag k="tiger:name_base" v="Forrest Crossing"/>
    <tag k="tiger:name_type" v="Rd"/>
    <tag k="tiger:reviewed" v="no"/>
    <tag k="tiger:zip_left" v="37167"/>
    <tag k="tiger:zip_right" v="37167"/>
  </way>
  <way id="240016053" version="6" timestamp="2022-07-31T09:31:37Z" changeset="124294228" uid="3816962" user="bking22">
    <nd ref="2477831551"/>
    <nd ref="9922058565"/>
    <nd ref="2477831547"/>
    <nd ref="9922058867"/>
    <nd ref="2477831544"/>
    <nd ref="2477831542"/>
    <nd ref="9922058865"/>
    <nd ref="2477831539"/>
    <nd ref="2477831536"/>
    <nd ref="9922058863"/>
    <nd ref="2477831531"/>
    <nd ref="9922058861"/>
    <nd ref="2477831529"/>
    <nd ref="9922058859"/>
    <nd ref="9922058857"/>
    <nd ref="2477831537"/>
    <nd ref="9922058855"/>
    <nd ref="2477831534"/>
    <nd ref="2477831532"/>
    <nd ref="9922058502"/>
    <nd ref="2477835315"/>
    <nd ref="2477831522"/>
    <nd ref="2477831517"/>
    <nd ref="2477831507"/>
    <tag k="highway" v="residential"/>
    <tag k="lanes" v="2"/>
    <tag k="name" v="Emma May Point"/>
  </way>
  <way id="240016054" version="3" timestamp="2018-08-17T05:33:49Z" changeset="61733720" uid="8407158" user="shadty">
    <nd ref="2477831527"/>
    <nd ref="2477831515"/>
    <nd ref="2477831505"/>
    <nd ref="2477831503"/>
    <nd ref="2477831501"/>
    <nd ref="2477831497"/>
    <nd ref="5837630408"/>
    <nd ref="2477831494"/>
    <nd ref="2477831492"/>
    <nd ref="2477831490"/>
    <tag k="highway" v="residential"/>
    <tag k="name" v="Glen Valley Trail"/>
  </way>
  <way id="240016055" version="4" timestamp="2022-07-31T09:31:37Z" changeset="124294228" uid="3816962" user="bking22">
    <nd ref="2477831563"/>
    <nd ref="2477831562"/>
    <nd ref="2477831561"/>
    <nd ref="2477831560"/>
    <nd ref="2477831559"/>
    <nd ref="2477831558"/>
    <nd ref="2477831557"/>
    <nd ref="9922059441"/>
    <nd ref="2477831556"/>
    <nd ref="2477831555"/>
    <nd ref="2477831554"/>
    <nd ref="2477831553"/>
    <nd ref="2477831552"/>
    <nd ref="2477831550"/>
    <nd ref="2477831549"/>
    <nd ref="2477831545"/>
    <nd ref="2477831543"/>
    <nd ref="2477831540"/>
    <nd ref="2477831533"/>
    <nd ref="2477831523"/>
    <nd ref="9922059379"/>
    <nd ref="2477831520"/>
    <nd ref="9922059377"/>
    <nd ref="9922059375"/>
    <nd ref="2477831499"/>
    <nd ref="9922059373"/>
    <nd ref="9922059371"/>
    <nd ref="2477831490"/>
    <nd ref="9922059369"/>
    <nd ref="2477831488"/>
    <nd ref="9922059367"/>
    <nd ref="9922059365"/>
    <nd ref="9922059363"/>
    <nd ref="9922059361"/>
    <nd ref="9922059359"/>
    <nd ref="9922058404"/>
    <nd ref="2477831486"/>
    <tag k="highway" v="residential"/>
    <tag k="lanes" v="2"/>
    <tag k="name" v="Sky Valley Trail"/>
  </way>
  <way id="240016056" version="3" timestamp="2015-04-18T23:24:29Z" changeset="30318612" uid="371121" user="AndrewSnow">
    <nd ref="2477831546"/>
    <nd ref="2477831541"/>
    <tag k="highway" v="residential"/>
    <tag k="lanes" v="2"/>
    <tag k="name" v="Celestial Court"/>
  </way>
  <way id="240016058" version="3" timestamp="2015-04-18T22:33:03Z" changeset="30317927" uid="371121" user="AndrewSnow">
    <nd ref="2477831548"/>
    <nd ref="2477831525"/>
    <nd ref="2477831518"/>
    <nd ref="2477831508"/>
    <nd ref="2477831496"/>
    <tag k="highway" v="residential"/>
    <tag k="lanes" v="2"/>
    <tag k="name" v="Windbirch Trail"/>
  </way>
  <way id="240016346" version="4" timestamp="2022-07-31T09:31:37Z" changeset="124294228" uid="3816962" user="bking22">
    <nd ref="2477831523"/>
    <nd ref="2477835313"/>
    <nd ref="2477835307"/>
    <nd ref="9922059381"/>
    <nd ref="2477835299"/>
    <nd ref="2477835296"/>
    <nd ref="9922059383"/>
    <nd ref="9922059385"/>
    <nd ref="9922059387"/>
    <nd ref="2477835284"/>
    <nd ref="2477835279"/>
    <nd ref="2477835276"/>
    <nd ref="9922059389"/>
    <nd ref="2477835273"/>
    <nd ref="9922059391"/>
    <nd ref="9922059393"/>
    <nd ref="9922058405"/>
    <nd ref="2477835233"/>
    <tag k="highway" v="residential"/>
    <tag k="lanes" v="2"/>
    <tag k="name" v="Starglen Court"/>
  </way>
  <way id="240016351" version="4" timestamp="2022-07-31T09:31:37Z" changeset="124294228" uid="3816962" user="bking22">
    <nd ref="2477835282"/>
    <nd ref="9922058457"/>
    <nd ref="2477835279"/>
    <tag k="highway" v="residential"/>
    <tag k="lanes" v="2"/>
    <tag k="name" v="Creekdale Court"/>
  </way>
  <way id="240017366" version="5" timestamp="2021-03-04T06:42:52Z" changeset="100394811" uid="11676225" user="nampeb">
    <nd ref="2477845659"/>
    <nd ref="2477845660"/>
    <nd ref="2477835209"/>
    <nd ref="2477845657"/>
    <nd ref="2477845656"/>
    <nd ref="6688176636"/>
    <nd ref="2477845654"/>
    <nd ref="2477845652"/>
    <nd ref="2477845651"/>
    <nd ref="2611401916"/>
    <nd ref="2477845649"/>
    <nd ref="7018826800"/>
    <nd ref="2477845648"/>
    <nd ref="2477845646"/>
    <nd ref="2477845644"/>
    <nd ref="6688176637"/>
    <nd ref="2477845643"/>
    <nd ref="6688176639"/>
    <nd ref="203597331"/>
    <nd ref="8484886117"/>
    <nd ref="203539210"/>
    <nd ref="203542882"/>
    <nd ref="203505551"/>
    <tag k="highway" v="residential"/>
    <tag k="name" v="Carter Lane"/>
    <tag k="tiger:cfcc" v="A41"/>
    <tag k="tiger:county" v="Rutherford, TN"/>
    <tag k="tiger:name_base" v="Carter"/>
    <tag k="tiger:name_type" v="Ln"/>
    <tag k="tiger:reviewed" v="no"/>
    <tag k="tiger:zip_left" v="37167"/>
    <tag k="tiger:zip_right" v="37167"/>
  </way>
  <way id="240017369" version="4" timestamp="2022-07-31T09:31:37Z" changeset="124294228" uid="3816962" user="bking22">
    <nd ref="2477835209"/>
    <nd ref="2477835212"/>
    <nd ref="2477835217"/>
    <nd ref="2477835220"/>
    <nd ref="2477835227"/>
    <nd ref="2477835238"/>
    <nd ref="2477835247"/>
    <nd ref="2477835250"/>
    <nd ref="2477835267"/>
    <nd ref="9922059101"/>
    <nd ref="2477835270"/>
    <nd ref="2477835264"/>
    <nd ref="9922059338"/>
    <nd ref="9922059336"/>
    <nd ref="2477831486"/>
    <nd ref="9922059334"/>
    <nd ref="9922059332"/>
    <nd ref="9922059063"/>
    <nd ref="9922059330"/>
    <nd ref="2477835230"/>
    <nd ref="9922059061"/>
    <nd ref="9922059328"/>
    <nd ref="2477835222"/>
    <nd ref="9922059326"/>
    <nd ref="2477835224"/>
    <nd ref="9922059059"/>
    <nd ref="9922059324"/>
    <nd ref="9922059322"/>
    <nd ref="9922059057"/>
    <nd ref="9922059320"/>
    <nd ref="9922059318"/>
    <nd ref="2477835233"/>
    <nd ref="9922059316"/>
    <nd ref="9922059314"/>
    <nd ref="9922059055"/>
    <nd ref="9922059312"/>
    <nd ref="9922059310"/>
    <nd ref="9922059053"/>
    <nd ref="9922059308"/>
    <nd ref="2477835240"/>
    <nd ref="9922059306"/>
    <nd ref="2611401957"/>
    <nd ref="9922059304"/>
    <nd ref="2477835242"/>
    <nd ref="9922059302"/>
    <nd ref="2477835256"/>
    <nd ref="9922059300"/>
    <nd ref="2477835261"/>
    <nd ref="2477835259"/>
    <nd ref="2477835253"/>
    <nd ref="2477835245"/>
    <nd ref="9922058920"/>
    <nd ref="2477835235"/>
    <nd ref="9922058922"/>
    <nd ref="9922059298"/>
    <nd ref="2477835214"/>
    <tag k="highway" v="residential"/>
    <tag k="lanes" v="2"/>
    <tag k="name" v="Clear Circle"/>
    <tag k="tiger:cfcc" v="A41"/>
    <tag k="tiger:county" v="Rutherford, TN"/>
    <tag k="tiger:name_base" v="Clear"/>
    <tag k="tiger:name_type" v="Cir"/>
    <tag k="tiger:reviewed" v="no"/>
    <tag k="tiger:zip_left" v="37167"/>
    <tag k="tiger:zip_right" v="37167"/>
  </way>
  <way id="240018221" version="2" timestamp="2013-11-23T20:42:19Z" changeset="19081023" uid="10786" user="stucki1">
    <nd ref="2477851688"/>
    <nd ref="2477845622"/>
    <nd ref="2477851690"/>
    <nd ref="2477845623"/>
    <nd ref="2477851691"/>
    <tag k="highway" v="residential"/>
    <tag k="name" v="Eton Road"/>
    <tag k="tiger:cfcc" v="A41"/>
    <tag k="tiger:county" v="Rutherford, TN"/>
    <tag k="tiger:name_base" v="Eton"/>
    <tag k="tiger:name_type" v="Rd"/>
    <tag k="tiger:reviewed" v="no"/>
    <tag k="tiger:zip_left" v="37167"/>
    <tag k="tiger:zip_right" v="37167"/>
  </way>
  <way id="240018222" version="3" timestamp="2021-03-15T02:13:07Z" changeset="101013671" uid="12497850" user="unikingr">
    <nd ref="2477851695"/>
    <nd ref="2477851694"/>
    <nd ref="2477851693"/>
    <nd ref="2477851692"/>
    <nd ref="2477851689"/>
    <nd ref="2477851686"/>
    <nd ref="2477851685"/>
    <nd ref="8519322156"/>
    <nd ref="2477851684"/>
    <nd ref="2477851683"/>
    <nd ref="8519322155"/>
    <nd ref="203599686"/>
    <nd ref="203599698"/>
    <nd ref="6224566956"/>
    <tag k="highway" v="residential"/>
    <tag k="name" v="Valley Green Drive"/>
    <tag k="tiger:cfcc" v="A41"/>
    <tag k="tiger:county" v="Rutherford, TN"/>
    <tag k="tiger:name_base" v="Valley Green"/>
    <tag k="tiger:name_type" v="Dr"/>
    <tag k="tiger:reviewed" v="no"/>
    <tag k="tiger:zip_left" v="37167"/>
    <tag k="tiger:zip_right" v="37167"/>
  </way>
  <way id="255455306" version="1" timestamp="2014-01-05T20:00:03Z" changeset="19831154" uid="1208453" user="chewey">
    <nd ref="2611401944"/>
    <nd ref="2611401948"/>
    <nd ref="2611401937"/>
    <nd ref="2611401941"/>
    <nd ref="2611401951"/>
    <nd ref="2611401955"/>
    <nd ref="2611401940"/>
    <nd ref="2611401934"/>
    <nd ref="2611401933"/>
    <nd ref="2611401931"/>
    <nd ref="2611401929"/>
    <nd ref="2611401926"/>
    <nd ref="2611401928"/>
    <nd ref="2611401927"/>
    <nd ref="2611401944"/>
    <tag k="building" v="yes"/>
  </way>
  <way id="255455307" version="1" timestamp="2014-01-05T20:00:03Z" changeset="19831154" uid="1208453" user="chewey">
    <nd ref="2611401935"/>
    <nd ref="2611401939"/>
    <nd ref="2611401947"/>
    <nd ref="2611401942"/>
    <nd ref="2611401935"/>
    <tag k="building" v="yes"/>
  </way>
  <way id="255455310" version="1" timestamp="2014-01-05T20:00:03Z" changeset="19831154" uid="1208453" user="chewey">
    <nd ref="2611401919"/>
    <nd ref="2611401924"/>
    <tag k="highway" v="service"/>
    <tag k="service" v="parking_aisle"/>
    <tag k="surface" v="paved"/>
  </way>
  <way id="255455313" version="2" timestamp="2015-04-18T23:24:30Z" changeset="30318612" uid="371121" user="AndrewSnow">
    <nd ref="2611401963"/>
    <nd ref="2611401962"/>
    <nd ref="2611401961"/>
    <nd ref="2477822239"/>
    <tag k="highway" v="residential"/>
    <tag k="lanes" v="2"/>
    <tag k="name" v="Clouddale Court"/>
  </way>
  <way id="255455314" version="1" timestamp="2014-01-05T20:00:03Z" changeset="19831154" uid="1208453" user="chewey">
    <nd ref="2611401916"/>
    <nd ref="2611401917"/>
    <nd ref="2611401918"/>
    <nd ref="2611401919"/>
    <tag k="highway" v="service"/>
  </way>
  <way id="255455315" version="1" timestamp="2014-01-05T20:00:03Z" changeset="19831154" uid="1208453" user="chewey">
    <nd ref="2611401919"/>
    <nd ref="2611401925"/>
    <nd ref="2611401930"/>
    <nd ref="2611401946"/>
    <nd ref="2611401950"/>
    <tag k="highway" v="service"/>
    <tag k="service" v="parking_aisle"/>
    <tag k="surface" v="paved"/>
  </way>
  <way id="255455316" version="2" timestamp="2015-04-18T23:24:37Z" changeset="30318612" uid="371121" user="AndrewSnow">
    <nd ref="2611401964"/>
    <nd ref="2611401965"/>
    <nd ref="2611401966"/>
    <nd ref="3464383600"/>
    <nd ref="2477824555"/>
    <tag k="highway" v="residential"/>
    <tag k="lanes" v="2"/>
    <tag k="name" v="Standing Rock Court"/>
  </way>
  <way id="255455317" version="1" timestamp="2014-01-05T20:00:03Z" changeset="19831154" uid="1208453" user="chewey">
    <nd ref="2611401936"/>
    <nd ref="2611401922"/>
    <nd ref="2611401945"/>
    <nd ref="2611401938"/>
    <nd ref="2611401949"/>
    <nd ref="2611401954"/>
    <nd ref="2611401952"/>
    <nd ref="2611401956"/>
    <nd ref="2611401953"/>
    <nd ref="2611401943"/>
    <nd ref="2611401936"/>
    <tag k="amenity" v="parking"/>
  </way>
  <way id="255455318" version="1" timestamp="2014-01-05T20:00:03Z" changeset="19831154" uid="1208453" user="chewey">
    <nd ref="2611401932"/>
    <nd ref="2611401923"/>
    <nd ref="2611401920"/>
    <nd ref="2611401921"/>
    <nd ref="2611401932"/>
    <tag k="amenity" v="parking"/>
  </way>
  <way id="546966047" version="1" timestamp="2017-12-15T05:10:50Z" changeset="54642822" uid="5456699" user="Kevenem">
    <nd ref="5285241780"/>
    <nd ref="5285241781"/>
    <nd ref="5285241782"/>
    <nd ref="5285241783"/>
    <nd ref="5285241784"/>
    <nd ref="5285241785"/>
    <nd ref="5285241786"/>
    <nd ref="5285241787"/>
    <nd ref="5285241780"/>
    <tag k="building" v="house"/>
  </way>
  <way id="546966049" version="1" timestamp="2017-12-15T05:10:50Z" changeset="54642822" uid="5456699" user="Kevenem">
    <nd ref="5285241794"/>
    <nd ref="5285241795"/>
    <nd ref="5285241796"/>
    <nd ref="5285241797"/>
    <nd ref="5285241798"/>
    <nd ref="5285241799"/>
    <nd ref="5285241800"/>
    <nd ref="5285241801"/>
    <nd ref="5285241794"/>
    <tag k="building" v="house"/>
  </way>
  <way id="617549081" version="1" timestamp="2018-08-17T05:33:49Z" changeset="61733720" uid="8407158" user="shadty">
    <nd ref="5837630408"/>
    <nd ref="5837630409"/>
    <nd ref="5837630410"/>
    <nd ref="5837630411"/>
    <nd ref="5837630414"/>
    <nd ref="5837630412"/>
    <nd ref="5837630413"/>
    <nd ref="5837630409"/>
    <tag k="highway" v="service"/>
  </way>
  <way id="664021353" version="2" timestamp="2021-03-15T02:13:07Z" changeset="101013671" uid="12497850" user="unikingr">
    <nd ref="6215118985"/>
    <nd ref="6215118995"/>
    <nd ref="6215118987"/>
    <nd ref="6215119012"/>
    <nd ref="8519322119"/>
    <nd ref="6215118988"/>
    <nd ref="8519322118"/>
    <nd ref="6215119026"/>
    <nd ref="6215118989"/>
    <nd ref="6215119024"/>
    <nd ref="6215118990"/>
    <nd ref="6215118991"/>
    <nd ref="6215118992"/>
    <nd ref="8519322117"/>
    <nd ref="6215118993"/>
    <nd ref="6215118994"/>
    <tag k="highway" v="service"/>
  </way>
  <way id="664021354" version="3" timestamp="2021-03-15T02:13:07Z" changeset="101013671" uid="12497850" user="unikingr">
    <nd ref="6215118995"/>
    <nd ref="8519322160"/>
    <nd ref="6215118996"/>
    <nd ref="8519322157"/>
    <nd ref="7822939266"/>
    <nd ref="8519322162"/>
    <nd ref="6215118997"/>
    <nd ref="6215118998"/>
    <tag k="highway" v="service"/>
  </way>
  <way id="711251483" version="2" timestamp="2019-08-21T08:27:44Z" changeset="73568802" uid="10173462" user="jedidy">
    <nd ref="6687236108"/>
    <nd ref="6687236109"/>
    <nd ref="6687236110"/>
    <nd ref="6687236111"/>
    <nd ref="6687236112"/>
    <tag k="access" v="private"/>
    <tag k="highway" v="service"/>
  </way>
  <way id="711360700" version="1" timestamp="2019-08-06T14:20:49Z" changeset="73069880" uid="10127758" user="akalohri">
    <nd ref="6688176630"/>
    <nd ref="6688176631"/>
    <nd ref="6688176632"/>
    <nd ref="6688176633"/>
    <nd ref="6688176634"/>
    <nd ref="6688176635"/>
    <nd ref="6688176636"/>
    <tag k="access" v="private"/>
    <tag k="highway" v="service"/>
    <tag k="service" v="driveway"/>
  </way>
  <way id="711360701" version="1" timestamp="2019-08-06T14:20:49Z" changeset="73069880" uid="10127758" user="akalohri">
    <nd ref="6688176637"/>
    <nd ref="6688176638"/>
    <tag k="access" v="private"/>
    <tag k="highway" v="service"/>
    <tag k="service" v="driveway"/>
  </way>
  <way id="711360702" version="1" timestamp="2019-08-06T14:20:49Z" changeset="73069880" uid="10127758" user="akalohri">
    <nd ref="6688176639"/>
    <nd ref="6688176640"/>
    <nd ref="6688176641"/>
    <nd ref="6688176642"/>
    <tag k="access" v="private"/>
    <tag k="highway" v="service"/>
    <tag k="service" v="driveway"/>
  </way>
  <way id="711360703" version="1" timestamp="2019-08-06T14:20:49Z" changeset="73069880" uid="10127758" user="akalohri">
    <nd ref="6688176643"/>
    <nd ref="6688176644"/>
    <tag k="access" v="private"/>
    <tag k="highway" v="service"/>
    <tag k="service" v="driveway"/>
  </way>
  <way id="711360704" version="1" timestamp="2019-08-06T14:20:49Z" changeset="73069880" uid="10127758" user="akalohri">
    <nd ref="2477835220"/>
    <nd ref="6688176646"/>
    <nd ref="6688176647"/>
    <nd ref="6688176648"/>
    <nd ref="6688176649"/>
    <tag k="access" v="private"/>
    <tag k="highway" v="service"/>
    <tag k="service" v="driveway"/>
  </way>
  <way id="711689152" version="1" timestamp="2019-08-07T13:21:08Z" changeset="73112100" uid="10192121" user="jamenimm">
    <nd ref="6691072684"/>
    <nd ref="6691090185"/>
    <tag k="highway" v="service"/>
  </way>
  <way id="750669765" version="1" timestamp="2019-11-29T08:14:03Z" changeset="77713720" uid="10173444" user="rzsi">
    <nd ref="7018826800"/>
    <nd ref="7018826801"/>
    <nd ref="7018826802"/>
    <nd ref="7018826803"/>
    <nd ref="7018826804"/>
    <nd ref="7018826805"/>
    <nd ref="7018826806"/>
    <tag k="access" v="private"/>
    <tag k="highway" v="service"/>
    <tag k="service" v="driveway"/>
  </way>
  <way id="834288334" version="1" timestamp="2020-08-05T17:37:51Z" changeset="88994551" uid="10114003" user="kirashas">
    <nd ref="3464383286"/>
    <nd ref="7787977012"/>
    <nd ref="7787977013"/>
    <nd ref="7787977014"/>
    <nd ref="7787977015"/>
    <nd ref="7787977016"/>
    <nd ref="7787977017"/>
    <tag k="highway" v="track"/>
  </way>
  <way id="913396612" version="1" timestamp="2021-03-04T06:42:52Z" changeset="100394811" uid="11676225" user="nampeb">
    <nd ref="8484886117"/>
    <nd ref="8484886118"/>
    <tag k="highway" v="service"/>
    <tag k="service" v="driveway"/>
  </way>
  <way id="915322469" version="5" timestamp="2024-02-22T08:36:01Z" changeset="147762406" uid="12195445" user="smikhnouski_lyft">
    <nd ref="8502372819"/>
    <nd ref="8502372820"/>
    <nd ref="8502372821"/>
    <nd ref="8502372822"/>
    <nd ref="8502372823"/>
    <nd ref="8502372854"/>
    <nd ref="8502372824"/>
    <nd ref="8502372853"/>
    <nd ref="8502372825"/>
    <nd ref="8502372826"/>
    <nd ref="8502372852"/>
    <nd ref="8502372827"/>
    <nd ref="8502372828"/>
    <nd ref="8502372829"/>
    <nd ref="8502372830"/>
    <nd ref="8502372831"/>
    <nd ref="8502372832"/>
    <nd ref="8502372833"/>
    <nd ref="8502372834"/>
    <nd ref="8502372851"/>
    <nd ref="8502372835"/>
    <nd ref="8502372836"/>
    <nd ref="8502372837"/>
    <nd ref="8502372838"/>
    <nd ref="8502372839"/>
    <nd ref="8502372840"/>
    <nd ref="8502372841"/>
    <nd ref="8502372842"/>
    <nd ref="8502372843"/>
    <nd ref="8502372850"/>
    <nd ref="8502372855"/>
    <nd ref="8502372844"/>
    <nd ref="8502372845"/>
    <nd ref="8502372846"/>
    <nd ref="8502372847"/>
    <nd ref="8502373278"/>
    <nd ref="8502373118"/>
    <nd ref="8502373119"/>
    <nd ref="8502373120"/>
    <nd ref="8502373121"/>
    <nd ref="8502373277"/>
    <nd ref="8502373122"/>
    <nd ref="8502373123"/>
    <nd ref="8502373124"/>
    <nd ref="8502373275"/>
    <nd ref="8502373125"/>
    <nd ref="8502373126"/>
    <nd ref="8502373127"/>
    <nd ref="8502373128"/>
    <nd ref="8502373274"/>
    <nd ref="8502373129"/>
    <nd ref="8502373130"/>
    <nd ref="8502373132"/>
    <nd ref="8502373133"/>
    <nd ref="8502373134"/>
    <nd ref="8502373135"/>
    <nd ref="8502373272"/>
    <nd ref="8502373136"/>
    <nd ref="8502373137"/>
    <nd ref="8502373138"/>
    <nd ref="8502373139"/>
    <nd ref="8502373140"/>
    <nd ref="8502373141"/>
    <nd ref="8502373142"/>
    <nd ref="8502373143"/>
    <nd ref="8502373144"/>
    <nd ref="8502373145"/>
    <nd ref="8502373146"/>
    <nd ref="8502373147"/>
    <nd ref="8502373148"/>
    <nd ref="8502373149"/>
    <nd ref="8502373150"/>
    <nd ref="8502373151"/>
    <nd ref="8502373152"/>
    <nd ref="8502373153"/>
    <nd ref="8502373154"/>
    <nd ref="8502373155"/>
    <nd ref="8502373269"/>
    <nd ref="8502373156"/>
    <nd ref="8502373157"/>
    <nd ref="8502373158"/>
    <nd ref="8502373159"/>
    <nd ref="8502373160"/>
    <nd ref="8502373161"/>
    <nd ref="8502373162"/>
    <nd ref="8502373163"/>
    <nd ref="8502373268"/>
    <nd ref="8502373164"/>
    <nd ref="8502373165"/>
    <nd ref="8502373166"/>
    <nd ref="8502373167"/>
    <nd ref="8502373168"/>
    <nd ref="8502373169"/>
    <nd ref="8502373170"/>
    <nd ref="8502373171"/>
    <nd ref="8502373172"/>
    <nd ref="8502373173"/>
    <nd ref="11652248420"/>
    <nd ref="8502373174"/>
    <nd ref="8502373175"/>
    <nd ref="8502373176"/>
    <nd ref="8502373263"/>
    <nd ref="8502373177"/>
    <nd ref="8502373178"/>
    <nd ref="8502373262"/>
    <nd ref="8502373179"/>
    <nd ref="8502373180"/>
    <nd ref="8502373260"/>
    <nd ref="8502373181"/>
    <nd ref="8502373182"/>
    <nd ref="8502373183"/>
    <nd ref="8502373184"/>
    <nd ref="8502373185"/>
    <nd ref="8502373186"/>
    <nd ref="8502373187"/>
    <nd ref="8502373188"/>
    <nd ref="8502373189"/>
    <nd ref="8502373190"/>
    <nd ref="8502373191"/>
    <nd ref="8502373192"/>
    <nd ref="8502373258"/>
    <nd ref="8502373259"/>
    <nd ref="8502373193"/>
    <nd ref="8502373194"/>
    <nd ref="8502373195"/>
    <nd ref="8502373196"/>
    <nd ref="8502373197"/>
    <nd ref="8502373198"/>
    <nd ref="8502373199"/>
    <nd ref="8502373200"/>
    <nd ref="8502373201"/>
    <nd ref="8502373202"/>
    <nd ref="8502373261"/>
    <nd ref="8502373203"/>
    <nd ref="8502373204"/>
    <nd ref="8502373264"/>
    <nd ref="8502373205"/>
    <nd ref="8502373206"/>
    <nd ref="8502373265"/>
    <nd ref="8502373207"/>
    <nd ref="8502373208"/>
    <nd ref="8502373266"/>
    <nd ref="10215340937"/>
    <nd ref="8502373209"/>
    <nd ref="10215340927"/>
    <nd ref="10215340922"/>
    <nd ref="8502373267"/>
    <nd ref="10215340958"/>
    <nd ref="8502373210"/>
    <nd ref="8502373211"/>
    <nd ref="8502373212"/>
    <nd ref="9922059484"/>
    <nd ref="8502373213"/>
    <nd ref="9922059485"/>
    <nd ref="8502373214"/>
    <nd ref="9922059486"/>
    <nd ref="8502373215"/>
    <nd ref="9922059487"/>
    <nd ref="8502373216"/>
    <nd ref="8502373217"/>
    <nd ref="8502373270"/>
    <nd ref="8502373218"/>
    <nd ref="8502373219"/>
    <nd ref="8502373220"/>
    <nd ref="9922059488"/>
    <nd ref="8502373221"/>
    <nd ref="9922059489"/>
    <nd ref="8502373222"/>
    <nd ref="8502373223"/>
    <nd ref="8502373224"/>
    <nd ref="8502373225"/>
    <nd ref="8502373271"/>
    <nd ref="8502373226"/>
    <nd ref="8502373227"/>
    <nd ref="8502373228"/>
    <nd ref="8502373229"/>
    <nd ref="8502373230"/>
    <nd ref="8502373231"/>
    <nd ref="9922059490"/>
    <nd ref="8502373232"/>
    <nd ref="9922059491"/>
    <nd ref="8502373233"/>
    <nd ref="8502373234"/>
    <nd ref="8502373235"/>
    <nd ref="8502373273"/>
    <nd ref="8502373236"/>
    <nd ref="8502373237"/>
    <nd ref="8502373238"/>
    <nd ref="9922059492"/>
    <nd ref="8502373239"/>
    <nd ref="9922059493"/>
    <nd ref="8502373240"/>
    <nd ref="8502373241"/>
    <nd ref="8502373242"/>
    <nd ref="9922059494"/>
    <nd ref="8502373243"/>
    <nd ref="8502373244"/>
    <nd ref="8502373245"/>
    <nd ref="8502373276"/>
    <nd ref="8502373246"/>
    <nd ref="8502373247"/>
    <nd ref="9922059495"/>
    <nd ref="8502373248"/>
    <nd ref="8502373249"/>
    <nd ref="9922059496"/>
    <nd ref="8502373250"/>
    <nd ref="8502373251"/>
    <nd ref="9922059497"/>
    <nd ref="8502373252"/>
    <nd ref="9922059498"/>
    <nd ref="8502373253"/>
    <nd ref="8502373254"/>
    <nd ref="9922059499"/>
    <nd ref="8502373255"/>
    <nd ref="8502373256"/>
    <nd ref="8502373257"/>
    <tag k="footway" v="sidewalk"/>
    <tag k="highway" v="footway"/>
  </way>
  <way id="917224820" version="1" timestamp="2021-03-15T02:13:07Z" changeset="101013671" uid="12497850" user="unikingr">
    <nd ref="8519322160"/>
    <nd ref="8519322161"/>
    <tag k="highway" v="service"/>
    <tag k="service" v="parking_aisle"/>
  </way>
  <way id="987242362" version="1" timestamp="2021-09-27T01:00:40Z" changeset="111744429" uid="12842151" user="DLance">
    <nd ref="9125323790"/>
    <nd ref="9125323791"/>
    <nd ref="9125323792"/>
    <nd ref="9125323793"/>
    <nd ref="9125323794"/>
    <nd ref="9125323795"/>
    <nd ref="9125323796"/>
    <nd ref="9125323797"/>
    <nd ref="9125323798"/>
    <nd ref="9125323799"/>
    <nd ref="9125323800"/>
    <nd ref="9125323801"/>
    <nd ref="9125323802"/>
    <nd ref="9125323803"/>
    <nd ref="9125323804"/>
    <nd ref="9125323805"/>
    <nd ref="9125323806"/>
    <nd ref="9125323807"/>
    <nd ref="9125323808"/>
    <nd ref="9125323809"/>
    <nd ref="9125323810"/>
    <nd ref="9125323811"/>
    <nd ref="9125323812"/>
    <nd ref="9125323813"/>
    <nd ref="9125323814"/>
    <nd ref="9125323815"/>
    <nd ref="9125323816"/>
    <nd ref="9125323817"/>
    <nd ref="9125323818"/>
    <nd ref="9125323819"/>
    <nd ref="9125323820"/>
    <nd ref="9125323821"/>
    <nd ref="9125323822"/>
    <nd ref="9125323823"/>
    <nd ref="9125323824"/>
    <nd ref="9125323825"/>
    <nd ref="9125323826"/>
    <nd ref="9125323827"/>
    <nd ref="9125323828"/>
    <nd ref="9125323829"/>
    <nd ref="9125323830"/>
    <nd ref="9125323831"/>
    <nd ref="9125323832"/>
    <nd ref="9125323833"/>
    <nd ref="9125323834"/>
    <nd ref="9125323835"/>
    <nd ref="9125323836"/>
    <nd ref="9125323837"/>
    <nd ref="9125323790"/>
    <tag k="amenity" v="parking"/>
  </way>
  <way id="1082647798" version="2" timestamp="2022-11-25T14:08:50Z" changeset="129370897" uid="12842151" user="DLance">
    <nd ref="9921857707"/>
    <nd ref="9921857708"/>
    <nd ref="9921857709"/>
    <nd ref="9921857710"/>
    <nd ref="9921857711"/>
    <nd ref="9921857712"/>
    <nd ref="9921857713"/>
    <nd ref="9921857716"/>
    <nd ref="9921857720"/>
    <nd ref="9921857721"/>
    <nd ref="9921857723"/>
    <nd ref="9921857724"/>
    <nd ref="9922038778"/>
    <nd ref="9921857735"/>
    <nd ref="9921857736"/>
    <nd ref="9921857738"/>
    <nd ref="9921857739"/>
    <nd ref="9921857741"/>
    <nd ref="9921857742"/>
    <nd ref="9921857743"/>
    <nd ref="9921857744"/>
    <nd ref="9921857745"/>
    <nd ref="9922038779"/>
    <nd ref="9921857747"/>
    <nd ref="9921857748"/>
    <nd ref="9921857749"/>
    <nd ref="9921857750"/>
    <nd ref="9921857751"/>
    <nd ref="9921857752"/>
    <nd ref="9921857753"/>
    <nd ref="9921857754"/>
    <nd ref="9921857755"/>
    <nd ref="9922038780"/>
    <nd ref="9922038781"/>
    <nd ref="9922038782"/>
    <nd ref="9922038783"/>
    <nd ref="9922038784"/>
    <nd ref="9922038785"/>
    <nd ref="9922038786"/>
    <nd ref="9922038787"/>
    <nd ref="9922038788"/>
    <nd ref="9922038789"/>
    <nd ref="9922038790"/>
    <nd ref="9922038791"/>
    <nd ref="9922038792"/>
    <nd ref="9922038793"/>
    <nd ref="9922038794"/>
    <nd ref="9922038795"/>
    <nd ref="9922038796"/>
    <nd ref="9922038797"/>
    <nd ref="9922038798"/>
    <nd ref="9922038799"/>
    <nd ref="9922038800"/>
    <nd ref="9922038801"/>
    <nd ref="9922038802"/>
    <nd ref="9922038803"/>
    <nd ref="9922038804"/>
    <nd ref="9922038805"/>
    <nd ref="9922038806"/>
    <nd ref="9922038807"/>
    <nd ref="9921857486"/>
    <nd ref="9921857487"/>
    <nd ref="9921857488"/>
    <nd ref="9921857489"/>
    <nd ref="9921857490"/>
    <nd ref="9921857491"/>
    <nd ref="9921857412"/>
    <nd ref="9922038808"/>
    <nd ref="9922038809"/>
    <nd ref="9922038810"/>
    <nd ref="9922038811"/>
    <nd ref="9922038812"/>
    <nd ref="9922038813"/>
    <nd ref="9921844269"/>
    <nd ref="9921844270"/>
    <nd ref="9921844271"/>
    <nd ref="9921844272"/>
    <nd ref="9921844273"/>
    <nd ref="9921844274"/>
    <nd ref="9921844275"/>
    <nd ref="9921844276"/>
    <nd ref="9921844277"/>
    <nd ref="9921844278"/>
    <nd ref="9921844279"/>
    <nd ref="9921844280"/>
    <nd ref="9921857390"/>
    <nd ref="9921857389"/>
    <nd ref="9922038814"/>
    <nd ref="9922038815"/>
    <nd ref="9922038816"/>
    <nd ref="9922057517"/>
    <nd ref="9922057518"/>
    <nd ref="9922057519"/>
    <nd ref="9922057520"/>
    <nd ref="9922057521"/>
    <nd ref="9922057522"/>
    <nd ref="9922057523"/>
    <nd ref="9921857032"/>
    <nd ref="9921857036"/>
    <nd ref="9921857037"/>
    <nd ref="9921857038"/>
    <nd ref="9921857039"/>
    <nd ref="9921857040"/>
    <nd ref="9922057524"/>
    <nd ref="9922057525"/>
    <nd ref="9922057526"/>
    <nd ref="9922057527"/>
    <nd ref="9922057528"/>
    <nd ref="9922057529"/>
    <nd ref="9922057530"/>
    <nd ref="9922057531"/>
    <nd ref="9922057532"/>
    <nd ref="9922057533"/>
    <nd ref="9922057534"/>
    <nd ref="9922057535"/>
    <nd ref="9922057536"/>
    <nd ref="9922057537"/>
    <nd ref="9922057538"/>
    <nd ref="9922057539"/>
    <nd ref="9922057540"/>
    <nd ref="9922057541"/>
    <nd ref="9922057542"/>
    <nd ref="9922057543"/>
    <nd ref="9922057544"/>
    <nd ref="9922057545"/>
    <nd ref="9922057546"/>
    <nd ref="9922057547"/>
    <nd ref="9922057548"/>
    <nd ref="9922057549"/>
    <nd ref="9922057550"/>
    <nd ref="9922057551"/>
    <nd ref="9922059157"/>
    <nd ref="9922057552"/>
    <nd ref="9922057553"/>
    <nd ref="9922057554"/>
    <nd ref="9922057555"/>
    <nd ref="9922059152"/>
    <nd ref="9922057556"/>
    <nd ref="9922057557"/>
    <nd ref="9922057558"/>
    <nd ref="9922057559"/>
    <nd ref="9922057560"/>
    <nd ref="9922057561"/>
    <nd ref="9922057562"/>
    <nd ref="9922057563"/>
    <nd ref="9922057564"/>
    <nd ref="9922059275"/>
    <nd ref="9922057565"/>
    <nd ref="9922057566"/>
    <nd ref="9922057567"/>
    <nd ref="9922057568"/>
    <nd ref="9922057569"/>
    <nd ref="9922057570"/>
    <nd ref="9922057571"/>
    <nd ref="9922057572"/>
    <nd ref="9922057573"/>
    <nd ref="9922057574"/>
    <nd ref="9922057575"/>
    <nd ref="9922057576"/>
    <nd ref="9922057577"/>
    <nd ref="9922057578"/>
    <nd ref="9922057579"/>
    <nd ref="9922057580"/>
    <nd ref="9922057581"/>
    <nd ref="9922057582"/>
    <nd ref="9922057583"/>
    <nd ref="9922057584"/>
    <nd ref="9922057585"/>
    <nd ref="9922057586"/>
    <nd ref="9922057587"/>
    <nd ref="9922057588"/>
    <nd ref="9922057589"/>
    <nd ref="9922057590"/>
    <nd ref="9922057591"/>
    <nd ref="9922057592"/>
    <nd ref="9922057593"/>
    <nd ref="9922057594"/>
    <nd ref="9922057595"/>
    <nd ref="9922057596"/>
    <nd ref="9922057597"/>
    <nd ref="9922057598"/>
    <nd ref="9922057599"/>
    <nd ref="9922057600"/>
    <nd ref="9922057601"/>
    <nd ref="9922057602"/>
    <nd ref="9922057603"/>
    <nd ref="9922057604"/>
    <nd ref="9922057605"/>
    <nd ref="9922057606"/>
    <nd ref="9922057607"/>
    <nd ref="9922057608"/>
    <nd ref="9922057609"/>
    <nd ref="9922057610"/>
    <nd ref="9922057611"/>
    <nd ref="9922057612"/>
    <nd ref="9922057613"/>
    <nd ref="9922057614"/>
    <nd ref="9922057615"/>
    <nd ref="9922057616"/>
    <nd ref="9922057617"/>
    <nd ref="9922057618"/>
    <nd ref="9922057619"/>
    <nd ref="9922057620"/>
    <nd ref="9922057621"/>
    <nd ref="9922057622"/>
    <nd ref="9922057623"/>
    <nd ref="9922057624"/>
    <nd ref="9922057625"/>
    <nd ref="9921857877"/>
    <nd ref="9921857878"/>
    <nd ref="9922057626"/>
    <nd ref="9921857880"/>
    <nd ref="9921857881"/>
    <nd ref="9921857882"/>
    <nd ref="9921857883"/>
    <nd ref="9922057627"/>
    <nd ref="9922057628"/>
    <nd ref="9922057629"/>
    <nd ref="9922057630"/>
    <nd ref="9922057631"/>
    <nd ref="9922057632"/>
    <nd ref="9922057633"/>
    <nd ref="9921857895"/>
    <nd ref="9921857896"/>
    <nd ref="9921857897"/>
    <nd ref="9921857898"/>
    <nd ref="9921857899"/>
    <nd ref="9921857900"/>
    <nd ref="9921857901"/>
    <nd ref="9921857902"/>
    <nd ref="9921857904"/>
    <nd ref="9921857905"/>
    <nd ref="9921857906"/>
    <nd ref="9921857907"/>
    <nd ref="9921857908"/>
    <nd ref="9921857909"/>
    <nd ref="9921857910"/>
    <nd ref="9921857911"/>
    <nd ref="9921857912"/>
    <nd ref="9921857913"/>
    <nd ref="9921857914"/>
    <nd ref="9921857915"/>
    <nd ref="9921857916"/>
    <nd ref="9921857917"/>
    <nd ref="9921857918"/>
    <nd ref="9921857919"/>
    <nd ref="9921857920"/>
    <nd ref="9921857921"/>
    <nd ref="9921857922"/>
    <nd ref="9921857923"/>
    <nd ref="9921857924"/>
    <nd ref="9921857925"/>
    <nd ref="9921857926"/>
    <nd ref="9921857927"/>
    <nd ref="9921857928"/>
    <nd ref="9921857929"/>
    <nd ref="9921857930"/>
    <nd ref="9921857931"/>
    <nd ref="9921857932"/>
    <nd ref="9922057634"/>
    <nd ref="9921857934"/>
    <nd ref="9921857935"/>
    <nd ref="9921857936"/>
    <nd ref="9921857937"/>
    <nd ref="9921857938"/>
    <nd ref="9921857939"/>
    <nd ref="9921857940"/>
    <nd ref="9921857941"/>
    <nd ref="9921857942"/>
    <nd ref="9921857943"/>
    <nd ref="9921857944"/>
    <nd ref="9921857945"/>
    <nd ref="9921857946"/>
    <nd ref="9921857947"/>
    <nd ref="9921857948"/>
    <nd ref="9921857949"/>
    <nd ref="9921857950"/>
    <nd ref="9921857951"/>
    <nd ref="9921857952"/>
    <nd ref="9921857953"/>
    <nd ref="9922057635"/>
    <nd ref="9922057636"/>
    <nd ref="9922057637"/>
    <nd ref="9922057638"/>
    <nd ref="9922057639"/>
    <nd ref="9922057640"/>
    <nd ref="9922057641"/>
    <nd ref="9922057642"/>
    <nd ref="9922057643"/>
    <nd ref="9922057644"/>
    <nd ref="9922057645"/>
    <nd ref="9922057646"/>
    <nd ref="9922057647"/>
    <nd ref="9922057648"/>
    <nd ref="9922057649"/>
    <nd ref="9922057650"/>
    <nd ref="9922057651"/>
    <nd ref="9922057652"/>
    <nd ref="9922057653"/>
    <nd ref="9922057654"/>
    <nd ref="9922057655"/>
    <nd ref="9922057656"/>
    <nd ref="9922057657"/>
    <nd ref="9922057658"/>
    <nd ref="9922057659"/>
    <nd ref="9922057660"/>
    <nd ref="9922057661"/>
    <nd ref="9922057662"/>
    <nd ref="9922057663"/>
    <nd ref="9922057664"/>
    <nd ref="9922057665"/>
    <nd ref="9922057666"/>
    <nd ref="9922057667"/>
    <nd ref="9922057668"/>
    <nd ref="9922057669"/>
    <nd ref="9922057670"/>
    <nd ref="9922057671"/>
    <nd ref="9922057672"/>
    <nd ref="9922057673"/>
    <nd ref="9922057674"/>
    <nd ref="9922057675"/>
    <nd ref="9922057676"/>
    <nd ref="9922057677"/>
    <nd ref="9922057678"/>
    <nd ref="9922057679"/>
    <nd ref="9922057680"/>
    <nd ref="9922057681"/>
    <nd ref="9922057682"/>
    <nd ref="9922057683"/>
    <nd ref="9922057684"/>
    <nd ref="9922057685"/>
    <nd ref="9922057686"/>
    <nd ref="9922057687"/>
    <nd ref="9922057688"/>
    <nd ref="9922057689"/>
    <nd ref="9922057690"/>
    <nd ref="9922057691"/>
    <nd ref="9922057692"/>
    <nd ref="9922057693"/>
    <nd ref="9922057694"/>
    <nd ref="9922057695"/>
    <nd ref="9922057696"/>
    <nd ref="9922057697"/>
    <nd ref="9922057698"/>
    <nd ref="9922057699"/>
    <nd ref="9922057700"/>
    <nd ref="9922057701"/>
    <nd ref="9922057702"/>
    <nd ref="9922057703"/>
    <nd ref="9922057704"/>
    <nd ref="9922057705"/>
    <nd ref="9922057706"/>
    <nd ref="9922057707"/>
    <nd ref="9922057708"/>
    <nd ref="9922057709"/>
    <nd ref="9921519205"/>
    <nd ref="9921519204"/>
    <nd ref="9921519203"/>
    <nd ref="9921519202"/>
    <nd ref="9921519201"/>
    <nd ref="9921519200"/>
    <nd ref="9921519199"/>
    <nd ref="9921519198"/>
    <nd ref="9921519197"/>
    <nd ref="9921519196"/>
    <nd ref="9921519195"/>
    <nd ref="9921519194"/>
    <nd ref="9921519193"/>
    <nd ref="9921519192"/>
    <nd ref="9922057710"/>
    <nd ref="9922057711"/>
    <nd ref="9922057712"/>
    <nd ref="9922057713"/>
    <nd ref="9922057714"/>
    <nd ref="9922057715"/>
    <nd ref="9922057716"/>
    <nd ref="9922057717"/>
    <nd ref="9922057718"/>
    <nd ref="10217217073"/>
    <nd ref="9922057719"/>
    <nd ref="9922057720"/>
    <nd ref="9922057721"/>
    <nd ref="9922057722"/>
    <nd ref="9922057723"/>
    <nd ref="9922057724"/>
    <nd ref="9922057725"/>
    <nd ref="9922057726"/>
    <nd ref="9922057727"/>
    <nd ref="9922057728"/>
    <nd ref="9922057729"/>
    <nd ref="9922057730"/>
    <nd ref="9922057731"/>
    <nd ref="9922057732"/>
    <nd ref="9922057733"/>
    <nd ref="9922057734"/>
    <nd ref="9922057735"/>
    <nd ref="9922057736"/>
    <nd ref="9922057737"/>
    <nd ref="9922057738"/>
    <nd ref="9922057739"/>
    <nd ref="9922057740"/>
    <nd ref="9922057741"/>
    <nd ref="9922057742"/>
    <nd ref="9922057743"/>
    <nd ref="9922057744"/>
    <nd ref="9922057745"/>
    <nd ref="9922057746"/>
    <nd ref="9922057747"/>
    <nd ref="9922057748"/>
    <nd ref="9922057749"/>
    <nd ref="9922057750"/>
    <nd ref="9922057751"/>
    <nd ref="9922057752"/>
    <nd ref="9922057753"/>
    <nd ref="9922057754"/>
    <nd ref="9922057755"/>
    <nd ref="9922057756"/>
    <nd ref="9922057757"/>
    <nd ref="9922057758"/>
    <nd ref="9922057759"/>
    <nd ref="9922057760"/>
    <nd ref="9922057761"/>
    <nd ref="9922057762"/>
    <nd ref="9922057763"/>
    <nd ref="9922057764"/>
    <nd ref="9922057765"/>
    <nd ref="9922057766"/>
    <nd ref="9922057767"/>
    <nd ref="9922057768"/>
    <nd ref="9922057769"/>
    <nd ref="9922057770"/>
    <nd ref="9922057771"/>
    <nd ref="9922057772"/>
    <nd ref="9922057773"/>
    <nd ref="9922057774"/>
    <nd ref="9922057775"/>
    <nd ref="9922057776"/>
    <nd ref="9922057777"/>
    <nd ref="9922057778"/>
    <nd ref="9922057779"/>
    <nd ref="9922057780"/>
    <nd ref="9922057781"/>
    <nd ref="9922057782"/>
    <nd ref="9922057783"/>
    <nd ref="9922057784"/>
    <nd ref="9922057785"/>
    <nd ref="9922057786"/>
    <nd ref="9922057787"/>
    <nd ref="9922057788"/>
    <nd ref="9922057789"/>
    <nd ref="9922057790"/>
    <nd ref="9922057791"/>
    <nd ref="9922057792"/>
    <nd ref="9922057793"/>
    <nd ref="9922057794"/>
    <nd ref="9922057795"/>
    <nd ref="9922057796"/>
    <nd ref="9922057797"/>
    <nd ref="9922057798"/>
    <nd ref="9922057799"/>
    <nd ref="9922057800"/>
    <nd ref="9922057801"/>
    <nd ref="9922057802"/>
    <nd ref="9922057803"/>
    <nd ref="9922057804"/>
    <nd ref="9922057805"/>
    <nd ref="9922057806"/>
    <nd ref="9922057807"/>
    <nd ref="9922057808"/>
    <nd ref="9922057809"/>
    <nd ref="9922057810"/>
    <nd ref="9922057811"/>
    <nd ref="9922057812"/>
    <nd ref="9922057813"/>
    <nd ref="9922057814"/>
    <nd ref="9922057815"/>
    <nd ref="9922057816"/>
    <nd ref="9922057817"/>
    <nd ref="9922057818"/>
    <nd ref="9922057819"/>
    <nd ref="9922057820"/>
    <nd ref="9922057821"/>
    <nd ref="9922057822"/>
    <nd ref="9922057823"/>
    <nd ref="9922057824"/>
    <nd ref="9922057825"/>
    <nd ref="9922057826"/>
    <nd ref="9922057827"/>
    <nd ref="9922057828"/>
    <nd ref="9922057829"/>
    <nd ref="9922057830"/>
    <nd ref="9922057831"/>
    <nd ref="9922057832"/>
    <nd ref="9922057833"/>
    <nd ref="9922057834"/>
    <nd ref="9922057835"/>
    <nd ref="9922057836"/>
    <nd ref="9922057837"/>
    <nd ref="9922057838"/>
    <nd ref="9922057839"/>
    <nd ref="9922057840"/>
    <nd ref="9922057841"/>
    <nd ref="9922057842"/>
    <nd ref="9922057843"/>
    <nd ref="9922057844"/>
    <nd ref="9922057845"/>
    <nd ref="9922057846"/>
    <nd ref="9922057847"/>
    <nd ref="9922057848"/>
    <nd ref="9922057849"/>
    <nd ref="9922057850"/>
    <nd ref="9922057851"/>
    <nd ref="9922058078"/>
    <nd ref="9922057852"/>
    <nd ref="9922057853"/>
    <nd ref="9922057854"/>
    <nd ref="9922057855"/>
    <nd ref="9922057856"/>
    <nd ref="9922057857"/>
    <nd ref="9922058077"/>
    <nd ref="9922057858"/>
    <nd ref="9922058064"/>
    <nd ref="9922057859"/>
    <nd ref="9922057860"/>
    <nd ref="9922057861"/>
    <nd ref="9922057862"/>
    <nd ref="9922057863"/>
    <nd ref="9922057864"/>
    <nd ref="9922057865"/>
    <nd ref="9922057866"/>
    <nd ref="9922058116"/>
    <nd ref="9922057867"/>
    <nd ref="9922057868"/>
    <nd ref="9922057869"/>
    <nd ref="9922057870"/>
    <nd ref="9922057871"/>
    <nd ref="9922057872"/>
    <nd ref="9922057873"/>
    <nd ref="9922057874"/>
    <nd ref="9922057875"/>
    <nd ref="9922057876"/>
    <nd ref="9922057877"/>
    <nd ref="9922057878"/>
    <nd ref="9922057879"/>
    <nd ref="9922057880"/>
    <nd ref="9922058044"/>
    <nd ref="9922057881"/>
    <nd ref="9922057882"/>
    <nd ref="9922057883"/>
    <nd ref="9922057884"/>
    <nd ref="9922057885"/>
    <nd ref="9922057886"/>
    <nd ref="9922057887"/>
    <nd ref="9922057888"/>
    <nd ref="9922057889"/>
    <nd ref="9922057890"/>
    <nd ref="9922057891"/>
    <nd ref="9922057892"/>
    <nd ref="9922057893"/>
    <nd ref="9922057894"/>
    <nd ref="9922057895"/>
    <nd ref="9922057896"/>
    <nd ref="9922057897"/>
    <nd ref="9922058047"/>
    <nd ref="9922057898"/>
    <nd ref="9922058048"/>
    <nd ref="9922057899"/>
    <nd ref="9922057900"/>
    <nd ref="9922057901"/>
    <nd ref="9922057902"/>
    <nd ref="9922057903"/>
    <nd ref="9922057904"/>
    <nd ref="9922057905"/>
    <nd ref="9922057906"/>
    <nd ref="9922057907"/>
    <nd ref="9922057908"/>
    <nd ref="9922057909"/>
    <nd ref="9922057910"/>
    <nd ref="9922057911"/>
    <nd ref="9922057912"/>
    <nd ref="9922057913"/>
    <nd ref="9922057914"/>
    <nd ref="9922057915"/>
    <nd ref="9922057916"/>
    <nd ref="9922057917"/>
    <nd ref="9922057918"/>
    <nd ref="9922057919"/>
    <nd ref="9922057920"/>
    <nd ref="9922057940"/>
    <nd ref="9922057921"/>
    <nd ref="9922057922"/>
    <nd ref="9922057923"/>
    <nd ref="9922057924"/>
    <nd ref="9922057925"/>
    <nd ref="9922057926"/>
    <nd ref="9922057927"/>
    <nd ref="9922057928"/>
    <nd ref="9922057929"/>
    <nd ref="9922057930"/>
    <nd ref="9922057931"/>
    <nd ref="9922057932"/>
    <nd ref="9922057933"/>
    <nd ref="9922057934"/>
    <nd ref="9922057935"/>
    <nd ref="9922057936"/>
    <nd ref="9922057937"/>
    <nd ref="9922057938"/>
    <nd ref="9922057939"/>
    <nd ref="9921857707"/>
    <tag k="landuse" v="residential"/>
  </way>
  <way id="1082647800" version="1" timestamp="2022-07-31T09:31:37Z" changeset="124294228" uid="3816962" user="bking22">
    <nd ref="9922057910"/>
    <nd ref="9922057953"/>
    <nd ref="9922057954"/>
    <nd ref="9922057955"/>
    <nd ref="9922057956"/>
    <nd ref="9922057957"/>
    <nd ref="9922057958"/>
    <nd ref="9922057959"/>
    <nd ref="9922057960"/>
    <nd ref="9922057961"/>
    <nd ref="9922057962"/>
    <nd ref="9922057963"/>
    <nd ref="9922057964"/>
    <nd ref="9922057965"/>
    <nd ref="9922057966"/>
    <nd ref="9922057967"/>
    <nd ref="9922057968"/>
    <nd ref="9922057969"/>
    <nd ref="9922057970"/>
    <nd ref="9922057971"/>
    <nd ref="9922057972"/>
    <nd ref="9922057973"/>
    <nd ref="9922057974"/>
    <nd ref="9922057975"/>
    <nd ref="9922057976"/>
    <nd ref="9922057977"/>
    <nd ref="9922057978"/>
    <nd ref="9922057979"/>
    <nd ref="9922057980"/>
    <nd ref="9922057981"/>
    <nd ref="9922057982"/>
    <nd ref="9922057983"/>
    <nd ref="9922057984"/>
    <nd ref="9922057985"/>
    <nd ref="9922057986"/>
    <nd ref="9922057987"/>
    <nd ref="9922057988"/>
    <nd ref="9922057989"/>
    <nd ref="9922057990"/>
    <nd ref="9922057991"/>
    <nd ref="9922057992"/>
    <nd ref="9922057993"/>
    <nd ref="9922057994"/>
    <nd ref="9922057995"/>
    <nd ref="9922057996"/>
    <nd ref="9922057997"/>
    <nd ref="9922057998"/>
    <nd ref="9922057999"/>
    <nd ref="9922058000"/>
    <nd ref="9922058001"/>
    <nd ref="9922058002"/>
    <nd ref="9922058003"/>
    <nd ref="9922058004"/>
    <nd ref="9922058005"/>
    <nd ref="9922058006"/>
    <nd ref="9922058007"/>
    <nd ref="9922058008"/>
    <nd ref="9922058009"/>
    <nd ref="9922058010"/>
    <nd ref="9922058011"/>
    <nd ref="9922058012"/>
    <nd ref="9922058013"/>
    <nd ref="9922058014"/>
    <nd ref="9922058015"/>
    <nd ref="9922058016"/>
    <nd ref="9922058017"/>
    <nd ref="9922058018"/>
    <nd ref="9922058019"/>
    <nd ref="9922058020"/>
    <nd ref="9922058021"/>
    <nd ref="9922058022"/>
    <nd ref="9922058023"/>
    <nd ref="9922058024"/>
    <nd ref="9922058025"/>
    <nd ref="9922058026"/>
    <nd ref="9922058027"/>
    <nd ref="9922058028"/>
    <nd ref="9922058029"/>
    <nd ref="9922058030"/>
    <nd ref="9922058031"/>
    <nd ref="9922058032"/>
    <nd ref="9922058033"/>
    <nd ref="9922058034"/>
    <nd ref="9922058035"/>
    <nd ref="9922058036"/>
    <nd ref="9922058037"/>
    <nd ref="9922058038"/>
    <nd ref="9922058039"/>
    <nd ref="9922058040"/>
    <nd ref="9922058041"/>
    <nd ref="9922058042"/>
    <nd ref="9922058043"/>
    <nd ref="9922058044"/>
    <nd ref="9922057881"/>
    <nd ref="9922057882"/>
    <nd ref="9922057883"/>
    <nd ref="9922057884"/>
    <nd ref="9922057885"/>
    <nd ref="9922057886"/>
    <nd ref="9922057887"/>
    <nd ref="9922057888"/>
    <nd ref="9922057889"/>
    <nd ref="9922057890"/>
    <nd ref="9922057891"/>
    <nd ref="9922057892"/>
    <nd ref="9922057893"/>
    <nd ref="9922057894"/>
    <nd ref="9922057895"/>
    <nd ref="9922057897"/>
    <nd ref="9922058045"/>
    <nd ref="9922058046"/>
    <nd ref="9922058047"/>
    <nd ref="9922057898"/>
    <nd ref="9922058048"/>
    <nd ref="9922057899"/>
    <nd ref="9922057900"/>
    <nd ref="9922057901"/>
    <nd ref="9922057902"/>
    <nd ref="9922057903"/>
    <nd ref="9922057904"/>
    <nd ref="9922057905"/>
    <nd ref="9922057906"/>
    <nd ref="9922058049"/>
    <nd ref="9922057907"/>
    <nd ref="9922057908"/>
    <nd ref="9922057909"/>
    <nd ref="9922057910"/>
    <tag k="natural" v="wood"/>
  </way>
  <way id="1082647812" version="1" timestamp="2022-07-31T09:31:37Z" changeset="124294228" uid="3816962" user="bking22">
    <nd ref="9922058320"/>
    <nd ref="9922058321"/>
    <nd ref="9922058322"/>
    <nd ref="9922058950"/>
    <nd ref="9922058323"/>
    <nd ref="9922058324"/>
    <nd ref="9922058325"/>
    <nd ref="9922058410"/>
    <nd ref="9922058326"/>
    <nd ref="9922058327"/>
    <nd ref="9922058328"/>
    <nd ref="9922058329"/>
    <nd ref="9922058949"/>
    <nd ref="9922058330"/>
    <nd ref="9922058331"/>
    <nd ref="9922058948"/>
    <nd ref="9922058332"/>
    <nd ref="9922058947"/>
    <nd ref="9922058333"/>
    <nd ref="9922058334"/>
    <nd ref="9922058946"/>
    <nd ref="9922058335"/>
    <nd ref="9922058336"/>
    <nd ref="9922058337"/>
    <nd ref="9922058409"/>
    <nd ref="9922058338"/>
    <nd ref="9922058339"/>
    <nd ref="9922058945"/>
    <nd ref="9922058340"/>
    <nd ref="9922058341"/>
    <nd ref="9922058408"/>
    <nd ref="9922058342"/>
    <nd ref="9922058343"/>
    <nd ref="9922058931"/>
    <nd ref="9922058930"/>
    <nd ref="9922058344"/>
    <nd ref="9922058345"/>
    <nd ref="9922058346"/>
    <nd ref="9922058347"/>
    <nd ref="9922058348"/>
    <nd ref="9922058349"/>
    <nd ref="9922058350"/>
    <nd ref="9922058929"/>
    <nd ref="9922058351"/>
    <nd ref="9922058928"/>
    <nd ref="9922058352"/>
    <nd ref="9922058353"/>
    <nd ref="9922058354"/>
    <nd ref="9922058355"/>
    <nd ref="9922058407"/>
    <nd ref="9922058356"/>
    <nd ref="9922058357"/>
    <nd ref="9922058358"/>
    <nd ref="9922058359"/>
    <nd ref="9922058360"/>
    <nd ref="9922058361"/>
    <nd ref="9922058362"/>
    <nd ref="9922058363"/>
    <nd ref="9922058364"/>
    <nd ref="9922058365"/>
    <nd ref="9922058406"/>
    <nd ref="9922058366"/>
    <nd ref="9922058367"/>
    <nd ref="9922058368"/>
    <nd ref="9922058369"/>
    <nd ref="9922059069"/>
    <nd ref="9922058370"/>
    <nd ref="9922059068"/>
    <nd ref="9922058371"/>
    <nd ref="9922058372"/>
    <nd ref="9922058373"/>
    <nd ref="9922058374"/>
    <nd ref="9922058375"/>
    <nd ref="9922058405"/>
    <nd ref="9922058376"/>
    <nd ref="9922058377"/>
    <nd ref="9922058378"/>
    <nd ref="9922058379"/>
    <nd ref="9922058380"/>
    <nd ref="9922058381"/>
    <nd ref="9922058382"/>
    <nd ref="9922058383"/>
    <nd ref="9922058384"/>
    <nd ref="9922059067"/>
    <nd ref="9922058385"/>
    <nd ref="9922058386"/>
    <nd ref="9922058387"/>
    <nd ref="9922058388"/>
    <nd ref="9922059066"/>
    <nd ref="9922058389"/>
    <nd ref="9922058390"/>
    <nd ref="9922059065"/>
    <nd ref="9922058391"/>
    <nd ref="9922058392"/>
    <nd ref="9922058393"/>
    <nd ref="9922058394"/>
    <nd ref="9922058395"/>
    <nd ref="9922058404"/>
    <nd ref="9922058396"/>
    <nd ref="9922058397"/>
    <nd ref="9922058398"/>
    <nd ref="9922058399"/>
    <nd ref="9922058400"/>
    <nd ref="9922058401"/>
    <nd ref="9922058402"/>
    <nd ref="9922058403"/>
    <tag k="footway" v="sidewalk"/>
    <tag k="highway" v="footway"/>
  </way>
  <way id="1082647813" version="1" timestamp="2022-07-31T09:31:37Z" changeset="124294228" uid="3816962" user="bking22">
    <nd ref="9922058396"/>
    <nd ref="9922058411"/>
    <nd ref="9922058412"/>
    <nd ref="9922058413"/>
    <tag k="footway" v="sidewalk"/>
    <tag k="highway" v="footway"/>
  </way>
  <way id="1082647814" version="1" timestamp="2022-07-31T09:31:37Z" changeset="124294228" uid="3816962" user="bking22">
    <nd ref="9922058394"/>
    <nd ref="9922058414"/>
    <nd ref="9922058415"/>
    <nd ref="9922058416"/>
    <nd ref="9922059398"/>
    <nd ref="9922058417"/>
    <nd ref="9922059399"/>
    <nd ref="9922058418"/>
    <nd ref="9922059400"/>
    <nd ref="9922058419"/>
    <nd ref="9922059401"/>
    <nd ref="9922058420"/>
    <nd ref="9922059402"/>
    <nd ref="9922058421"/>
    <nd ref="9922059403"/>
    <nd ref="9922058422"/>
    <nd ref="9922059404"/>
    <nd ref="9922058423"/>
    <nd ref="9922058424"/>
    <nd ref="9922058425"/>
    <nd ref="9922059405"/>
    <nd ref="9922058426"/>
    <nd ref="9922058427"/>
    <nd ref="9922059406"/>
    <nd ref="9922058428"/>
    <nd ref="9922058429"/>
    <nd ref="9922058430"/>
    <nd ref="9922058431"/>
    <nd ref="9922058432"/>
    <nd ref="9922058433"/>
    <nd ref="9922058434"/>
    <nd ref="9922058435"/>
    <nd ref="9922058436"/>
    <nd ref="9922058437"/>
    <nd ref="9922058438"/>
    <nd ref="9922058439"/>
    <nd ref="9922058440"/>
    <nd ref="9922058441"/>
    <nd ref="9922058442"/>
    <nd ref="9922058443"/>
    <nd ref="9922059409"/>
    <nd ref="9922058444"/>
    <nd ref="9922059408"/>
    <nd ref="9922058445"/>
    <nd ref="9922058446"/>
    <nd ref="9922059407"/>
    <nd ref="9922058447"/>
    <nd ref="9922058448"/>
    <nd ref="9922058449"/>
    <nd ref="9922058450"/>
    <nd ref="9922058451"/>
    <nd ref="9922058452"/>
    <nd ref="9922058453"/>
    <tag k="footway" v="sidewalk"/>
    <tag k="highway" v="footway"/>
  </way>
  <way id="1082647815" version="1" timestamp="2022-07-31T09:31:37Z" changeset="124294228" uid="3816962" user="bking22">
    <nd ref="9922058449"/>
    <nd ref="9922058454"/>
    <nd ref="9922058457"/>
    <nd ref="9922058455"/>
    <nd ref="9922058456"/>
    <tag k="crossing" v="unmarked"/>
    <tag k="footway" v="crossing"/>
    <tag k="highway" v="footway"/>
  </way>
  <way id="1082647816" version="1" timestamp="2022-07-31T09:31:37Z" changeset="124294228" uid="3816962" user="bking22">
    <nd ref="9922058458"/>
    <nd ref="9922058459"/>
    <nd ref="9922058460"/>
    <nd ref="9922058456"/>
    <nd ref="9922058461"/>
    <nd ref="9922058462"/>
    <nd ref="9922058463"/>
    <nd ref="9922059397"/>
    <nd ref="9922058464"/>
    <nd ref="9922058465"/>
    <nd ref="9922058466"/>
    <nd ref="9922059396"/>
    <nd ref="9922058467"/>
    <nd ref="9922059395"/>
    <nd ref="9922058468"/>
    <nd ref="9922058376"/>
    <tag k="footway" v="sidewalk"/>
    <tag k="highway" v="footway"/>
  </way>
  <way id="1082647822" version="1" timestamp="2022-07-31T09:31:37Z" changeset="124294228" uid="3816962" user="bking22">
    <nd ref="9922058501"/>
    <nd ref="9922058503"/>
    <nd ref="9922058504"/>
    <nd ref="9922058505"/>
    <nd ref="9922058506"/>
    <nd ref="9922058507"/>
    <nd ref="9922058508"/>
    <nd ref="9922058890"/>
    <nd ref="9922058509"/>
    <nd ref="9922058510"/>
    <nd ref="9922058887"/>
    <nd ref="9922058511"/>
    <nd ref="9922058886"/>
    <nd ref="9922058512"/>
    <nd ref="9922058513"/>
    <nd ref="9922058514"/>
    <nd ref="9922058515"/>
    <nd ref="9922058884"/>
    <nd ref="9922058516"/>
    <nd ref="9922058517"/>
    <nd ref="9922058883"/>
    <nd ref="9922058518"/>
    <nd ref="9922058519"/>
    <nd ref="9922058881"/>
    <nd ref="9922058520"/>
    <nd ref="9922058521"/>
    <nd ref="9922058522"/>
    <nd ref="9922058523"/>
    <nd ref="9922058524"/>
    <nd ref="9922058525"/>
    <nd ref="9922058526"/>
    <nd ref="9922058527"/>
    <nd ref="9922058528"/>
    <nd ref="9922058882"/>
    <nd ref="9922058529"/>
    <nd ref="9922058530"/>
    <nd ref="9922058885"/>
    <nd ref="9922058531"/>
    <nd ref="9922058532"/>
    <nd ref="9922058533"/>
    <nd ref="9922058534"/>
    <nd ref="9922058535"/>
    <nd ref="9922058536"/>
    <nd ref="9922058537"/>
    <nd ref="9922058888"/>
    <nd ref="9922058538"/>
    <nd ref="9922058889"/>
    <nd ref="9922058539"/>
    <nd ref="9922058891"/>
    <nd ref="9922058540"/>
    <nd ref="9922058541"/>
    <nd ref="9922058542"/>
    <nd ref="9922058543"/>
    <nd ref="9922058544"/>
    <nd ref="9922058545"/>
    <nd ref="9922058546"/>
    <nd ref="9922058547"/>
    <nd ref="9922058548"/>
    <nd ref="9922058549"/>
    <nd ref="9922058550"/>
    <nd ref="9922058551"/>
    <nd ref="9922058552"/>
    <nd ref="9922058894"/>
    <nd ref="9922058553"/>
    <nd ref="9922058554"/>
    <nd ref="9922058893"/>
    <nd ref="9922058555"/>
    <nd ref="9922058556"/>
    <nd ref="9922058557"/>
    <nd ref="9922058558"/>
    <nd ref="9922058559"/>
    <nd ref="9922058892"/>
    <nd ref="9922058560"/>
    <nd ref="9922058561"/>
    <nd ref="9922058562"/>
    <nd ref="9922058563"/>
    <nd ref="9922058564"/>
    <nd ref="9922058501"/>
    <tag k="footway" v="sidewalk"/>
    <tag k="highway" v="footway"/>
  </way>
  <way id="1082647823" version="1" timestamp="2022-07-31T09:31:37Z" changeset="124294228" uid="3816962" user="bking22">
    <nd ref="9922058565"/>
    <nd ref="9922058566"/>
    <nd ref="9922058567"/>
    <nd ref="9922058568"/>
    <nd ref="9922058569"/>
    <nd ref="9922058570"/>
    <nd ref="9922058571"/>
    <nd ref="9922058572"/>
    <nd ref="9922058573"/>
    <tag k="footway" v="sidewalk"/>
    <tag k="highway" v="footway"/>
  </way>
  <way id="1082647824" version="1" timestamp="2022-07-31T09:31:37Z" changeset="124294228" uid="3816962" user="bking22">
    <nd ref="9922058574"/>
    <nd ref="9922058576"/>
    <nd ref="9922058575"/>
    <tag k="highway" v="service"/>
    <tag k="service" v="driveway"/>
  </way>
  <way id="1082647825" version="1" timestamp="2022-07-31T09:31:37Z" changeset="124294228" uid="3816962" user="bking22">
    <nd ref="9922058576"/>
    <nd ref="9922058577"/>
    <nd ref="9922058904"/>
    <nd ref="9922058578"/>
    <nd ref="9922058905"/>
    <nd ref="9922058579"/>
    <nd ref="9922058580"/>
    <nd ref="9922058581"/>
    <nd ref="9922058582"/>
    <nd ref="9922058906"/>
    <nd ref="9922058583"/>
    <nd ref="9922058584"/>
    <nd ref="9922058585"/>
    <nd ref="9922058907"/>
    <nd ref="9922058586"/>
    <nd ref="9922058587"/>
    <nd ref="9922058588"/>
    <nd ref="9922058589"/>
    <nd ref="9922058619"/>
    <nd ref="9922058590"/>
    <nd ref="9922058895"/>
    <nd ref="9922058591"/>
    <nd ref="9922058614"/>
    <nd ref="9922058592"/>
    <nd ref="9922058612"/>
    <nd ref="9922058593"/>
    <nd ref="9922058609"/>
    <nd ref="9922058606"/>
    <nd ref="9922058594"/>
    <nd ref="9922058603"/>
    <nd ref="9922058595"/>
    <nd ref="9922058596"/>
    <nd ref="9922058597"/>
    <nd ref="9922058598"/>
    <nd ref="9922058599"/>
    <nd ref="9922058600"/>
    <tag k="footway" v="sidewalk"/>
    <tag k="highway" v="footway"/>
  </way>
  <way id="1082647884" version="1" timestamp="2022-07-31T09:31:37Z" changeset="124294228" uid="3816962" user="bking22">
    <nd ref="9922058863"/>
    <nd ref="9922058884"/>
    <nd ref="9922058864"/>
    <tag k="highway" v="service"/>
    <tag k="service" v="driveway"/>
  </way>
  <way id="1082647885" version="1" timestamp="2022-07-31T09:31:37Z" changeset="124294228" uid="3816962" user="bking22">
    <nd ref="9922058865"/>
    <nd ref="9922058883"/>
    <nd ref="9922058866"/>
    <tag k="highway" v="service"/>
    <tag k="service" v="driveway"/>
  </way>
  <way id="1082647886" version="1" timestamp="2022-07-31T09:31:37Z" changeset="124294228" uid="3816962" user="bking22">
    <nd ref="9922058867"/>
    <nd ref="9922058881"/>
    <nd ref="9922058868"/>
    <tag k="highway" v="service"/>
    <tag k="service" v="driveway"/>
  </way>
  <way id="1082647887" version="1" timestamp="2022-07-31T09:31:37Z" changeset="124294228" uid="3816962" user="bking22">
    <nd ref="9922058869"/>
    <nd ref="9922058882"/>
    <nd ref="9922058870"/>
    <tag k="highway" v="service"/>
    <tag k="service" v="driveway"/>
  </way>
  <way id="1082647888" version="1" timestamp="2022-07-31T09:31:37Z" changeset="124294228" uid="3816962" user="bking22">
    <nd ref="9922058871"/>
    <nd ref="9922058885"/>
    <nd ref="9922058872"/>
    <tag k="highway" v="service"/>
    <tag k="service" v="driveway"/>
  </way>
  <way id="1082647895" version="1" timestamp="2022-07-31T09:31:37Z" changeset="124294228" uid="3816962" user="bking22">
    <nd ref="9922058900"/>
    <nd ref="9922058905"/>
    <nd ref="9922058901"/>
    <tag k="highway" v="service"/>
    <tag k="service" v="driveway"/>
  </way>
  <way id="1082647896" version="1" timestamp="2022-07-31T09:31:37Z" changeset="124294228" uid="3816962" user="bking22">
    <nd ref="9922058902"/>
    <nd ref="9922058904"/>
    <nd ref="9922058903"/>
    <tag k="highway" v="service"/>
    <tag k="service" v="driveway"/>
  </way>
  <way id="1082647930" version="1" timestamp="2022-07-31T09:31:37Z" changeset="124294228" uid="3816962" user="bking22">
    <nd ref="9922059053"/>
    <nd ref="9922059069"/>
    <nd ref="9922059054"/>
    <tag k="highway" v="service"/>
    <tag k="service" v="driveway"/>
  </way>
  <way id="1082647931" version="1" timestamp="2022-07-31T09:31:37Z" changeset="124294228" uid="3816962" user="bking22">
    <nd ref="9922059055"/>
    <nd ref="9922059068"/>
    <nd ref="9922059056"/>
    <tag k="highway" v="service"/>
    <tag k="service" v="driveway"/>
  </way>
  <way id="1082647932" version="1" timestamp="2022-07-31T09:31:37Z" changeset="124294228" uid="3816962" user="bking22">
    <nd ref="9922059057"/>
    <nd ref="9922058383"/>
    <nd ref="9922059058"/>
    <tag k="highway" v="service"/>
    <tag k="service" v="driveway"/>
  </way>
  <way id="1082647933" version="1" timestamp="2022-07-31T09:31:37Z" changeset="124294228" uid="3816962" user="bking22">
    <nd ref="9922059059"/>
    <nd ref="9922059067"/>
    <nd ref="9922059060"/>
    <tag k="highway" v="service"/>
    <tag k="service" v="driveway"/>
  </way>
  <way id="1082647934" version="1" timestamp="2022-07-31T09:31:37Z" changeset="124294228" uid="3816962" user="bking22">
    <nd ref="9922059061"/>
    <nd ref="9922059066"/>
    <nd ref="9922059062"/>
    <tag k="highway" v="service"/>
    <tag k="service" v="driveway"/>
  </way>
  <way id="1082647935" version="1" timestamp="2022-07-31T09:31:37Z" changeset="124294228" uid="3816962" user="bking22">
    <nd ref="9922059063"/>
    <nd ref="9922059065"/>
    <nd ref="9922059064"/>
    <tag k="highway" v="service"/>
    <tag k="service" v="driveway"/>
  </way>
  <way id="1082647936" version="1" timestamp="2022-07-31T09:31:37Z" changeset="124294228" uid="3816962" user="bking22">
    <nd ref="9922059070"/>
    <nd ref="9922059071"/>
    <nd ref="9922059072"/>
    <nd ref="9922059073"/>
    <nd ref="9922059074"/>
    <nd ref="9922059358"/>
    <nd ref="9922059075"/>
    <nd ref="9922059076"/>
    <nd ref="9922059077"/>
    <nd ref="9922059078"/>
    <nd ref="9922059079"/>
    <nd ref="9922059357"/>
    <nd ref="9922059080"/>
    <nd ref="9922059081"/>
    <nd ref="9922059356"/>
    <nd ref="9922059082"/>
    <nd ref="9922059083"/>
    <nd ref="9922059355"/>
    <nd ref="9922059084"/>
    <nd ref="9922059354"/>
    <nd ref="9922059085"/>
    <nd ref="9922059353"/>
    <nd ref="9922059086"/>
    <nd ref="9922059352"/>
    <nd ref="9922059087"/>
    <nd ref="9922059351"/>
    <nd ref="9922059088"/>
    <nd ref="9922059350"/>
    <nd ref="9922059349"/>
    <nd ref="9922059089"/>
    <nd ref="9922059348"/>
    <nd ref="9922059090"/>
    <nd ref="9922059347"/>
    <nd ref="9922059346"/>
    <nd ref="9922059091"/>
    <nd ref="9922059345"/>
    <nd ref="9922059092"/>
    <nd ref="9922059344"/>
    <nd ref="9922059103"/>
    <nd ref="9922059093"/>
    <nd ref="9922059343"/>
    <nd ref="9922059094"/>
    <nd ref="9922059342"/>
    <nd ref="9922059095"/>
    <nd ref="9922059096"/>
    <nd ref="9922059341"/>
    <nd ref="9922059097"/>
    <nd ref="9922059340"/>
    <nd ref="9922059098"/>
    <nd ref="9922059099"/>
    <nd ref="9922059100"/>
    <tag k="footway" v="sidewalk"/>
    <tag k="highway" v="footway"/>
  </way>
  <way id="1082647937" version="1" timestamp="2022-07-31T09:31:37Z" changeset="124294228" uid="3816962" user="bking22">
    <nd ref="9922059101"/>
    <nd ref="9922059100"/>
    <nd ref="9922059102"/>
    <tag k="highway" v="service"/>
    <tag k="service" v="driveway"/>
  </way>
  <way id="1082647938" version="1" timestamp="2022-07-31T09:31:37Z" changeset="124294228" uid="3816962" user="bking22">
    <nd ref="9922059103"/>
    <nd ref="9922059104"/>
    <nd ref="9922059105"/>
    <nd ref="9922059106"/>
    <nd ref="9922059107"/>
    <nd ref="9922059108"/>
    <nd ref="9922059109"/>
    <nd ref="9922059110"/>
    <nd ref="9922059111"/>
    <nd ref="9922059151"/>
    <nd ref="9922059112"/>
    <nd ref="9922059113"/>
    <nd ref="9922059114"/>
    <nd ref="9922059115"/>
    <nd ref="9922059116"/>
    <nd ref="9922059117"/>
    <nd ref="9922059118"/>
    <nd ref="9922059119"/>
    <nd ref="9922059280"/>
    <nd ref="9922059120"/>
    <nd ref="9922059121"/>
    <nd ref="9922059122"/>
    <nd ref="9922059123"/>
    <nd ref="9922059124"/>
    <nd ref="9922059125"/>
    <nd ref="9922059126"/>
    <nd ref="9922059127"/>
    <nd ref="9922059128"/>
    <nd ref="9922059129"/>
    <nd ref="9922059130"/>
    <nd ref="9922059131"/>
    <nd ref="9922059132"/>
    <nd ref="9922059133"/>
    <nd ref="9922059134"/>
    <nd ref="9922059135"/>
    <nd ref="9922059136"/>
    <nd ref="9922059137"/>
    <nd ref="9922059138"/>
    <nd ref="9922059139"/>
    <nd ref="9922059140"/>
    <nd ref="9922059141"/>
    <nd ref="9922059142"/>
    <nd ref="9922059143"/>
    <nd ref="9922059144"/>
    <nd ref="9922059145"/>
    <nd ref="9922059146"/>
    <nd ref="9922059147"/>
    <nd ref="9922059148"/>
    <nd ref="9922059149"/>
    <nd ref="9922059150"/>
    <nd ref="9922059151"/>
    <tag k="highway" v="path"/>
    <tag k="surface" v="paved"/>
  </way>
  <way id="1082647939" version="1" timestamp="2022-07-31T09:31:37Z" changeset="124294228" uid="3816962" user="bking22">
    <nd ref="9922057561"/>
    <nd ref="9922057560"/>
    <nd ref="9922057559"/>
    <nd ref="9922057558"/>
    <nd ref="9922057557"/>
    <nd ref="9922057556"/>
    <nd ref="9922059152"/>
    <nd ref="9922059153"/>
    <nd ref="9922059154"/>
    <nd ref="9922059155"/>
    <nd ref="9922059156"/>
    <nd ref="9922059157"/>
    <nd ref="9922057551"/>
    <nd ref="9922059158"/>
    <nd ref="9922059159"/>
    <nd ref="9922059160"/>
    <nd ref="9922059161"/>
    <nd ref="9922059162"/>
    <nd ref="9922059163"/>
    <nd ref="9922059164"/>
    <nd ref="9922059165"/>
    <nd ref="9922059166"/>
    <nd ref="9922059167"/>
    <nd ref="9922059168"/>
    <nd ref="9922059169"/>
    <nd ref="9922059170"/>
    <nd ref="9922059171"/>
    <nd ref="9922059172"/>
    <nd ref="9922059173"/>
    <nd ref="9922059174"/>
    <nd ref="9922059175"/>
    <nd ref="9922059176"/>
    <nd ref="9922059177"/>
    <nd ref="9922059178"/>
    <nd ref="9922059179"/>
    <nd ref="9922059180"/>
    <nd ref="9922059181"/>
    <nd ref="9922059182"/>
    <nd ref="9922059183"/>
    <nd ref="9922059184"/>
    <nd ref="9922059185"/>
    <nd ref="9922059186"/>
    <nd ref="9922059187"/>
    <nd ref="9922059188"/>
    <nd ref="9922059189"/>
    <nd ref="9922059190"/>
    <nd ref="9922059191"/>
    <nd ref="9922059192"/>
    <nd ref="9922059193"/>
    <nd ref="9922059194"/>
    <nd ref="9922059195"/>
    <nd ref="9922059196"/>
    <nd ref="9922059197"/>
    <nd ref="9922059198"/>
    <nd ref="9922059199"/>
    <nd ref="9922059200"/>
    <nd ref="9922059201"/>
    <nd ref="9922057546"/>
    <nd ref="9922057545"/>
    <nd ref="9922057544"/>
    <nd ref="9922057543"/>
    <nd ref="9922057542"/>
    <nd ref="9922057541"/>
    <nd ref="9922057540"/>
    <nd ref="9922059202"/>
    <nd ref="9922059203"/>
    <nd ref="9922059204"/>
    <nd ref="9922059205"/>
    <nd ref="9922059206"/>
    <nd ref="9922059207"/>
    <nd ref="9922059208"/>
    <nd ref="9922059209"/>
    <nd ref="9922059210"/>
    <nd ref="9922059211"/>
    <nd ref="9922059212"/>
    <nd ref="9922059213"/>
    <nd ref="9922059214"/>
    <nd ref="9922059215"/>
    <nd ref="9922059216"/>
    <nd ref="9922059217"/>
    <nd ref="9922059218"/>
    <nd ref="9922059219"/>
    <nd ref="9922059220"/>
    <nd ref="9922059221"/>
    <nd ref="9922059222"/>
    <nd ref="9922059223"/>
    <nd ref="9922059224"/>
    <nd ref="9922059225"/>
    <nd ref="9922059226"/>
    <nd ref="9922059227"/>
    <nd ref="9922059228"/>
    <nd ref="9922059229"/>
    <nd ref="9922059230"/>
    <nd ref="9922059231"/>
    <nd ref="9922059232"/>
    <nd ref="9922059233"/>
    <nd ref="9922059234"/>
    <nd ref="9922059235"/>
    <nd ref="9922059236"/>
    <nd ref="9922059237"/>
    <nd ref="9922059238"/>
    <nd ref="9922059239"/>
    <nd ref="9922059240"/>
    <nd ref="9922059241"/>
    <nd ref="9922059242"/>
    <nd ref="9922059243"/>
    <nd ref="9922059244"/>
    <nd ref="9922059245"/>
    <nd ref="9922059246"/>
    <nd ref="9922059247"/>
    <nd ref="9922059248"/>
    <nd ref="9922059249"/>
    <nd ref="9922059250"/>
    <nd ref="9922059251"/>
    <nd ref="9922059252"/>
    <nd ref="9922059253"/>
    <nd ref="9922059254"/>
    <nd ref="9922059255"/>
    <nd ref="9922059256"/>
    <nd ref="9922059257"/>
    <nd ref="9922059258"/>
    <nd ref="9922059259"/>
    <nd ref="9922059260"/>
    <nd ref="9922059261"/>
    <nd ref="9922059262"/>
    <nd ref="9922059263"/>
    <nd ref="9922059264"/>
    <nd ref="9922059265"/>
    <nd ref="9922059266"/>
    <nd ref="9922059267"/>
    <nd ref="9922059268"/>
    <nd ref="9922059269"/>
    <nd ref="9922059270"/>
    <nd ref="9922059271"/>
    <nd ref="9922059272"/>
    <nd ref="9922059273"/>
    <nd ref="9922059274"/>
    <nd ref="9922059275"/>
    <nd ref="9922057564"/>
    <nd ref="9922057563"/>
    <nd ref="9922057562"/>
    <nd ref="9922057561"/>
    <tag k="natural" v="wood"/>
  </way>
  <way id="1082647940" version="1" timestamp="2022-07-31T09:31:37Z" changeset="124294228" uid="3816962" user="bking22">
    <nd ref="9922059276"/>
    <nd ref="9922059277"/>
    <nd ref="9922059278"/>
    <nd ref="9922059279"/>
    <nd ref="9922059276"/>
    <tag k="leisure" v="pitch"/>
    <tag k="sport" v="basketball"/>
  </way>
  <way id="1082647941" version="1" timestamp="2022-07-31T09:31:37Z" changeset="124294228" uid="3816962" user="bking22">
    <nd ref="9922059280"/>
    <nd ref="9922059281"/>
    <nd ref="9922059282"/>
    <nd ref="9922059283"/>
    <nd ref="9922059284"/>
    <nd ref="9922059285"/>
    <nd ref="9922059286"/>
    <nd ref="9922059287"/>
    <nd ref="9922059288"/>
    <nd ref="9922059289"/>
    <nd ref="9922059290"/>
    <nd ref="9922059291"/>
    <nd ref="9922059292"/>
    <nd ref="9922059293"/>
    <nd ref="9922059294"/>
    <nd ref="9922059295"/>
    <nd ref="9922059296"/>
    <nd ref="9922059297"/>
    <tag k="highway" v="path"/>
    <tag k="surface" v="unpaved"/>
  </way>
  <way id="1082647947" version="1" timestamp="2022-07-31T09:31:37Z" changeset="124294228" uid="3816962" user="bking22">
    <nd ref="9922059308"/>
    <nd ref="9922059353"/>
    <nd ref="9922059309"/>
    <tag k="highway" v="service"/>
    <tag k="service" v="driveway"/>
  </way>
  <way id="1082647948" version="1" timestamp="2022-07-31T09:31:37Z" changeset="124294228" uid="3816962" user="bking22">
    <nd ref="9922059310"/>
    <nd ref="9922059352"/>
    <nd ref="9922059311"/>
    <tag k="highway" v="service"/>
    <tag k="service" v="driveway"/>
  </way>
  <way id="1082647949" version="1" timestamp="2022-07-31T09:31:37Z" changeset="124294228" uid="3816962" user="bking22">
    <nd ref="9922059312"/>
    <nd ref="9922059351"/>
    <nd ref="9922059313"/>
    <tag k="highway" v="service"/>
    <tag k="service" v="driveway"/>
  </way>
  <way id="1082647950" version="1" timestamp="2022-07-31T09:31:37Z" changeset="124294228" uid="3816962" user="bking22">
    <nd ref="9922059314"/>
    <nd ref="9922059350"/>
    <nd ref="9922059315"/>
    <tag k="highway" v="service"/>
    <tag k="service" v="driveway"/>
  </way>
  <way id="1082647951" version="1" timestamp="2022-07-31T09:31:37Z" changeset="124294228" uid="3816962" user="bking22">
    <nd ref="9922059316"/>
    <nd ref="9922059349"/>
    <nd ref="9922059317"/>
    <tag k="highway" v="service"/>
    <tag k="service" v="driveway"/>
  </way>
  <way id="1082647952" version="1" timestamp="2022-07-31T09:31:37Z" changeset="124294228" uid="3816962" user="bking22">
    <nd ref="9922059318"/>
    <nd ref="9922059348"/>
    <nd ref="9922059319"/>
    <tag k="highway" v="service"/>
    <tag k="service" v="driveway"/>
  </way>
  <way id="1082647953" version="1" timestamp="2022-07-31T09:31:37Z" changeset="124294228" uid="3816962" user="bking22">
    <nd ref="9922059320"/>
    <nd ref="9922059347"/>
    <nd ref="9922059321"/>
    <tag k="highway" v="service"/>
    <tag k="service" v="driveway"/>
  </way>
  <way id="1082647954" version="1" timestamp="2022-07-31T09:31:37Z" changeset="124294228" uid="3816962" user="bking22">
    <nd ref="9922059322"/>
    <nd ref="9922059346"/>
    <nd ref="9922059323"/>
    <tag k="highway" v="service"/>
    <tag k="service" v="driveway"/>
  </way>
  <way id="1082647955" version="1" timestamp="2022-07-31T09:31:37Z" changeset="124294228" uid="3816962" user="bking22">
    <nd ref="9922059324"/>
    <nd ref="9922059345"/>
    <nd ref="9922059325"/>
    <tag k="highway" v="service"/>
    <tag k="service" v="driveway"/>
  </way>
  <way id="1082647956" version="1" timestamp="2022-07-31T09:31:37Z" changeset="124294228" uid="3816962" user="bking22">
    <nd ref="9922059326"/>
    <nd ref="9922059344"/>
    <nd ref="9922059327"/>
    <tag k="highway" v="service"/>
    <tag k="service" v="driveway"/>
  </way>
  <way id="1082647957" version="1" timestamp="2022-07-31T09:31:37Z" changeset="124294228" uid="3816962" user="bking22">
    <nd ref="9922059328"/>
    <nd ref="9922059343"/>
    <nd ref="9922059329"/>
    <tag k="highway" v="service"/>
    <tag k="service" v="driveway"/>
  </way>
  <way id="1082647958" version="1" timestamp="2022-07-31T09:31:37Z" changeset="124294228" uid="3816962" user="bking22">
    <nd ref="9922059330"/>
    <nd ref="9922059342"/>
    <nd ref="9922059331"/>
    <tag k="highway" v="service"/>
    <tag k="service" v="driveway"/>
  </way>
  <way id="1082647959" version="1" timestamp="2022-07-31T09:31:37Z" changeset="124294228" uid="3816962" user="bking22">
    <nd ref="9922059332"/>
    <nd ref="9922059095"/>
    <nd ref="9922059333"/>
    <tag k="highway" v="service"/>
    <tag k="service" v="driveway"/>
  </way>
  <way id="1082647960" version="1" timestamp="2022-07-31T09:31:37Z" changeset="124294228" uid="3816962" user="bking22">
    <nd ref="9922059334"/>
    <nd ref="9922059096"/>
    <nd ref="9922059335"/>
    <tag k="highway" v="service"/>
    <tag k="service" v="driveway"/>
  </way>
  <way id="1082647961" version="1" timestamp="2022-07-31T09:31:37Z" changeset="124294228" uid="3816962" user="bking22">
    <nd ref="9922059336"/>
    <nd ref="9922059341"/>
    <nd ref="9922059337"/>
    <tag k="highway" v="service"/>
    <tag k="service" v="driveway"/>
  </way>
  <way id="1082647962" version="1" timestamp="2022-07-31T09:31:37Z" changeset="124294228" uid="3816962" user="bking22">
    <nd ref="9922059338"/>
    <nd ref="9922059340"/>
    <nd ref="9922059339"/>
    <tag k="highway" v="service"/>
    <tag k="service" v="driveway"/>
  </way>
  <way id="1082647963" version="1" timestamp="2022-07-31T09:31:37Z" changeset="124294228" uid="3816962" user="bking22">
    <nd ref="9922059359"/>
    <nd ref="9922058413"/>
    <nd ref="9922059360"/>
    <tag k="highway" v="service"/>
    <tag k="service" v="driveway"/>
  </way>
  <way id="1082647964" version="1" timestamp="2022-07-31T09:31:37Z" changeset="124294228" uid="3816962" user="bking22">
    <nd ref="9922059361"/>
    <nd ref="9922059398"/>
    <nd ref="9922059362"/>
    <tag k="highway" v="service"/>
    <tag k="service" v="driveway"/>
  </way>
  <way id="1082647965" version="1" timestamp="2022-07-31T09:31:37Z" changeset="124294228" uid="3816962" user="bking22">
    <nd ref="9922059363"/>
    <nd ref="9922059399"/>
    <nd ref="9922059364"/>
    <tag k="highway" v="service"/>
    <tag k="service" v="driveway"/>
  </way>
  <way id="1082647966" version="1" timestamp="2022-07-31T09:31:37Z" changeset="124294228" uid="3816962" user="bking22">
    <nd ref="9922059365"/>
    <nd ref="9922059400"/>
    <nd ref="9922059366"/>
    <tag k="highway" v="service"/>
    <tag k="service" v="driveway"/>
  </way>
  <way id="1082647967" version="1" timestamp="2022-07-31T09:31:37Z" changeset="124294228" uid="3816962" user="bking22">
    <nd ref="9922059367"/>
    <nd ref="9922059401"/>
    <nd ref="9922059368"/>
    <tag k="highway" v="service"/>
    <tag k="service" v="driveway"/>
  </way>
  <way id="1082647968" version="1" timestamp="2022-07-31T09:31:37Z" changeset="124294228" uid="3816962" user="bking22">
    <nd ref="9922059369"/>
    <nd ref="9922059402"/>
    <nd ref="9922059370"/>
    <tag k="highway" v="service"/>
    <tag k="service" v="driveway"/>
  </way>
  <way id="1082647969" version="1" timestamp="2022-07-31T09:31:37Z" changeset="124294228" uid="3816962" user="bking22">
    <nd ref="9922059371"/>
    <nd ref="9922059403"/>
    <nd ref="9922059372"/>
    <tag k="highway" v="service"/>
    <tag k="service" v="driveway"/>
  </way>
  <way id="1082647970" version="1" timestamp="2022-07-31T09:31:37Z" changeset="124294228" uid="3816962" user="bking22">
    <nd ref="9922059373"/>
    <nd ref="9922059404"/>
    <nd ref="9922059374"/>
    <tag k="highway" v="service"/>
    <tag k="service" v="driveway"/>
  </way>
  <way id="1082647971" version="1" timestamp="2022-07-31T09:31:37Z" changeset="124294228" uid="3816962" user="bking22">
    <nd ref="9922059375"/>
    <nd ref="9922058424"/>
    <nd ref="9922059376"/>
    <tag k="highway" v="service"/>
    <tag k="service" v="driveway"/>
  </way>
  <way id="1082647972" version="1" timestamp="2022-07-31T09:31:37Z" changeset="124294228" uid="3816962" user="bking22">
    <nd ref="9922059377"/>
    <nd ref="9922059405"/>
    <nd ref="9922059378"/>
    <tag k="highway" v="service"/>
    <tag k="service" v="driveway"/>
  </way>
  <way id="1082647973" version="1" timestamp="2022-07-31T09:31:37Z" changeset="124294228" uid="3816962" user="bking22">
    <nd ref="9922059379"/>
    <nd ref="9922059406"/>
    <nd ref="9922059380"/>
    <tag k="highway" v="service"/>
    <tag k="service" v="driveway"/>
  </way>
  <way id="1082647974" version="1" timestamp="2022-07-31T09:31:37Z" changeset="124294228" uid="3816962" user="bking22">
    <nd ref="9922059381"/>
    <nd ref="9922058440"/>
    <nd ref="9922059382"/>
    <tag k="highway" v="service"/>
    <tag k="service" v="driveway"/>
  </way>
  <way id="1082647975" version="1" timestamp="2022-07-31T09:31:37Z" changeset="124294228" uid="3816962" user="bking22">
    <nd ref="9922059383"/>
    <nd ref="9922059409"/>
    <nd ref="9922059384"/>
    <tag k="highway" v="service"/>
    <tag k="service" v="driveway"/>
  </way>
  <way id="1082647976" version="1" timestamp="2022-07-31T09:31:37Z" changeset="124294228" uid="3816962" user="bking22">
    <nd ref="9922059385"/>
    <nd ref="9922059408"/>
    <nd ref="9922059386"/>
    <tag k="highway" v="service"/>
    <tag k="service" v="driveway"/>
  </way>
  <way id="1082647977" version="1" timestamp="2022-07-31T09:31:37Z" changeset="124294228" uid="3816962" user="bking22">
    <nd ref="9922059387"/>
    <nd ref="9922059407"/>
    <nd ref="9922059388"/>
    <tag k="highway" v="service"/>
    <tag k="service" v="driveway"/>
  </way>
  <way id="1082647978" version="1" timestamp="2022-07-31T09:31:37Z" changeset="124294228" uid="3816962" user="bking22">
    <nd ref="9922059389"/>
    <nd ref="9922059397"/>
    <nd ref="9922059390"/>
    <tag k="highway" v="service"/>
    <tag k="service" v="driveway"/>
  </way>
  <way id="1082647979" version="1" timestamp="2022-07-31T09:31:37Z" changeset="124294228" uid="3816962" user="bking22">
    <nd ref="9922059391"/>
    <nd ref="9922059396"/>
    <nd ref="9922059392"/>
    <tag k="highway" v="service"/>
    <tag k="service" v="driveway"/>
  </way>
  <way id="1082647980" version="1" timestamp="2022-07-31T09:31:37Z" changeset="124294228" uid="3816962" user="bking22">
    <nd ref="9922059393"/>
    <nd ref="9922059395"/>
    <nd ref="9922059394"/>
    <tag k="highway" v="service"/>
    <tag k="service" v="driveway"/>
  </way>
  <way id="1082647988" version="1" timestamp="2022-07-31T09:31:37Z" changeset="124294228" uid="3816962" user="bking22">
    <nd ref="9922059423"/>
    <nd ref="9922059424"/>
    <nd ref="9922059425"/>
    <nd ref="9922059426"/>
    <nd ref="9922059427"/>
    <nd ref="9922059428"/>
    <nd ref="9922059441"/>
    <nd ref="9922059429"/>
    <nd ref="9922059430"/>
    <nd ref="9922059431"/>
    <nd ref="9922059432"/>
    <nd ref="9922059433"/>
    <nd ref="9922059434"/>
    <nd ref="9922059446"/>
    <nd ref="9922059435"/>
    <nd ref="9922059436"/>
    <nd ref="9922059437"/>
    <nd ref="9922059438"/>
    <nd ref="9922059439"/>
    <nd ref="9922059440"/>
    <tag k="footway" v="sidewalk"/>
    <tag k="highway" v="footway"/>
  </way>
  <way id="1082647989" version="1" timestamp="2022-07-31T09:31:37Z" changeset="124294228" uid="3816962" user="bking22">
    <nd ref="9922059442"/>
    <nd ref="9922059437"/>
    <nd ref="9922059443"/>
    <tag k="highway" v="service"/>
    <tag k="service" v="driveway"/>
  </way>
  <way id="1082647991" version="1" timestamp="2022-07-31T09:31:37Z" changeset="124294228" uid="3816962" user="bking22">
    <nd ref="9922059447"/>
    <nd ref="9922059448"/>
    <nd ref="9922059449"/>
    <nd ref="9922059450"/>
    <nd ref="9922059451"/>
    <nd ref="9922059457"/>
    <nd ref="9922059452"/>
    <nd ref="9922059453"/>
    <nd ref="9922059454"/>
    <tag k="footway" v="sidewalk"/>
    <tag k="highway" v="footway"/>
  </way>
  <way id="1082647992" version="1" timestamp="2022-07-31T09:31:37Z" changeset="124294228" uid="3816962" user="bking22">
    <nd ref="9922059455"/>
    <nd ref="9922059457"/>
    <nd ref="9922059456"/>
    <tag k="highway" v="service"/>
    <tag k="service" v="driveway"/>
  </way>
  <way id="1082647997" version="1" timestamp="2022-07-31T09:31:37Z" changeset="124294228" uid="3816962" user="bking22">
    <nd ref="9922059467"/>
    <nd ref="9922059491"/>
    <nd ref="9922059468"/>
    <tag k="highway" v="service"/>
    <tag k="service" v="driveway"/>
  </way>
  <way id="1082647998" version="1" timestamp="2022-07-31T09:31:37Z" changeset="124294228" uid="3816962" user="bking22">
    <nd ref="9922059469"/>
    <nd ref="9922059490"/>
    <nd ref="9922059470"/>
    <tag k="highway" v="service"/>
    <tag k="service" v="driveway"/>
  </way>
  <way id="1082647999" version="1" timestamp="2022-07-31T09:31:37Z" changeset="124294228" uid="3816962" user="bking22">
    <nd ref="9922059471"/>
    <nd ref="8502373230"/>
    <nd ref="9922059472"/>
    <tag k="highway" v="service"/>
    <tag k="service" v="driveway"/>
  </way>
  <way id="1082648000" version="1" timestamp="2022-07-31T09:31:37Z" changeset="124294228" uid="3816962" user="bking22">
    <nd ref="9922059473"/>
    <nd ref="9922059489"/>
    <nd ref="9922059474"/>
    <tag k="highway" v="service"/>
    <tag k="service" v="driveway"/>
  </way>
  <way id="1082648001" version="1" timestamp="2022-07-31T09:31:37Z" changeset="124294228" uid="3816962" user="bking22">
    <nd ref="9922059475"/>
    <nd ref="9922059488"/>
    <nd ref="9922059476"/>
    <tag k="highway" v="service"/>
    <tag k="service" v="driveway"/>
  </way>
  <way id="1082648002" version="1" timestamp="2022-07-31T09:31:37Z" changeset="124294228" uid="3816962" user="bking22">
    <nd ref="9922059477"/>
    <nd ref="9922059487"/>
    <nd ref="9922059478"/>
    <tag k="highway" v="service"/>
    <tag k="service" v="driveway"/>
  </way>
  <way id="1082648003" version="1" timestamp="2022-07-31T09:31:37Z" changeset="124294228" uid="3816962" user="bking22">
    <nd ref="9922059479"/>
    <nd ref="9922059486"/>
    <nd ref="9922059480"/>
    <tag k="highway" v="service"/>
    <tag k="service" v="driveway"/>
  </way>
  <way id="1082648004" version="1" timestamp="2022-07-31T09:31:37Z" changeset="124294228" uid="3816962" user="bking22">
    <nd ref="9922059481"/>
    <nd ref="9922059485"/>
    <nd ref="9922059482"/>
    <tag k="highway" v="service"/>
    <tag k="service" v="driveway"/>
  </way>
  <way id="1112403167" version="1" timestamp="2022-11-11T23:51:53Z" changeset="128796863" uid="12497850" user="unikingr">
    <nd ref="10177406525"/>
    <nd ref="10177406526"/>
    <nd ref="10177406527"/>
    <nd ref="10177406528"/>
    <nd ref="10177406529"/>
    <nd ref="10177406530"/>
    <nd ref="10177406531"/>
    <nd ref="10177406532"/>
    <nd ref="10177406533"/>
    <nd ref="10177406534"/>
    <nd ref="10177406535"/>
    <nd ref="10177406536"/>
    <nd ref="10177406537"/>
    <nd ref="10177406538"/>
    <nd ref="10177406539"/>
    <nd ref="10177406540"/>
    <nd ref="10177406541"/>
    <nd ref="10177406542"/>
    <nd ref="10177406543"/>
    <nd ref="10177406544"/>
    <nd ref="10177406545"/>
    <nd ref="10177406546"/>
    <nd ref="10177406547"/>
    <nd ref="10177406548"/>
    <nd ref="10177406549"/>
    <nd ref="10177406550"/>
    <nd ref="10177406551"/>
    <nd ref="10177406552"/>
    <nd ref="10177406553"/>
    <nd ref="10177406554"/>
    <nd ref="10177406555"/>
    <nd ref="10177406556"/>
    <nd ref="10177406557"/>
    <nd ref="10177406558"/>
    <nd ref="10177406559"/>
    <nd ref="10177406560"/>
    <nd ref="10177406561"/>
    <nd ref="10177406562"/>
    <nd ref="10177406563"/>
    <nd ref="10177406564"/>
    <nd ref="10177406565"/>
    <nd ref="10177406566"/>
    <nd ref="10177406567"/>
    <nd ref="10177406568"/>
    <nd ref="10177406569"/>
    <nd ref="10177406570"/>
    <nd ref="10177406571"/>
    <nd ref="10177406572"/>
    <nd ref="10177406573"/>
    <nd ref="10177406574"/>
    <nd ref="10177406575"/>
    <nd ref="10177406576"/>
    <nd ref="10177406577"/>
    <nd ref="10177406578"/>
    <nd ref="10177406579"/>
    <nd ref="10177406580"/>
    <nd ref="10177406581"/>
    <nd ref="10177406582"/>
    <nd ref="10177406583"/>
    <nd ref="10177406584"/>
    <nd ref="10177406585"/>
    <nd ref="10177406586"/>
    <nd ref="10177406587"/>
    <nd ref="10177406588"/>
    <nd ref="10177406589"/>
    <nd ref="10177406590"/>
    <nd ref="10177406591"/>
    <nd ref="10177406592"/>
    <nd ref="10177406593"/>
    <nd ref="10177406594"/>
    <nd ref="10177406595"/>
    <nd ref="10177406596"/>
    <nd ref="10177406597"/>
    <nd ref="10177406598"/>
    <nd ref="10177406599"/>
    <nd ref="10177406600"/>
    <nd ref="10177406601"/>
    <nd ref="10177406602"/>
    <nd ref="10177406603"/>
    <nd ref="10177406604"/>
    <nd ref="10177406605"/>
    <nd ref="10177406606"/>
    <nd ref="10177406525"/>
    <tag k="landuse" v="meadow"/>
  </way>

</osm>
